0,0,GGGGGGGggGGGGGGGGgrrrrrGr,5.0
5,1,GGGGGGGggGGGGGGGGgrrrrrrr,10.0
10,2,yyyyyyyyyyyyyyyyyyrrrrrrr,13.0
15,3,rrrrrrrrrrrrrrrrrrGGGGGGG,18.0
20,4,rrrrrrrrrrrrrrrrrrrrrrrrr,23.0
25,0,GGGGGGGggGGGGGGGGgrrrrrGr,28.0
30,1,GGGGGGGggGGGGGGGGgrrrrrrr,33.0
35,2,yyyyyyyyyyyyyyyyyyrrrrrrr,36.0
40,3,rrrrrrrrrrrrrrrrrrGGGGGGG,41.0
45,4,rrrrrrrrrrrrrrrrrrrrrrrrr,46.0
50,0,GGGGGGGggGGGGGGGGgrrrrrGr,51.0
55,0,GGGGGGGggGGGGGGGGgrrrrrGr,56.0
60,0,GGGGGGGggGGGGGGGGgrrrrrGr,62.0
65,0,GGGGGGGggGGGGGGGGgrrrrrGr,66.0
70,1,GGGGGGGggGGGGGGGGgrrrrrrr,72.0
75,3,rrrrrrrrrrrrrrrrrrGGGGGGG,80.0
80,4,rrrrrrrrrrrrrrrrrrrrrrrrr,85.0
85,0,GGGGGGGggGGGGGGGGgrrrrrGr,90.0
90,1,GGGGGGGggGGGGGGGGgrrrrrrr,95.0
95,2,yyyyyyyyyyyyyyyyyyrrrrrrr,98.0
100,3,rrrrrrrrrrrrrrrrrrGGGGGGG,103.0
105,4,rrrrrrrrrrrrrrrrrrrrrrrrr,108.0
110,0,GGGGGGGggGGGGGGGGgrrrrrGr,113.0
115,0,GGGGGGGggGGGGGGGGgrrrrrGr,117.0
120,0,GGGGGGGggGGGGGGGGgrrrrrGr,121.0
125,1,GGGGGGGggGGGGGGGGgrrrrrrr,127.0
130,3,rrrrrrrrrrrrrrrrrrGGGGGGG,135.0
135,4,rrrrrrrrrrrrrrrrrrrrrrrrr,140.0
140,0,GGGGGGGggGGGGGGGGgrrrrrGr,145.0
145,0,GGGGGGGggGGGGGGGGgrrrrrGr,146.0
150,1,GGGGGGGggGGGGGGGGgrrrrrrr,155.0
155,2,yyyyyyyyyyyyyyyyyyrrrrrrr,158.0
160,3,rrrrrrrrrrrrrrrrrrGGGGGGG,163.0
165,4,rrrrrrrrrrrrrrrrrrrrrrrrr,168.0
170,0,GGGGGGGggGGGGGGGGgrrrrrGr,173.0
175,0,GGGGGGGggGGGGGGGGgrrrrrGr,176.0
180,1,GGGGGGGggGGGGGGGGgrrrrrrr,182.0
185,3,rrrrrrrrrrrrrrrrrrGGGGGGG,190.0
190,4,rrrrrrrrrrrrrrrrrrrrrrrrr,195.0
195,0,GGGGGGGggGGGGGGGGgrrrrrGr,200.0
200,0,GGGGGGGggGGGGGGGGgrrrrrGr,202.0
205,0,GGGGGGGggGGGGGGGGgrrrrrGr,206.0
210,0,GGGGGGGggGGGGGGGGgrrrrrGr,211.0
215,1,GGGGGGGggGGGGGGGGgrrrrrrr,217.0
220,3,rrrrrrrrrrrrrrrrrrGGGGGGG,225.0
225,4,rrrrrrrrrrrrrrrrrrrrrrrrr,230.0
230,0,GGGGGGGggGGGGGGGGgrrrrrGr,235.0
235,0,GGGGGGGggGGGGGGGGgrrrrrGr,237.0
240,0,GGGGGGGggGGGGGGGGgrrrrrGr,241.0
245,1,GGGGGGGggGGGGGGGGgrrrrrrr,246.0
250,3,rrrrrrrrrrrrrrrrrrGGGGGGG,254.0
255,4,rrrrrrrrrrrrrrrrrrrrrrrrr,259.0
260,0,GGGGGGGggGGGGGGGGgrrrrrGr,264.0
265,0,GGGGGGGggGGGGGGGGgrrrrrGr,266.0
270,1,GGGGGGGggGGGGGGGGgrrrrrrr,271.0
275,3,rrrrrrrrrrrrrrrrrrGGGGGGG,279.0
280,4,rrrrrrrrrrrrrrrrrrrrrrrrr,284.0
285,0,GGGGGGGggGGGGGGGGgrrrrrGr,289.0
290,0,GGGGGGGggGGGGGGGGgrrrrrGr,292.0
295,1,GGGGGGGggGGGGGGGGgrrrrrrr,298.0
300,2,yyyyyyyyyyyyyyyyyyrrrrrrr,301.0
305,3,rrrrrrrrrrrrrrrrrrGGGGGGG,306.0
310,4,rrrrrrrrrrrrrrrrrrrrrrrrr,311.0
315,0,GGGGGGGggGGGGGGGGgrrrrrGr,316.0
320,0,GGGGGGGggGGGGGGGGgrrrrrGr,322.0
325,1,GGGGGGGggGGGGGGGGgrrrrrrr,328.0
330,2,yyyyyyyyyyyyyyyyyyrrrrrrr,331.0
335,3,rrrrrrrrrrrrrrrrrrGGGGGGG,336.0
340,4,rrrrrrrrrrrrrrrrrrrrrrrrr,341.0
345,0,GGGGGGGggGGGGGGGGgrrrrrGr,346.0
350,0,GGGGGGGggGGGGGGGGgrrrrrGr,351.0
355,0,GGGGGGGggGGGGGGGGgrrrrrGr,357.0
360,0,GGGGGGGggGGGGGGGGgrrrrrGr,361.0
365,1,GGGGGGGggGGGGGGGGgrrrrrrr,366.0
370,3,rrrrrrrrrrrrrrrrrrGGGGGGG,374.0
375,4,rrrrrrrrrrrrrrrrrrrrrrrrr,379.0
380,0,GGGGGGGggGGGGGGGGgrrrrrGr,384.0
385,1,GGGGGGGggGGGGGGGGgrrrrrrr,390.0
390,2,yyyyyyyyyyyyyyyyyyrrrrrrr,393.0
395,3,rrrrrrrrrrrrrrrrrrGGGGGGG,398.0
400,4,rrrrrrrrrrrrrrrrrrrrrrrrr,403.0
405,0,GGGGGGGggGGGGGGGGgrrrrrGr,408.0
410,1,GGGGGGGggGGGGGGGGgrrrrrrr,413.0
415,2,yyyyyyyyyyyyyyyyyyrrrrrrr,416.0
420,3,rrrrrrrrrrrrrrrrrrGGGGGGG,421.0
425,4,rrrrrrrrrrrrrrrrrrrrrrrrr,426.0
430,0,GGGGGGGggGGGGGGGGgrrrrrGr,431.0
435,1,GGGGGGGggGGGGGGGGgrrrrrrr,436.0
440,3,rrrrrrrrrrrrrrrrrrGGGGGGG,444.0
445,4,rrrrrrrrrrrrrrrrrrrrrrrrr,449.0
450,0,GGGGGGGggGGGGGGGGgrrrrrGr,454.0
455,1,GGGGGGGggGGGGGGGGgrrrrrrr,459.0
460,2,yyyyyyyyyyyyyyyyyyrrrrrrr,462.0
465,3,rrrrrrrrrrrrrrrrrrGGGGGGG,467.0
470,4,rrrrrrrrrrrrrrrrrrrrrrrrr,472.0
475,0,GGGGGGGggGGGGGGGGgrrrrrGr,477.0
480,0,GGGGGGGggGGGGGGGGgrrrrrGr,481.0
485,0,GGGGGGGggGGGGGGGGgrrrrrGr,486.0
490,1,GGGGGGGggGGGGGGGGgrrrrrrr,491.0
495,3,rrrrrrrrrrrrrrrrrrGGGGGGG,499.0
500,4,rrrrrrrrrrrrrrrrrrrrrrrrr,504.0
505,0,GGGGGGGggGGGGGGGGgrrrrrGr,509.0
510,0,GGGGGGGggGGGGGGGGgrrrrrGr,511.0
515,1,GGGGGGGggGGGGGGGGgrrrrrrr,516.0
520,3,rrrrrrrrrrrrrrrrrrGGGGGGG,524.0
525,4,rrrrrrrrrrrrrrrrrrrrrrrrr,529.0
530,0,GGGGGGGggGGGGGGGGgrrrrrGr,534.0
535,0,GGGGGGGggGGGGGGGGgrrrrrGr,536.0
540,1,GGGGGGGggGGGGGGGGgrrrrrrr,541.0
545,3,rrrrrrrrrrrrrrrrrrGGGGGGG,549.0
550,4,rrrrrrrrrrrrrrrrrrrrrrrrr,554.0
555,0,GGGGGGGggGGGGGGGGgrrrrrGr,559.0
560,0,GGGGGGGggGGGGGGGGgrrrrrGr,562.0
565,0,GGGGGGGggGGGGGGGGgrrrrrGr,566.0
570,0,GGGGGGGggGGGGGGGGgrrrrrGr,572.0
575,1,GGGGGGGggGGGGGGGGgrrrrrrr,579.0
580,2,yyyyyyyyyyyyyyyyyyrrrrrrr,582.0
585,3,rrrrrrrrrrrrrrrrrrGGGGGGG,587.0
590,4,rrrrrrrrrrrrrrrrrrrrrrrrr,592.0
595,0,GGGGGGGggGGGGGGGGgrrrrrGr,597.0
600,0,GGGGGGGggGGGGGGGGgrrrrrGr,601.0
605,0,GGGGGGGggGGGGGGGGgrrrrrGr,606.0
610,0,GGGGGGGggGGGGGGGGgrrrrrGr,611.0
615,0,GGGGGGGggGGGGGGGGgrrrrrGr,616.0
620,0,GGGGGGGggGGGGGGGGgrrrrrGr,621.0
625,0,GGGGGGGggGGGGGGGGgrrrrrGr,627.0
630,0,GGGGGGGggGGGGGGGGgrrrrrGr,631.0
635,1,GGGGGGGggGGGGGGGGgrrrrrrr,640.0
640,2,yyyyyyyyyyyyyyyyyyrrrrrrr,643.0
645,3,rrrrrrrrrrrrrrrrrrGGGGGGG,648.0
650,4,rrrrrrrrrrrrrrrrrrrrrrrrr,653.0
655,0,GGGGGGGggGGGGGGGGgrrrrrGr,658.0
660,1,GGGGGGGggGGGGGGGGgrrrrrrr,664.0
665,2,yyyyyyyyyyyyyyyyyyrrrrrrr,667.0
670,3,rrrrrrrrrrrrrrrrrrGGGGGGG,672.0
675,4,rrrrrrrrrrrrrrrrrrrrrrrrr,677.0
680,0,GGGGGGGggGGGGGGGGgrrrrrGr,682.0
685,0,GGGGGGGggGGGGGGGGgrrrrrGr,686.0
690,1,GGGGGGGggGGGGGGGGgrrrrrrr,693.0
695,2,yyyyyyyyyyyyyyyyyyrrrrrrr,696.0
700,3,rrrrrrrrrrrrrrrrrrGGGGGGG,701.0
705,4,rrrrrrrrrrrrrrrrrrrrrrrrr,706.0
710,0,GGGGGGGggGGGGGGGGgrrrrrGr,711.0
715,0,GGGGGGGggGGGGGGGGgrrrrrGr,717.0
720,0,GGGGGGGggGGGGGGGGgrrrrrGr,722.0
725,0,GGGGGGGggGGGGGGGGgrrrrrGr,726.0
730,1,GGGGGGGggGGGGGGGGgrrrrrrr,732.0
735,3,rrrrrrrrrrrrrrrrrrGGGGGGG,740.0
740,4,rrrrrrrrrrrrrrrrrrrrrrrrr,745.0
745,0,GGGGGGGggGGGGGGGGgrrrrrGr,750.0
750,0,GGGGGGGggGGGGGGGGgrrrrrGr,752.0
755,1,GGGGGGGggGGGGGGGGgrrrrrrr,759.0
760,2,yyyyyyyyyyyyyyyyyyrrrrrrr,762.0
765,3,rrrrrrrrrrrrrrrrrrGGGGGGG,767.0
770,4,rrrrrrrrrrrrrrrrrrrrrrrrr,772.0
775,0,GGGGGGGggGGGGGGGGgrrrrrGr,777.0
780,1,GGGGGGGggGGGGGGGGgrrrrrrr,782.0
785,3,rrrrrrrrrrrrrrrrrrGGGGGGG,790.0
790,4,rrrrrrrrrrrrrrrrrrrrrrrrr,795.0
795,0,GGGGGGGggGGGGGGGGgrrrrrGr,800.0
800,0,GGGGGGGggGGGGGGGGgrrrrrGr,802.0
805,0,GGGGGGGggGGGGGGGGgrrrrrGr,807.0
810,0,GGGGGGGggGGGGGGGGgrrrrrGr,811.0
815,1,GGGGGGGggGGGGGGGGgrrrrrrr,818.0
820,2,yyyyyyyyyyyyyyyyyyrrrrrrr,821.0
825,3,rrrrrrrrrrrrrrrrrrGGGGGGG,826.0
830,4,rrrrrrrrrrrrrrrrrrrrrrrrr,831.0
835,0,GGGGGGGggGGGGGGGGgrrrrrGr,836.0
840,1,GGGGGGGggGGGGGGGGgrrrrrrr,841.0
845,3,rrrrrrrrrrrrrrrrrrGGGGGGG,849.0
850,4,rrrrrrrrrrrrrrrrrrrrrrrrr,854.0
855,0,GGGGGGGggGGGGGGGGgrrrrrGr,859.0
860,0,GGGGGGGggGGGGGGGGgrrrrrGr,861.0
865,1,GGGGGGGggGGGGGGGGgrrrrrrr,868.0
870,2,yyyyyyyyyyyyyyyyyyrrrrrrr,871.0
875,3,rrrrrrrrrrrrrrrrrrGGGGGGG,876.0
880,4,rrrrrrrrrrrrrrrrrrrrrrrrr,881.0
885,0,GGGGGGGggGGGGGGGGgrrrrrGr,886.0
890,1,GGGGGGGggGGGGGGGGgrrrrrrr,893.0
895,2,yyyyyyyyyyyyyyyyyyrrrrrrr,896.0
900,3,rrrrrrrrrrrrrrrrrrGGGGGGG,901.0
905,4,rrrrrrrrrrrrrrrrrrrrrrrrr,906.0
910,0,GGGGGGGggGGGGGGGGgrrrrrGr,911.0
915,0,GGGGGGGggGGGGGGGGgrrrrrGr,916.0
920,1,GGGGGGGggGGGGGGGGgrrrrrrr,925.0
925,2,yyyyyyyyyyyyyyyyyyrrrrrrr,928.0
930,3,rrrrrrrrrrrrrrrrrrGGGGGGG,933.0
935,4,rrrrrrrrrrrrrrrrrrrrrrrrr,938.0
940,0,GGGGGGGggGGGGGGGGgrrrrrGr,943.0
945,0,GGGGGGGggGGGGGGGGgrrrrrGr,947.0
950,1,GGGGGGGggGGGGGGGGgrrrrrrr,954.0
955,2,yyyyyyyyyyyyyyyyyyrrrrrrr,957.0
960,3,rrrrrrrrrrrrrrrrrrGGGGGGG,962.0
965,4,rrrrrrrrrrrrrrrrrrrrrrrrr,967.0
970,0,GGGGGGGggGGGGGGGGgrrrrrGr,972.0
975,0,GGGGGGGggGGGGGGGGgrrrrrGr,977.0
980,0,GGGGGGGggGGGGGGGGgrrrrrGr,981.0
985,1,GGGGGGGggGGGGGGGGgrrrrrrr,987.0
990,3,rrrrrrrrrrrrrrrrrrGGGGGGG,995.0
995,4,rrrrrrrrrrrrrrrrrrrrrrrrr,1000.0
1000,0,GGGGGGGggGGGGGGGGgrrrrrGr,1005.0
1005,0,GGGGGGGggGGGGGGGGgrrrrrGr,1007.0
1010,0,GGGGGGGggGGGGGGGGgrrrrrGr,1011.0
1015,1,GGGGGGGggGGGGGGGGgrrrrrrr,1017.0
1020,3,rrrrrrrrrrrrrrrrrrGGGGGGG,1025.0
1025,4,rrrrrrrrrrrrrrrrrrrrrrrrr,1030.0
1030,0,GGGGGGGggGGGGGGGGgrrrrrGr,1035.0
1035,0,GGGGGGGggGGGGGGGGgrrrrrGr,1036.0
1040,0,GGGGGGGggGGGGGGGGgrrrrrGr,1042.0
1045,0,GGGGGGGggGGGGGGGGgrrrrrGr,1047.0
1050,0,GGGGGGGggGGGGGGGGgrrrrrGr,1051.0
1055,0,GGGGGGGggGGGGGGGGgrrrrrGr,1056.0
1060,0,GGGGGGGggGGGGGGGGgrrrrrGr,1061.0
1065,0,GGGGGGGggGGGGGGGGgrrrrrGr,1066.0
1070,0,GGGGGGGggGGGGGGGGgrrrrrGr,1071.0
1075,0,GGGGGGGggGGGGGGGGgrrrrrGr,1076.0
1080,1,GGGGGGGggGGGGGGGGgrrrrrrr,1083.0
1085,2,yyyyyyyyyyyyyyyyyyrrrrrrr,1086.0
1090,3,rrrrrrrrrrrrrrrrrrGGGGGGG,1091.0
1095,4,rrrrrrrrrrrrrrrrrrrrrrrrr,1096.0
1100,0,GGGGGGGggGGGGGGGGgrrrrrGr,1101.0
1105,1,GGGGGGGggGGGGGGGGgrrrrrrr,1106.0
1110,3,rrrrrrrrrrrrrrrrrrGGGGGGG,1114.0
1115,4,rrrrrrrrrrrrrrrrrrrrrrrrr,1119.0
1120,0,GGGGGGGggGGGGGGGGgrrrrrGr,1124.0
1125,0,GGGGGGGggGGGGGGGGgrrrrrGr,1126.0
1130,1,GGGGGGGggGGGGGGGGgrrrrrrr,1134.0
1135,2,yyyyyyyyyyyyyyyyyyrrrrrrr,1137.0
1140,3,rrrrrrrrrrrrrrrrrrGGGGGGG,1142.0
1145,4,rrrrrrrrrrrrrrrrrrrrrrrrr,1147.0
1150,0,GGGGGGGggGGGGGGGGgrrrrrGr,1152.0
1155,0,GGGGGGGggGGGGGGGGgrrrrrGr,1156.0
1160,1,GGGGGGGggGGGGGGGGgrrrrrrr,1161.0
1165,3,rrrrrrrrrrrrrrrrrrGGGGGGG,1169.0
1170,4,rrrrrrrrrrrrrrrrrrrrrrrrr,1174.0
1175,0,GGGGGGGggGGGGGGGGgrrrrrGr,1179.0
1180,0,GGGGGGGggGGGGGGGGgrrrrrGr,1182.0
1185,1,GGGGGGGggGGGGGGGGgrrrrrrr,1189.0
1190,2,yyyyyyyyyyyyyyyyyyrrrrrrr,1192.0
1195,3,rrrrrrrrrrrrrrrrrrGGGGGGG,1197.0
1200,4,rrrrrrrrrrrrrrrrrrrrrrrrr,1202.0
1205,0,GGGGGGGggGGGGGGGGgrrrrrGr,1207.0
1210,1,GGGGGGGggGGGGGGGGgrrrrrrr,1212.0
1215,3,rrrrrrrrrrrrrrrrrrGGGGGGG,1220.0
1220,4,rrrrrrrrrrrrrrrrrrrrrrrrr,1225.0
1225,0,GGGGGGGggGGGGGGGGgrrrrrGr,1230.0
1230,0,GGGGGGGggGGGGGGGGgrrrrrGr,1232.0
1235,0,GGGGGGGggGGGGGGGGgrrrrrGr,1236.0
1240,0,GGGGGGGggGGGGGGGGgrrrrrGr,1242.0
1245,0,GGGGGGGggGGGGGGGGgrrrrrGr,1247.0
1250,0,GGGGGGGggGGGGGGGGgrrrrrGr,1252.0
1255,0,GGGGGGGggGGGGGGGGgrrrrrGr,1256.0
1260,0,GGGGGGGggGGGGGGGGgrrrrrGr,1261.0
1265,1,GGGGGGGggGGGGGGGGgrrrrrrr,1267.0
1270,3,rrrrrrrrrrrrrrrrrrGGGGGGG,1275.0
1275,4,rrrrrrrrrrrrrrrrrrrrrrrrr,1280.0
1280,0,GGGGGGGggGGGGGGGGgrrrrrGr,1285.0
1285,1,GGGGGGGggGGGGGGGGgrrrrrrr,1290.0
1290,2,yyyyyyyyyyyyyyyyyyrrrrrrr,1293.0
1295,3,rrrrrrrrrrrrrrrrrrGGGGGGG,1298.0
1300,4,rrrrrrrrrrrrrrrrrrrrrrrrr,1303.0
1305,0,GGGGGGGggGGGGGGGGgrrrrrGr,1308.0
1310,1,GGGGGGGggGGGGGGGGgrrrrrrr,1315.0
1315,2,yyyyyyyyyyyyyyyyyyrrrrrrr,1318.0
1320,3,rrrrrrrrrrrrrrrrrrGGGGGGG,1323.0
1325,4,rrrrrrrrrrrrrrrrrrrrrrrrr,1328.0
1330,0,GGGGGGGggGGGGGGGGgrrrrrGr,1333.0
1335,0,GGGGGGGggGGGGGGGGgrrrrrGr,1336.0
1340,0,GGGGGGGggGGGGGGGGgrrrrrGr,1341.0
1345,0,GGGGGGGggGGGGGGGGgrrrrrGr,1346.0
1350,0,GGGGGGGggGGGGGGGGgrrrrrGr,1351.0
1355,1,GGGGGGGggGGGGGGGGgrrrrrrr,1357.0
1360,3,rrrrrrrrrrrrrrrrrrGGGGGGG,1365.0
1365,4,rrrrrrrrrrrrrrrrrrrrrrrrr,1370.0
1370,0,GGGGGGGggGGGGGGGGgrrrrrGr,1375.0
1375,0,GGGGGGGggGGGGGGGGgrrrrrGr,1376.0
1380,1,GGGGGGGggGGGGGGGGgrrrrrrr,1382.0
1385,3,rrrrrrrrrrrrrrrrrrGGGGGGG,1390.0
1390,4,rrrrrrrrrrrrrrrrrrrrrrrrr,1395.0
1395,0,GGGGGGGggGGGGGGGGgrrrrrGr,1400.0
1400,0,GGGGGGGggGGGGGGGGgrrrrrGr,1402.0
1405,0,GGGGGGGggGGGGGGGGgrrrrrGr,1406.0
1410,1,GGGGGGGggGGGGGGGGgrrrrrrr,1413.0
1415,2,yyyyyyyyyyyyyyyyyyrrrrrrr,1416.0
1420,3,rrrrrrrrrrrrrrrrrrGGGGGGG,1421.0
1425,4,rrrrrrrrrrrrrrrrrrrrrrrrr,1426.0
1430,0,GGGGGGGggGGGGGGGGgrrrrrGr,1431.0
1435,0,GGGGGGGggGGGGGGGGgrrrrrGr,1436.0
1440,1,GGGGGGGggGGGGGGGGgrrrrrrr,1442.0
1445,3,rrrrrrrrrrrrrrrrrrGGGGGGG,1450.0
1450,4,rrrrrrrrrrrrrrrrrrrrrrrrr,1455.0
1455,0,GGGGGGGggGGGGGGGGgrrrrrGr,1460.0
1460,0,GGGGGGGggGGGGGGGGgrrrrrGr,1461.0
1465,0,GGGGGGGggGGGGGGGGgrrrrrGr,1467.0
1470,0,GGGGGGGggGGGGGGGGgrrrrrGr,1471.0
1475,0,GGGGGGGggGGGGGGGGgrrrrrGr,1476.0
1480,1,GGGGGGGggGGGGGGGGgrrrrrrr,1481.0
1485,3,rrrrrrrrrrrrrrrrrrGGGGGGG,1489.0
1490,4,rrrrrrrrrrrrrrrrrrrrrrrrr,1494.0
1495,0,GGGGGGGggGGGGGGGGgrrrrrGr,1499.0
1500,0,GGGGGGGggGGGGGGGGgrrrrrGr,1501.0
1505,0,GGGGGGGggGGGGGGGGgrrrrrGr,1507.0
1510,0,GGGGGGGggGGGGGGGGgrrrrrGr,1511.0
1515,0,GGGGGGGggGGGGGGGGgrrrrrGr,1517.0
1520,1,GGGGGGGggGGGGGGGGgrrrrrrr,1523.0
1525,2,yyyyyyyyyyyyyyyyyyrrrrrrr,1526.0
1530,3,rrrrrrrrrrrrrrrrrrGGGGGGG,1531.0
1535,4,rrrrrrrrrrrrrrrrrrrrrrrrr,1536.0
1540,0,GGGGGGGggGGGGGGGGgrrrrrGr,1541.0
1545,0,GGGGGGGggGGGGGGGGgrrrrrGr,1547.0
1550,0,GGGGGGGggGGGGGGGGgrrrrrGr,1551.0
1555,0,GGGGGGGggGGGGGGGGgrrrrrGr,1557.0
1560,0,GGGGGGGggGGGGGGGGgrrrrrGr,1561.0
1565,0,GGGGGGGggGGGGGGGGgrrrrrGr,1567.0
1570,0,GGGGGGGggGGGGGGGGgrrrrrGr,1571.0
1575,0,GGGGGGGggGGGGGGGGgrrrrrGr,1577.0
1580,0,GGGGGGGggGGGGGGGGgrrrrrGr,1581.0
1585,0,GGGGGGGggGGGGGGGGgrrrrrGr,1586.0
1590,1,GGGGGGGggGGGGGGGGgrrrrrrr,1591.0
1595,3,rrrrrrrrrrrrrrrrrrGGGGGGG,1599.0
1600,4,rrrrrrrrrrrrrrrrrrrrrrrrr,1604.0
1605,0,GGGGGGGggGGGGGGGGgrrrrrGr,1609.0
1610,0,GGGGGGGggGGGGGGGGgrrrrrGr,1611.0
1615,0,GGGGGGGggGGGGGGGGgrrrrrGr,1617.0
1620,0,GGGGGGGggGGGGGGGGgrrrrrGr,1621.0
1625,0,GGGGGGGggGGGGGGGGgrrrrrGr,1626.0
1630,0,GGGGGGGggGGGGGGGGgrrrrrGr,1632.0
1635,0,GGGGGGGggGGGGGGGGgrrrrrGr,1637.0
1640,1,GGGGGGGggGGGGGGGGgrrrrrrr,1644.0
1645,2,yyyyyyyyyyyyyyyyyyrrrrrrr,1647.0
1650,3,rrrrrrrrrrrrrrrrrrGGGGGGG,1652.0
1655,4,rrrrrrrrrrrrrrrrrrrrrrrrr,1657.0
1660,0,GGGGGGGggGGGGGGGGgrrrrrGr,1662.0
1665,0,GGGGGGGggGGGGGGGGgrrrrrGr,1666.0
1670,1,GGGGGGGggGGGGGGGGgrrrrrrr,1673.0
1675,2,yyyyyyyyyyyyyyyyyyrrrrrrr,1676.0
1680,3,rrrrrrrrrrrrrrrrrrGGGGGGG,1681.0
1685,4,rrrrrrrrrrrrrrrrrrrrrrrrr,1686.0
1690,0,GGGGGGGggGGGGGGGGgrrrrrGr,1691.0
1695,0,GGGGGGGggGGGGGGGGgrrrrrGr,1697.0
1700,0,GGGGGGGggGGGGGGGGgrrrrrGr,1701.0
1705,0,GGGGGGGggGGGGGGGGgrrrrrGr,1706.0
1710,1,GGGGGGGggGGGGGGGGgrrrrrrr,1712.0
1715,3,rrrrrrrrrrrrrrrrrrGGGGGGG,1720.0
1720,4,rrrrrrrrrrrrrrrrrrrrrrrrr,1725.0
1725,0,GGGGGGGggGGGGGGGGgrrrrrGr,1730.0
1730,1,GGGGGGGggGGGGGGGGgrrrrrrr,1735.0
1735,2,yyyyyyyyyyyyyyyyyyrrrrrrr,1738.0
1740,3,rrrrrrrrrrrrrrrrrrGGGGGGG,1743.0
1745,4,rrrrrrrrrrrrrrrrrrrrrrrrr,1748.0
1750,0,GGGGGGGggGGGGGGGGgrrrrrGr,1753.0
1755,1,GGGGGGGggGGGGGGGGgrrrrrrr,1760.0
1760,2,yyyyyyyyyyyyyyyyyyrrrrrrr,1763.0
1765,3,rrrrrrrrrrrrrrrrrrGGGGGGG,1768.0
1770,4,rrrrrrrrrrrrrrrrrrrrrrrrr,1773.0
1775,0,GGGGGGGggGGGGGGGGgrrrrrGr,1778.0
1780,1,GGGGGGGggGGGGGGGGgrrrrrrr,1785.0
1785,2,yyyyyyyyyyyyyyyyyyrrrrrrr,1788.0
1790,3,rrrrrrrrrrrrrrrrrrGGGGGGG,1793.0
1795,4,rrrrrrrrrrrrrrrrrrrrrrrrr,1798.0
1800,0,GGGGGGGggGGGGGGGGgrrrrrGr,1803.0
1805,1,GGGGGGGggGGGGGGGGgrrrrrrr,1808.0
1810,2,yyyyyyyyyyyyyyyyyyrrrrrrr,1811.0
1815,3,rrrrrrrrrrrrrrrrrrGGGGGGG,1816.0
1820,4,rrrrrrrrrrrrrrrrrrrrrrrrr,1821.0
1825,0,GGGGGGGggGGGGGGGGgrrrrrGr,1826.0
1830,1,GGGGGGGggGGGGGGGGgrrrrrrr,1834.0
1835,2,yyyyyyyyyyyyyyyyyyrrrrrrr,1837.0
1840,3,rrrrrrrrrrrrrrrrrrGGGGGGG,1842.0
1845,4,rrrrrrrrrrrrrrrrrrrrrrrrr,1847.0
1850,0,GGGGGGGggGGGGGGGGgrrrrrGr,1852.0
1855,0,GGGGGGGggGGGGGGGGgrrrrrGr,1857.0
1860,0,GGGGGGGggGGGGGGGGgrrrrrGr,1861.0
1865,0,GGGGGGGggGGGGGGGGgrrrrrGr,1866.0
1870,1,GGGGGGGggGGGGGGGGgrrrrrrr,1875.0
1875,2,yyyyyyyyyyyyyyyyyyrrrrrrr,1878.0
1880,3,rrrrrrrrrrrrrrrrrrGGGGGGG,1883.0
1885,4,rrrrrrrrrrrrrrrrrrrrrrrrr,1888.0
1890,0,GGGGGGGggGGGGGGGGgrrrrrGr,1893.0
1895,0,GGGGGGGggGGGGGGGGgrrrrrGr,1897.0
1900,0,GGGGGGGggGGGGGGGGgrrrrrGr,1902.0
1905,0,GGGGGGGggGGGGGGGGgrrrrrGr,1906.0
1910,1,GGGGGGGggGGGGGGGGgrrrrrrr,1912.0
1915,3,rrrrrrrrrrrrrrrrrrGGGGGGG,1920.0
1920,4,rrrrrrrrrrrrrrrrrrrrrrrrr,1925.0
1925,0,GGGGGGGggGGGGGGGGgrrrrrGr,1930.0
1930,0,GGGGGGGggGGGGGGGGgrrrrrGr,1932.0
1935,1,GGGGGGGggGGGGGGGGgrrrrrrr,1938.0
1940,2,yyyyyyyyyyyyyyyyyyrrrrrrr,1941.0
1945,3,rrrrrrrrrrrrrrrrrrGGGGGGG,1946.0
1950,4,rrrrrrrrrrrrrrrrrrrrrrrrr,1951.0
1955,0,GGGGGGGggGGGGGGGGgrrrrrGr,1956.0
1960,0,GGGGGGGggGGGGGGGGgrrrrrGr,1961.0
1965,0,GGGGGGGggGGGGGGGGgrrrrrGr,1967.0
1970,1,GGGGGGGggGGGGGGGGgrrrrrrr,1975.0
1975,2,yyyyyyyyyyyyyyyyyyrrrrrrr,1978.0
1980,3,rrrrrrrrrrrrrrrrrrGGGGGGG,1983.0
1985,4,rrrrrrrrrrrrrrrrrrrrrrrrr,1988.0
1990,0,GGGGGGGggGGGGGGGGgrrrrrGr,1993.0
1995,0,GGGGGGGggGGGGGGGGgrrrrrGr,1996.0
2000,0,GGGGGGGggGGGGGGGGgrrrrrGr,2001.0
2005,0,GGGGGGGggGGGGGGGGgrrrrrGr,2006.0
2010,0,GGGGGGGggGGGGGGGGgrrrrrGr,2012.0
2015,0,GGGGGGGggGGGGGGGGgrrrrrGr,2016.0
2020,1,GGGGGGGggGGGGGGGGgrrrrrrr,2021.0
2025,3,rrrrrrrrrrrrrrrrrrGGGGGGG,2029.0
2030,4,rrrrrrrrrrrrrrrrrrrrrrrrr,2034.0
2035,0,GGGGGGGggGGGGGGGGgrrrrrGr,2039.0
2040,0,GGGGGGGggGGGGGGGGgrrrrrGr,2041.0
2045,1,GGGGGGGggGGGGGGGGgrrrrrrr,2046.0
2050,3,rrrrrrrrrrrrrrrrrrGGGGGGG,2054.0
2055,4,rrrrrrrrrrrrrrrrrrrrrrrrr,2059.0
2060,0,GGGGGGGggGGGGGGGGgrrrrrGr,2064.0
2065,0,GGGGGGGggGGGGGGGGgrrrrrGr,2066.0
2070,0,GGGGGGGggGGGGGGGGgrrrrrGr,2071.0
2075,1,GGGGGGGggGGGGGGGGgrrrrrrr,2076.0
2080,3,rrrrrrrrrrrrrrrrrrGGGGGGG,2084.0
2085,4,rrrrrrrrrrrrrrrrrrrrrrrrr,2089.0
2090,0,GGGGGGGggGGGGGGGGgrrrrrGr,2094.0
2095,0,GGGGGGGggGGGGGGGGgrrrrrGr,2097.0
2100,0,GGGGGGGggGGGGGGGGgrrrrrGr,2101.0
2105,0,GGGGGGGggGGGGGGGGgrrrrrGr,2106.0
2110,1,GGGGGGGggGGGGGGGGgrrrrrrr,2112.0
2115,3,rrrrrrrrrrrrrrrrrrGGGGGGG,2120.0
2120,4,rrrrrrrrrrrrrrrrrrrrrrrrr,2125.0
2125,0,GGGGGGGggGGGGGGGGgrrrrrGr,2130.0
2130,0,GGGGGGGggGGGGGGGGgrrrrrGr,2132.0
2135,0,GGGGGGGggGGGGGGGGgrrrrrGr,2136.0
2140,1,GGGGGGGggGGGGGGGGgrrrrrrr,2141.0
2145,3,rrrrrrrrrrrrrrrrrrGGGGGGG,2149.0
2150,4,rrrrrrrrrrrrrrrrrrrrrrrrr,2154.0
2155,0,GGGGGGGggGGGGGGGGgrrrrrGr,2159.0
2160,0,GGGGGGGggGGGGGGGGgrrrrrGr,2161.0
2165,0,GGGGGGGggGGGGGGGGgrrrrrGr,2167.0
2170,0,GGGGGGGggGGGGGGGGgrrrrrGr,2171.0
2175,0,GGGGGGGggGGGGGGGGgrrrrrGr,2176.0
2180,0,GGGGGGGggGGGGGGGGgrrrrrGr,2182.0
2185,1,GGGGGGGggGGGGGGGGgrrrrrrr,2188.0
2190,2,yyyyyyyyyyyyyyyyyyrrrrrrr,2191.0
2195,3,rrrrrrrrrrrrrrrrrrGGGGGGG,2196.0
2200,4,rrrrrrrrrrrrrrrrrrrrrrrrr,2201.0
2205,0,GGGGGGGggGGGGGGGGgrrrrrGr,2206.0
2210,1,GGGGGGGggGGGGGGGGgrrrrrrr,2211.0
2215,3,rrrrrrrrrrrrrrrrrrGGGGGGG,2219.0
2220,4,rrrrrrrrrrrrrrrrrrrrrrrrr,2224.0
2225,0,GGGGGGGggGGGGGGGGgrrrrrGr,2229.0
2230,0,GGGGGGGggGGGGGGGGgrrrrrGr,2232.0
2235,1,GGGGGGGggGGGGGGGGgrrrrrrr,2239.0
2240,2,yyyyyyyyyyyyyyyyyyrrrrrrr,2242.0
2245,3,rrrrrrrrrrrrrrrrrrGGGGGGG,2247.0
2250,4,rrrrrrrrrrrrrrrrrrrrrrrrr,2252.0
2255,0,GGGGGGGggGGGGGGGGgrrrrrGr,2257.0
2260,1,GGGGGGGggGGGGGGGGgrrrrrrr,2262.0
2265,3,rrrrrrrrrrrrrrrrrrGGGGGGG,2270.0
2270,4,rrrrrrrrrrrrrrrrrrrrrrrrr,2275.0
2275,0,GGGGGGGggGGGGGGGGgrrrrrGr,2280.0
2280,0,GGGGGGGggGGGGGGGGgrrrrrGr,2281.0
2285,1,GGGGGGGggGGGGGGGGgrrrrrrr,2290.0
2290,2,yyyyyyyyyyyyyyyyyyrrrrrrr,2293.0
2295,3,rrrrrrrrrrrrrrrrrrGGGGGGG,2298.0
2300,4,rrrrrrrrrrrrrrrrrrrrrrrrr,2303.0
2305,0,GGGGGGGggGGGGGGGGgrrrrrGr,2308.0
2310,0,GGGGGGGggGGGGGGGGgrrrrrGr,2312.0
2315,1,GGGGGGGggGGGGGGGGgrrrrrrr,2318.0
2320,2,yyyyyyyyyyyyyyyyyyrrrrrrr,2321.0
2325,3,rrrrrrrrrrrrrrrrrrGGGGGGG,2326.0
2330,4,rrrrrrrrrrrrrrrrrrrrrrrrr,2331.0
2335,0,GGGGGGGggGGGGGGGGgrrrrrGr,2336.0
2340,0,GGGGGGGggGGGGGGGGgrrrrrGr,2342.0
2345,0,GGGGGGGggGGGGGGGGgrrrrrGr,2346.0
2350,0,GGGGGGGggGGGGGGGGgrrrrrGr,2352.0
2355,1,GGGGGGGggGGGGGGGGgrrrrrrr,2358.0
2360,2,yyyyyyyyyyyyyyyyyyrrrrrrr,2361.0
2365,3,rrrrrrrrrrrrrrrrrrGGGGGGG,2366.0
2370,4,rrrrrrrrrrrrrrrrrrrrrrrrr,2371.0
2375,0,GGGGGGGggGGGGGGGGgrrrrrGr,2376.0
2380,0,GGGGGGGggGGGGGGGGgrrrrrGr,2381.0
2385,1,GGGGGGGggGGGGGGGGgrrrrrrr,2386.0
2390,3,rrrrrrrrrrrrrrrrrrGGGGGGG,2394.0
2395,4,rrrrrrrrrrrrrrrrrrrrrrrrr,2399.0
2400,0,GGGGGGGggGGGGGGGGgrrrrrGr,2404.0
2405,0,GGGGGGGggGGGGGGGGgrrrrrGr,2406.0
2410,1,GGGGGGGggGGGGGGGGgrrrrrrr,2414.0
2415,2,yyyyyyyyyyyyyyyyyyrrrrrrr,2417.0
2420,3,rrrrrrrrrrrrrrrrrrGGGGGGG,2422.0
2425,4,rrrrrrrrrrrrrrrrrrrrrrrrr,2427.0
2430,0,GGGGGGGggGGGGGGGGgrrrrrGr,2432.0
2435,0,GGGGGGGggGGGGGGGGgrrrrrGr,2436.0
2440,1,GGGGGGGggGGGGGGGGgrrrrrrr,2443.0
2445,2,yyyyyyyyyyyyyyyyyyrrrrrrr,2446.0
2450,3,rrrrrrrrrrrrrrrrrrGGGGGGG,2451.0
2455,4,rrrrrrrrrrrrrrrrrrrrrrrrr,2456.0
2460,0,GGGGGGGggGGGGGGGGgrrrrrGr,2461.0
2465,1,GGGGGGGggGGGGGGGGgrrrrrrr,2468.0
2470,2,yyyyyyyyyyyyyyyyyyrrrrrrr,2471.0
2475,3,rrrrrrrrrrrrrrrrrrGGGGGGG,2476.0
2480,4,rrrrrrrrrrrrrrrrrrrrrrrrr,2481.0
2485,0,GGGGGGGggGGGGGGGGgrrrrrGr,2486.0
2490,0,GGGGGGGggGGGGGGGGgrrrrrGr,2492.0
2495,1,GGGGGGGggGGGGGGGGgrrrrrrr,2498.0
2500,2,yyyyyyyyyyyyyyyyyyrrrrrrr,2501.0
2505,3,rrrrrrrrrrrrrrrrrrGGGGGGG,2506.0
2510,4,rrrrrrrrrrrrrrrrrrrrrrrrr,2511.0
2515,0,GGGGGGGggGGGGGGGGgrrrrrGr,2516.0
2520,1,GGGGGGGggGGGGGGGGgrrrrrrr,2522.0
2525,3,rrrrrrrrrrrrrrrrrrGGGGGGG,2530.0
2530,4,rrrrrrrrrrrrrrrrrrrrrrrrr,2535.0
2535,0,GGGGGGGggGGGGGGGGgrrrrrGr,2540.0
2540,0,GGGGGGGggGGGGGGGGgrrrrrGr,2542.0
2545,0,GGGGGGGggGGGGGGGGgrrrrrGr,2546.0
2550,1,GGGGGGGggGGGGGGGGgrrrrrrr,2551.0
2555,3,rrrrrrrrrrrrrrrrrrGGGGGGG,2559.0
2560,4,rrrrrrrrrrrrrrrrrrrrrrrrr,2564.0
2565,0,GGGGGGGggGGGGGGGGgrrrrrGr,2569.0
2570,0,GGGGGGGggGGGGGGGGgrrrrrGr,2572.0
2575,1,GGGGGGGggGGGGGGGGgrrrrrrr,2578.0
2580,2,yyyyyyyyyyyyyyyyyyrrrrrrr,2581.0
2585,3,rrrrrrrrrrrrrrrrrrGGGGGGG,2586.0
2590,4,rrrrrrrrrrrrrrrrrrrrrrrrr,2591.0
2595,0,GGGGGGGggGGGGGGGGgrrrrrGr,2596.0
2600,0,GGGGGGGggGGGGGGGGgrrrrrGr,2601.0
2605,1,GGGGGGGggGGGGGGGGgrrrrrrr,2606.0
2610,3,rrrrrrrrrrrrrrrrrrGGGGGGG,2614.0
2615,4,rrrrrrrrrrrrrrrrrrrrrrrrr,2619.0
2620,0,GGGGGGGggGGGGGGGGgrrrrrGr,2624.0
2625,1,GGGGGGGggGGGGGGGGgrrrrrrr,2629.0
2630,2,yyyyyyyyyyyyyyyyyyrrrrrrr,2632.0
2635,3,rrrrrrrrrrrrrrrrrrGGGGGGG,2637.0
2640,4,rrrrrrrrrrrrrrrrrrrrrrrrr,2642.0
2645,0,GGGGGGGggGGGGGGGGgrrrrrGr,2647.0
2650,1,GGGGGGGggGGGGGGGGgrrrrrrr,2652.0
2655,3,rrrrrrrrrrrrrrrrrrGGGGGGG,2660.0
2660,4,rrrrrrrrrrrrrrrrrrrrrrrrr,2665.0
2665,0,GGGGGGGggGGGGGGGGgrrrrrGr,2670.0
2670,1,GGGGGGGggGGGGGGGGgrrrrrrr,2675.0
2675,2,yyyyyyyyyyyyyyyyyyrrrrrrr,2678.0
2680,3,rrrrrrrrrrrrrrrrrrGGGGGGG,2683.0
2685,4,rrrrrrrrrrrrrrrrrrrrrrrrr,2688.0
2690,0,GGGGGGGggGGGGGGGGgrrrrrGr,2693.0
2695,0,GGGGGGGggGGGGGGGGgrrrrrGr,2696.0
2700,1,GGGGGGGggGGGGGGGGgrrrrrrr,2703.0
2705,2,yyyyyyyyyyyyyyyyyyrrrrrrr,2706.0
2710,3,rrrrrrrrrrrrrrrrrrGGGGGGG,2711.0
2715,4,rrrrrrrrrrrrrrrrrrrrrrrrr,2716.0
2720,0,GGGGGGGggGGGGGGGGgrrrrrGr,2721.0
