0,0,gGGgrrrGGggGrGr,5.0
5,1,gGGgrrrGGggrrrr,10.0
10,2,yyyyrrryyyyrrrr,13.0
15,3,rrrrgGgrrrrrGrG,18.0
20,4,rrrrgGgrrrrrrrr,23.0
25,5,rrrryyyrrrrrrrr,26.0
30,0,gGGgrrrGGggGrGr,31.0
35,1,gGGgrrrGGggrrrr,36.0
40,3,rrrrgGgrrrrrGrG,44.0
45,4,rrrrgGgrrrrrrrr,49.0
50,5,rrrryyyrrrrrrrr,52.0
55,0,gGGgrrrGGggGrGr,57.0
60,1,gGGgrrrGGggrrrr,62.0
65,3,rrrrgGgrrrrrGrG,70.0
70,4,rrrrgGgrrrrrrrr,75.0
75,5,rrrryyyrrrrrrrr,78.0
80,0,gGGgrrrGGggGrGr,83.0
85,1,gGGgrrrGGggrrrr,88.0
90,2,yyyyrrryyyyrrrr,91.0
95,3,rrrrgGgrrrrrGrG,96.0
100,4,rrrrgGgrrrrrrrr,101.0
105,0,gGGgrrrGGggGrGr,109.0
110,1,gGGgrrrGGggrrrr,114.0
115,2,yyyyrrryyyyrrrr,117.0
120,3,rrrrgGgrrrrrGrG,122.0
125,4,rrrrgGgrrrrrrrr,127.0
130,0,gGGgrrrGGggGrGr,135.0
135,1,gGGgrrrGGggrrrr,140.0
140,2,yyyyrrryyyyrrrr,143.0
145,3,rrrrgGgrrrrrGrG,148.0
150,4,rrrrgGgrrrrrrrr,153.0
155,5,rrrryyyrrrrrrrr,156.0
160,0,gGGgrrrGGggGrGr,161.0
165,1,gGGgrrrGGggrrrr,166.0
170,3,rrrrgGgrrrrrGrG,174.0
175,4,rrrrgGgrrrrrrrr,179.0
180,5,rrrryyyrrrrrrrr,182.0
185,0,gGGgrrrGGggGrGr,187.0
190,1,gGGgrrrGGggrrrr,192.0
195,3,rrrrgGgrrrrrGrG,200.0
200,4,rrrrgGgrrrrrrrr,205.0
205,5,rrrryyyrrrrrrrr,208.0
210,0,gGGgrrrGGggGrGr,213.0
215,1,gGGgrrrGGggrrrr,218.0
220,2,yyyyrrryyyyrrrr,221.0
225,3,rrrrgGgrrrrrGrG,226.0
230,4,rrrrgGgrrrrrrrr,231.0
235,0,gGGgrrrGGggGrGr,239.0
240,1,gGGgrrrGGggrrrr,244.0
245,2,yyyyrrryyyyrrrr,247.0
250,3,rrrrgGgrrrrrGrG,252.0
255,4,rrrrgGgrrrrrrrr,257.0
260,0,gGGgrrrGGggGrGr,265.0
265,0,gGGgrrrGGggGrGr,267.0
270,0,gGGgrrrGGggGrGr,271.0
275,1,gGGgrrrGGggrrrr,276.0
280,3,rrrrgGgrrrrrGrG,284.0
285,4,rrrrgGgrrrrrrrr,289.0
290,5,rrrryyyrrrrrrrr,292.0
295,0,gGGgrrrGGggGrGr,297.0
300,1,gGGgrrrGGggrrrr,302.0
305,3,rrrrgGgrrrrrGrG,310.0
310,4,rrrrgGgrrrrrrrr,315.0
315,5,rrrryyyrrrrrrrr,318.0
320,0,gGGgrrrGGggGrGr,323.0
325,1,gGGgrrrGGggrrrr,328.0
330,2,yyyyrrryyyyrrrr,331.0
335,3,rrrrgGgrrrrrGrG,336.0
340,4,rrrrgGgrrrrrrrr,341.0
345,0,gGGgrrrGGggGrGr,349.0
350,1,gGGgrrrGGggrrrr,355.0
355,2,yyyyrrryyyyrrrr,358.0
360,3,rrrrgGgrrrrrGrG,363.0
365,3,rrrrgGgrrrrrGrG,366.0
370,4,rrrrgGgrrrrrrrr,371.0
375,0,gGGgrrrGGggGrGr,379.0
380,1,gGGgrrrGGggrrrr,384.0
385,2,yyyyrrryyyyrrrr,387.0
390,3,rrrrgGgrrrrrGrG,392.0
395,4,rrrrgGgrrrrrrrr,397.0
400,0,gGGgrrrGGggGrGr,405.0
405,1,gGGgrrrGGggrrrr,410.0
410,2,yyyyrrryyyyrrrr,413.0
415,3,rrrrgGgrrrrrGrG,418.0
420,4,rrrrgGgrrrrrrrr,423.0
425,5,rrrryyyrrrrrrrr,426.0
430,0,gGGgrrrGGggGrGr,431.0
435,1,gGGgrrrGGggrrrr,436.0
440,3,rrrrgGgrrrrrGrG,444.0
445,4,rrrrgGgrrrrrrrr,449.0
450,5,rrrryyyrrrrrrrr,452.0
455,0,gGGgrrrGGggGrGr,457.0
460,1,gGGgrrrGGggrrrr,462.0
465,3,rrrrgGgrrrrrGrG,470.0
470,3,rrrrgGgrrrrrGrG,472.0
475,4,rrrrgGgrrrrrrrr,478.0
480,5,rrrryyyrrrrrrrr,481.0
485,0,gGGgrrrGGggGrGr,486.0
490,1,gGGgrrrGGggrrrr,491.0
495,3,rrrrgGgrrrrrGrG,499.0
500,4,rrrrgGgrrrrrrrr,504.0
505,5,rrrryyyrrrrrrrr,507.0
510,0,gGGgrrrGGggGrGr,512.0
515,1,gGGgrrrGGggrrrr,518.0
520,2,yyyyrrryyyyrrrr,521.0
525,3,rrrrgGgrrrrrGrG,526.0
530,4,rrrrgGgrrrrrrrr,531.0
535,0,gGGgrrrGGggGrGr,539.0
540,1,gGGgrrrGGggrrrr,544.0
545,2,yyyyrrryyyyrrrr,547.0
550,3,rrrrgGgrrrrrGrG,552.0
555,4,rrrrgGgrrrrrrrr,557.0
560,0,gGGgrrrGGggGrGr,565.0
565,1,gGGgrrrGGggrrrr,570.0
570,2,yyyyrrryyyyrrrr,573.0
575,3,rrrrgGgrrrrrGrG,578.0
580,4,rrrrgGgrrrrrrrr,583.0
585,5,rrrryyyrrrrrrrr,586.0
590,0,gGGgrrrGGggGrGr,591.0
595,1,gGGgrrrGGggrrrr,596.0
600,3,rrrrgGgrrrrrGrG,604.0
605,4,rrrrgGgrrrrrrrr,609.0
610,5,rrrryyyrrrrrrrr,612.0
615,0,gGGgrrrGGggGrGr,617.0
620,1,gGGgrrrGGggrrrr,622.0
625,3,rrrrgGgrrrrrGrG,630.0
630,4,rrrrgGgrrrrrrrr,635.0
635,5,rrrryyyrrrrrrrr,638.0
640,0,gGGgrrrGGggGrGr,643.0
645,1,gGGgrrrGGggrrrr,648.0
650,2,yyyyrrryyyyrrrr,651.0
655,3,rrrrgGgrrrrrGrG,656.0
660,4,rrrrgGgrrrrrrrr,661.0
665,0,gGGgrrrGGggGrGr,669.0
670,1,gGGgrrrGGggrrrr,674.0
675,2,yyyyrrryyyyrrrr,677.0
680,3,rrrrgGgrrrrrGrG,682.0
685,4,rrrrgGgrrrrrrrr,687.0
690,0,gGGgrrrGGggGrGr,695.0
695,0,gGGgrrrGGggGrGr,696.0
700,1,gGGgrrrGGggrrrr,702.0
705,3,rrrrgGgrrrrrGrG,710.0
710,3,rrrrgGgrrrrrGrG,711.0
715,4,rrrrgGgrrrrrrrr,717.0
720,0,gGGgrrrGGggGrGr,725.0
725,0,gGGgrrrGGggGrGr,727.0
730,0,gGGgrrrGGggGrGr,732.0
735,0,gGGgrrrGGggGrGr,736.0
740,1,gGGgrrrGGggrrrr,742.0
745,3,rrrrgGgrrrrrGrG,750.0
750,4,rrrrgGgrrrrrrrr,755.0
755,5,rrrryyyrrrrrrrr,758.0
760,0,gGGgrrrGGggGrGr,763.0
765,1,gGGgrrrGGggrrrr,768.0
770,2,yyyyrrryyyyrrrr,771.0
775,3,rrrrgGgrrrrrGrG,776.0
780,4,rrrrgGgrrrrrrrr,781.0
785,0,gGGgrrrGGggGrGr,789.0
790,1,gGGgrrrGGggrrrr,795.0
795,2,yyyyrrryyyyrrrr,798.0
800,3,rrrrgGgrrrrrGrG,803.0
805,4,rrrrgGgrrrrrrrr,808.0
810,5,rrrryyyrrrrrrrr,811.0
815,0,gGGgrrrGGggGrGr,816.0
820,1,gGGgrrrGGggrrrr,821.0
825,3,rrrrgGgrrrrrGrG,829.0
830,4,rrrrgGgrrrrrrrr,834.0
835,5,rrrryyyrrrrrrrr,837.0
840,0,gGGgrrrGGggGrGr,842.0
845,1,gGGgrrrGGggrrrr,847.0
850,3,rrrrgGgrrrrrGrG,855.0
855,4,rrrrgGgrrrrrrrr,860.0
860,5,rrrryyyrrrrrrrr,863.0
865,0,gGGgrrrGGggGrGr,868.0
870,0,gGGgrrrGGggGrGr,871.0
875,1,gGGgrrrGGggrrrr,877.0
880,3,rrrrgGgrrrrrGrG,885.0
885,4,rrrrgGgrrrrrrrr,890.0
890,5,rrrryyyrrrrrrrr,893.0
895,0,gGGgrrrGGggGrGr,898.0
900,0,gGGgrrrGGggGrGr,901.0
905,1,gGGgrrrGGggrrrr,910.0
910,2,yyyyrrryyyyrrrr,913.0
915,3,rrrrgGgrrrrrGrG,918.0
920,4,rrrrgGgrrrrrrrr,923.0
925,5,rrrryyyrrrrrrrr,926.0
930,0,gGGgrrrGGggGrGr,931.0
935,1,gGGgrrrGGggrrrr,936.0
940,3,rrrrgGgrrrrrGrG,944.0
945,4,rrrrgGgrrrrrrrr,949.0
950,5,rrrryyyrrrrrrrr,952.0
955,0,gGGgrrrGGggGrGr,957.0
960,1,gGGgrrrGGggrrrr,962.0
965,3,rrrrgGgrrrrrGrG,970.0
970,4,rrrrgGgrrrrrrrr,975.0
975,5,rrrryyyrrrrrrrr,978.0
980,0,gGGgrrrGGggGrGr,983.0
985,0,gGGgrrrGGggGrGr,987.0
990,1,gGGgrrrGGggrrrr,994.0
995,2,yyyyrrryyyyrrrr,997.0
1000,3,rrrrgGgrrrrrGrG,1002.0
1005,4,rrrrgGgrrrrrrrr,1007.0
1010,0,gGGgrrrGGggGrGr,1015.0
1015,0,gGGgrrrGGggGrGr,1017.0
1020,0,gGGgrrrGGggGrGr,1021.0
1025,1,gGGgrrrGGggrrrr,1027.0
1030,3,rrrrgGgrrrrrGrG,1035.0
1035,3,rrrrgGgrrrrrGrG,1036.0
1040,4,rrrrgGgrrrrrrrr,1042.0
1045,0,gGGgrrrGGggGrGr,1050.0
1050,1,gGGgrrrGGggrrrr,1055.0
1055,2,yyyyrrryyyyrrrr,1058.0
1060,3,rrrrgGgrrrrrGrG,1063.0
1065,4,rrrrgGgrrrrrrrr,1068.0
1070,5,rrrryyyrrrrrrrr,1071.0
1075,0,gGGgrrrGGggGrGr,1076.0
1080,1,gGGgrrrGGggrrrr,1081.0
1085,3,rrrrgGgrrrrrGrG,1089.0
1090,4,rrrrgGgrrrrrrrr,1094.0
1095,5,rrrryyyrrrrrrrr,1097.0
1100,0,gGGgrrrGGggGrGr,1102.0
1105,1,gGGgrrrGGggrrrr,1107.0
1110,3,rrrrgGgrrrrrGrG,1115.0
1115,4,rrrrgGgrrrrrrrr,1120.0
1120,5,rrrryyyrrrrrrrr,1123.0
1125,0,gGGgrrrGGggGrGr,1128.0
1130,1,gGGgrrrGGggrrrr,1133.0
1135,2,yyyyrrryyyyrrrr,1136.0
1140,3,rrrrgGgrrrrrGrG,1141.0
1145,4,rrrrgGgrrrrrrrr,1146.0
1150,0,gGGgrrrGGggGrGr,1154.0
1155,0,gGGgrrrGGggGrGr,1156.0
1160,1,gGGgrrrGGggrrrr,1161.0
1165,3,rrrrgGgrrrrrGrG,1169.0
1170,4,rrrrgGgrrrrrrrr,1174.0
1175,5,rrrryyyrrrrrrrr,1177.0
1180,0,gGGgrrrGGggGrGr,1182.0
1185,1,gGGgrrrGGggrrrr,1188.0
1190,2,yyyyrrryyyyrrrr,1191.0
1195,3,rrrrgGgrrrrrGrG,1196.0
1200,4,rrrrgGgrrrrrrrr,1201.0
1205,0,gGGgrrrGGggGrGr,1209.0
1210,0,gGGgrrrGGggGrGr,1211.0
1215,1,gGGgrrrGGggrrrr,1217.0
1220,3,rrrrgGgrrrrrGrG,1225.0
1225,4,rrrrgGgrrrrrrrr,1230.0
1230,5,rrrryyyrrrrrrrr,1233.0
1235,0,gGGgrrrGGggGrGr,1238.0
1240,1,gGGgrrrGGggrrrr,1243.0
1245,2,yyyyrrryyyyrrrr,1246.0
1250,3,rrrrgGgrrrrrGrG,1251.0
1255,4,rrrrgGgrrrrrrrr,1256.0
1260,0,gGGgrrrGGggGrGr,1264.0
1265,1,gGGgrrrGGggrrrr,1269.0
1270,2,yyyyrrryyyyrrrr,1272.0
1275,3,rrrrgGgrrrrrGrG,1277.0
1280,4,rrrrgGgrrrrrrrr,1282.0
1285,0,gGGgrrrGGggGrGr,1290.0
1290,0,gGGgrrrGGggGrGr,1291.0
1295,1,gGGgrrrGGggrrrr,1297.0
1300,3,rrrrgGgrrrrrGrG,1305.0
1305,4,rrrrgGgrrrrrrrr,1310.0
1310,5,rrrryyyrrrrrrrr,1313.0
1315,0,gGGgrrrGGggGrGr,1318.0
1320,1,gGGgrrrGGggrrrr,1323.0
1325,2,yyyyrrryyyyrrrr,1326.0
1330,3,rrrrgGgrrrrrGrG,1331.0
1335,4,rrrrgGgrrrrrrrr,1336.0
1340,0,gGGgrrrGGggGrGr,1344.0
1345,1,gGGgrrrGGggrrrr,1349.0
1350,2,yyyyrrryyyyrrrr,1352.0
1355,3,rrrrgGgrrrrrGrG,1357.0
1360,4,rrrrgGgrrrrrrrr,1362.0
1365,0,gGGgrrrGGggGrGr,1370.0
1370,1,gGGgrrrGGggrrrr,1375.0
1375,2,yyyyrrryyyyrrrr,1378.0
1380,3,rrrrgGgrrrrrGrG,1383.0
1385,4,rrrrgGgrrrrrrrr,1388.0
1390,5,rrrryyyrrrrrrrr,1391.0
1395,0,gGGgrrrGGggGrGr,1396.0
1400,1,gGGgrrrGGggrrrr,1401.0
1405,3,rrrrgGgrrrrrGrG,1409.0
1410,4,rrrrgGgrrrrrrrr,1414.0
1415,5,rrrryyyrrrrrrrr,1417.0
1420,0,gGGgrrrGGggGrGr,1422.0
1425,1,gGGgrrrGGggrrrr,1427.0
1430,3,rrrrgGgrrrrrGrG,1435.0
1435,4,rrrrgGgrrrrrrrr,1440.0
1440,5,rrrryyyrrrrrrrr,1443.0
1445,0,gGGgrrrGGggGrGr,1448.0
1450,1,gGGgrrrGGggrrrr,1453.0
1455,2,yyyyrrryyyyrrrr,1456.0
1460,3,rrrrgGgrrrrrGrG,1461.0
1465,4,rrrrgGgrrrrrrrr,1466.0
1470,0,gGGgrrrGGggGrGr,1474.0
1475,0,gGGgrrrGGggGrGr,1476.0
1480,1,gGGgrrrGGggrrrr,1481.0
1485,3,rrrrgGgrrrrrGrG,1489.0
1490,3,rrrrgGgrrrrrGrG,1491.0
1495,4,rrrrgGgrrrrrrrr,1499.0
1500,5,rrrryyyrrrrrrrr,1502.0
1505,0,gGGgrrrGGggGrGr,1507.0
1510,1,gGGgrrrGGggrrrr,1513.0
1515,2,yyyyrrryyyyrrrr,1516.0
1520,3,rrrrgGgrrrrrGrG,1521.0
1525,4,rrrrgGgrrrrrrrr,1526.0
1530,0,gGGgrrrGGggGrGr,1534.0
1535,1,gGGgrrrGGggrrrr,1539.0
1540,2,yyyyrrryyyyrrrr,1542.0
1545,3,rrrrgGgrrrrrGrG,1547.0
1550,4,rrrrgGgrrrrrrrr,1552.0
1555,0,gGGgrrrGGggGrGr,1560.0
1560,1,gGGgrrrGGggrrrr,1565.0
1565,2,yyyyrrryyyyrrrr,1568.0
1570,3,rrrrgGgrrrrrGrG,1573.0
1575,4,rrrrgGgrrrrrrrr,1578.0
1580,5,rrrryyyrrrrrrrr,1581.0
1585,0,gGGgrrrGGggGrGr,1586.0
1590,1,gGGgrrrGGggrrrr,1591.0
1595,3,rrrrgGgrrrrrGrG,1599.0
1600,4,rrrrgGgrrrrrrrr,1604.0
1605,5,rrrryyyrrrrrrrr,1607.0
1610,0,gGGgrrrGGggGrGr,1612.0
1615,0,gGGgrrrGGggGrGr,1617.0
1620,0,gGGgrrrGGggGrGr,1621.0
1625,1,gGGgrrrGGggrrrr,1626.0
1630,3,rrrrgGgrrrrrGrG,1634.0
1635,4,rrrrgGgrrrrrrrr,1639.0
1640,5,rrrryyyrrrrrrrr,1642.0
1645,0,gGGgrrrGGggGrGr,1647.0
1650,1,gGGgrrrGGggrrrr,1653.0
1655,2,yyyyrrryyyyrrrr,1656.0
1660,3,rrrrgGgrrrrrGrG,1661.0
1665,4,rrrrgGgrrrrrrrr,1666.0
1670,0,gGGgrrrGGggGrGr,1674.0
1675,1,gGGgrrrGGggrrrr,1679.0
1680,2,yyyyrrryyyyrrrr,1682.0
1685,3,rrrrgGgrrrrrGrG,1687.0
1690,4,rrrrgGgrrrrrrrr,1692.0
1695,0,gGGgrrrGGggGrGr,1700.0
1700,1,gGGgrrrGGggrrrr,1705.0
1705,2,yyyyrrryyyyrrrr,1708.0
1710,3,rrrrgGgrrrrrGrG,1713.0
1715,4,rrrrgGgrrrrrrrr,1718.0
1720,5,rrrryyyrrrrrrrr,1721.0
1725,0,gGGgrrrGGggGrGr,1726.0
1730,1,gGGgrrrGGggrrrr,1735.0
1735,2,yyyyrrryyyyrrrr,1738.0
1740,3,rrrrgGgrrrrrGrG,1743.0
1745,4,rrrrgGgrrrrrrrr,1749.0
1750,5,rrrryyyrrrrrrrr,1752.0
1755,0,gGGgrrrGGggGrGr,1757.0
1760,0,gGGgrrrGGggGrGr,1761.0
1765,0,gGGgrrrGGggGrGr,1766.0
1770,1,gGGgrrrGGggrrrr,1772.0
1775,3,rrrrgGgrrrrrGrG,1780.0
1780,3,rrrrgGgrrrrrGrG,1782.0
1785,3,rrrrgGgrrrrrGrG,1786.0
1790,4,rrrrgGgrrrrrrrr,1795.0
1795,5,rrrryyyrrrrrrrr,1798.0
1800,0,gGGgrrrGGggGrGr,1803.0
1805,1,gGGgrrrGGggrrrr,1808.0
1810,2,yyyyrrryyyyrrrr,1811.0
1815,3,rrrrgGgrrrrrGrG,1816.0
1820,4,rrrrgGgrrrrrrrr,1821.0
1825,0,gGGgrrrGGggGrGr,1829.0
1830,1,gGGgrrrGGggrrrr,1834.0
1835,2,yyyyrrryyyyrrrr,1837.0
1840,3,rrrrgGgrrrrrGrG,1842.0
1845,4,rrrrgGgrrrrrrrr,1847.0
1850,0,gGGgrrrGGggGrGr,1855.0
1855,1,gGGgrrrGGggrrrr,1860.0
1860,2,yyyyrrryyyyrrrr,1863.0
1865,3,rrrrgGgrrrrrGrG,1868.0
1870,4,rrrrgGgrrrrrrrr,1873.0
1875,5,rrrryyyrrrrrrrr,1876.0
1880,0,gGGgrrrGGggGrGr,1881.0
1885,1,gGGgrrrGGggrrrr,1886.0
1890,3,rrrrgGgrrrrrGrG,1894.0
1895,4,rrrrgGgrrrrrrrr,1899.0
1900,5,rrrryyyrrrrrrrr,1902.0
1905,0,gGGgrrrGGggGrGr,1907.0
1910,1,gGGgrrrGGggrrrr,1912.0
1915,3,rrrrgGgrrrrrGrG,1920.0
1920,4,rrrrgGgrrrrrrrr,1925.0
1925,5,rrrryyyrrrrrrrr,1928.0
1930,0,gGGgrrrGGggGrGr,1933.0
1935,1,gGGgrrrGGggrrrr,1938.0
1940,2,yyyyrrryyyyrrrr,1941.0
1945,3,rrrrgGgrrrrrGrG,1946.0
1950,4,rrrrgGgrrrrrrrr,1951.0
1955,0,gGGgrrrGGggGrGr,1959.0
1960,1,gGGgrrrGGggrrrr,1964.0
1965,2,yyyyrrryyyyrrrr,1967.0
1970,3,rrrrgGgrrrrrGrG,1972.0
1975,4,rrrrgGgrrrrrrrr,1977.0
1980,0,gGGgrrrGGggGrGr,1985.0
1985,1,gGGgrrrGGggrrrr,1990.0
1990,2,yyyyrrryyyyrrrr,1993.0
1995,3,rrrrgGgrrrrrGrG,1998.0
2000,4,rrrrgGgrrrrrrrr,2003.0
2005,5,rrrryyyrrrrrrrr,2006.0
2010,0,gGGgrrrGGggGrGr,2011.0
2015,1,gGGgrrrGGggrrrr,2016.0
2020,3,rrrrgGgrrrrrGrG,2024.0
2025,4,rrrrgGgrrrrrrrr,2029.0
2030,5,rrrryyyrrrrrrrr,2032.0
2035,0,gGGgrrrGGggGrGr,2037.0
2040,1,gGGgrrrGGggrrrr,2042.0
2045,3,rrrrgGgrrrrrGrG,2050.0
2050,4,rrrrgGgrrrrrrrr,2055.0
2055,5,rrrryyyrrrrrrrr,2058.0
2060,0,gGGgrrrGGggGrGr,2063.0
2065,1,gGGgrrrGGggrrrr,2068.0
2070,2,yyyyrrryyyyrrrr,2071.0
2075,3,rrrrgGgrrrrrGrG,2076.0
2080,4,rrrrgGgrrrrrrrr,2081.0
2085,0,gGGgrrrGGggGrGr,2089.0
2090,1,gGGgrrrGGggrrrr,2094.0
2095,2,yyyyrrryyyyrrrr,2097.0
2100,3,rrrrgGgrrrrrGrG,2102.0
2105,4,rrrrgGgrrrrrrrr,2109.0
2110,5,rrrryyyrrrrrrrr,2112.0
2115,0,gGGgrrrGGggGrGr,2117.0
2120,1,gGGgrrrGGggrrrr,2122.0
2125,3,rrrrgGgrrrrrGrG,2130.0
2130,4,rrrrgGgrrrrrrrr,2135.0
2135,5,rrrryyyrrrrrrrr,2138.0
2140,0,gGGgrrrGGggGrGr,2143.0
2145,1,gGGgrrrGGggrrrr,2150.0
2150,2,yyyyrrryyyyrrrr,2153.0
2155,3,rrrrgGgrrrrrGrG,2158.0
2160,4,rrrrgGgrrrrrrrr,2163.0
2165,5,rrrryyyrrrrrrrr,2166.0
2170,0,gGGgrrrGGggGrGr,2171.0
2175,1,gGGgrrrGGggrrrr,2179.0
2180,2,yyyyrrryyyyrrrr,2182.0
2185,3,rrrrgGgrrrrrGrG,2187.0
2190,4,rrrrgGgrrrrrrrr,2192.0
2195,0,gGGgrrrGGggGrGr,2200.0
2200,1,gGGgrrrGGggrrrr,2205.0
2205,2,yyyyrrryyyyrrrr,2208.0
2210,3,rrrrgGgrrrrrGrG,2213.0
2215,4,rrrrgGgrrrrrrrr,2218.0
2220,5,rrrryyyrrrrrrrr,2221.0
2225,0,gGGgrrrGGggGrGr,2226.0
2230,1,gGGgrrrGGggrrrr,2231.0
2235,3,rrrrgGgrrrrrGrG,2239.0
2240,4,rrrrgGgrrrrrrrr,2244.0
2245,5,rrrryyyrrrrrrrr,2247.0
2250,0,gGGgrrrGGggGrGr,2252.0
2255,0,gGGgrrrGGggGrGr,2256.0
2260,1,gGGgrrrGGggrrrr,2261.0
2265,3,rrrrgGgrrrrrGrG,2269.0
2270,4,rrrrgGgrrrrrrrr,2274.0
2275,5,rrrryyyrrrrrrrr,2277.0
2280,0,gGGgrrrGGggGrGr,2282.0
2285,0,gGGgrrrGGggGrGr,2286.0
2290,1,gGGgrrrGGggrrrr,2294.0
2295,2,yyyyrrryyyyrrrr,2297.0
2300,3,rrrrgGgrrrrrGrG,2302.0
2305,4,rrrrgGgrrrrrrrr,2307.0
2310,0,gGGgrrrGGggGrGr,2315.0
2315,1,gGGgrrrGGggrrrr,2320.0
2320,2,yyyyrrryyyyrrrr,2323.0
2325,3,rrrrgGgrrrrrGrG,2328.0
2330,4,rrrrgGgrrrrrrrr,2333.0
2335,5,rrrryyyrrrrrrrr,2336.0
2340,0,gGGgrrrGGggGrGr,2341.0
2345,1,gGGgrrrGGggrrrr,2346.0
2350,3,rrrrgGgrrrrrGrG,2354.0
2355,4,rrrrgGgrrrrrrrr,2359.0
2360,5,rrrryyyrrrrrrrr,2362.0
2365,0,gGGgrrrGGggGrGr,2367.0
2370,1,gGGgrrrGGggrrrr,2372.0
2375,3,rrrrgGgrrrrrGrG,2380.0
2380,4,rrrrgGgrrrrrrrr,2385.0
2385,5,rrrryyyrrrrrrrr,2388.0
2390,0,gGGgrrrGGggGrGr,2393.0
2395,1,gGGgrrrGGggrrrr,2398.0
2400,2,yyyyrrryyyyrrrr,2401.0
2405,3,rrrrgGgrrrrrGrG,2406.0
2410,4,rrrrgGgrrrrrrrr,2413.0
2415,5,rrrryyyrrrrrrrr,2416.0
2420,0,gGGgrrrGGggGrGr,2421.0
2425,1,gGGgrrrGGggrrrr,2426.0
2430,3,rrrrgGgrrrrrGrG,2434.0
2435,4,rrrrgGgrrrrrrrr,2439.0
2440,5,rrrryyyrrrrrrrr,2442.0
2445,0,gGGgrrrGGggGrGr,2447.0
2450,0,gGGgrrrGGggGrGr,2451.0
2455,1,gGGgrrrGGggrrrr,2456.0
2460,3,rrrrgGgrrrrrGrG,2464.0
2465,4,rrrrgGgrrrrrrrr,2469.0
2470,5,rrrryyyrrrrrrrr,2472.0
2475,0,gGGgrrrGGggGrGr,2477.0
2480,1,gGGgrrrGGggrrrr,2482.0
2485,3,rrrrgGgrrrrrGrG,2490.0
2490,4,rrrrgGgrrrrrrrr,2495.0
2495,5,rrrryyyrrrrrrrr,2498.0
2500,0,gGGgrrrGGggGrGr,2503.0
2505,0,gGGgrrrGGggGrGr,2506.0
2510,1,gGGgrrrGGggrrrr,2512.0
2515,3,rrrrgGgrrrrrGrG,2520.0
2520,4,rrrrgGgrrrrrrrr,2525.0
2525,5,rrrryyyrrrrrrrr,2528.0
2530,0,gGGgrrrGGggGrGr,2533.0
2535,0,gGGgrrrGGggGrGr,2536.0
2540,1,gGGgrrrGGggrrrr,2542.0
2545,3,rrrrgGgrrrrrGrG,2550.0
2550,3,rrrrgGgrrrrrGrG,2552.0
2555,3,rrrrgGgrrrrrGrG,2556.0
2560,4,rrrrgGgrrrrrrrr,2562.0
2565,0,gGGgrrrGGggGrGr,2570.0
2570,0,gGGgrrrGGggGrGr,2571.0
2575,1,gGGgrrrGGggrrrr,2577.0
2580,3,rrrrgGgrrrrrGrG,2585.0
2585,4,rrrrgGgrrrrrrrr,2590.0
2590,5,rrrryyyrrrrrrrr,2593.0
2595,0,gGGgrrrGGggGrGr,2598.0
2600,1,gGGgrrrGGggrrrr,2603.0
2605,2,yyyyrrryyyyrrrr,2606.0
2610,3,rrrrgGgrrrrrGrG,2611.0
2615,4,rrrrgGgrrrrrrrr,2620.0
2620,5,rrrryyyrrrrrrrr,2623.0
2625,0,gGGgrrrGGggGrGr,2628.0
2630,1,gGGgrrrGGggrrrr,2633.0
2635,2,yyyyrrryyyyrrrr,2636.0
2640,3,rrrrgGgrrrrrGrG,2641.0
2645,4,rrrrgGgrrrrrrrr,2646.0
2650,0,gGGgrrrGGggGrGr,2654.0
2655,0,gGGgrrrGGggGrGr,2656.0
2660,0,gGGgrrrGGggGrGr,2661.0
2665,0,gGGgrrrGGggGrGr,2666.0
2670,1,gGGgrrrGGggrrrr,2671.0
2675,3,rrrrgGgrrrrrGrG,2679.0
2680,4,rrrrgGgrrrrrrrr,2684.0
2685,5,rrrryyyrrrrrrrr,2687.0
2690,0,gGGgrrrGGggGrGr,2692.0
2695,1,gGGgrrrGGggrrrr,2697.0
2700,3,rrrrgGgrrrrrGrG,2705.0
2705,4,rrrrgGgrrrrrrrr,2710.0
2710,5,rrrryyyrrrrrrrr,2713.0
2715,0,gGGgrrrGGggGrGr,2718.0
2720,1,gGGgrrrGGggrrrr,2723.0
2725,2,yyyyrrryyyyrrrr,2726.0
2730,3,rrrrgGgrrrrrGrG,2731.0
2735,4,rrrrgGgrrrrrrrr,2736.0
2740,0,gGGgrrrGGggGrGr,2744.0
2745,1,gGGgrrrGGggrrrr,2750.0
2750,2,yyyyrrryyyyrrrr,2753.0
2755,3,rrrrgGgrrrrrGrG,2758.0
2760,4,rrrrgGgrrrrrrrr,2763.0
2765,5,rrrryyyrrrrrrrr,2766.0
2770,0,gGGgrrrGGggGrGr,2771.0
2775,1,gGGgrrrGGggrrrr,2776.0
2780,3,rrrrgGgrrrrrGrG,2784.0
2785,4,rrrrgGgrrrrrrrr,2789.0
2790,5,rrrryyyrrrrrrrr,2792.0
2795,0,gGGgrrrGGggGrGr,2797.0
2800,1,gGGgrrrGGggrrrr,2802.0
2805,3,rrrrgGgrrrrrGrG,2810.0
2810,3,rrrrgGgrrrrrGrG,2812.0
2815,3,rrrrgGgrrrrrGrG,2816.0
2820,4,rrrrgGgrrrrrrrr,2821.0
2825,0,gGGgrrrGGggGrGr,2829.0
2830,0,gGGgrrrGGggGrGr,2831.0
2835,0,gGGgrrrGGggGrGr,2836.0
2840,1,gGGgrrrGGggrrrr,2842.0
2845,3,rrrrgGgrrrrrGrG,2850.0
2850,4,rrrrgGgrrrrrrrr,2855.0
2855,5,rrrryyyrrrrrrrr,2858.0
2860,0,gGGgrrrGGggGrGr,2863.0
2865,0,gGGgrrrGGggGrGr,2866.0
2870,1,gGGgrrrGGggrrrr,2872.0
2875,3,rrrrgGgrrrrrGrG,2880.0
2880,4,rrrrgGgrrrrrrrr,2885.0
2885,5,rrrryyyrrrrrrrr,2888.0
2890,0,gGGgrrrGGggGrGr,2893.0
2895,1,gGGgrrrGGggrrrr,2898.0
2900,2,yyyyrrryyyyrrrr,2901.0
2905,3,rrrrgGgrrrrrGrG,2906.0
2910,4,rrrrgGgrrrrrrrr,2911.0
2915,0,gGGgrrrGGggGrGr,2919.0
2920,1,gGGgrrrGGggrrrr,2924.0
2925,2,yyyyrrryyyyrrrr,2927.0
2930,3,rrrrgGgrrrrrGrG,2932.0
2935,4,rrrrgGgrrrrrrrr,2937.0
2940,0,gGGgrrrGGggGrGr,2945.0
2945,1,gGGgrrrGGggrrrr,2950.0
2950,2,yyyyrrryyyyrrrr,2953.0
2955,3,rrrrgGgrrrrrGrG,2958.0
2960,4,rrrrgGgrrrrrrrr,2963.0
2965,5,rrrryyyrrrrrrrr,2966.0
2970,0,gGGgrrrGGggGrGr,2971.0
2975,1,gGGgrrrGGggrrrr,2976.0
2980,3,rrrrgGgrrrrrGrG,2984.0
2985,4,rrrrgGgrrrrrrrr,2989.0
2990,5,rrrryyyrrrrrrrr,2992.0
2995,0,gGGgrrrGGggGrGr,2997.0
3000,0,gGGgrrrGGggGrGr,3002.0
3005,1,gGGgrrrGGggrrrr,3008.0
3010,2,yyyyrrryyyyrrrr,3011.0
3015,3,rrrrgGgrrrrrGrG,3016.0
3020,4,rrrrgGgrrrrrrrr,3021.0
3025,0,gGGgrrrGGggGrGr,3029.0
3030,1,gGGgrrrGGggrrrr,3034.0
3035,2,yyyyrrryyyyrrrr,3037.0
3040,3,rrrrgGgrrrrrGrG,3042.0
3045,4,rrrrgGgrrrrrrrr,3047.0
3050,0,gGGgrrrGGggGrGr,3055.0
3055,1,gGGgrrrGGggrrrr,3060.0
3060,2,yyyyrrryyyyrrrr,3063.0
3065,3,rrrrgGgrrrrrGrG,3068.0
3070,3,rrrrgGgrrrrrGrG,3071.0
3075,3,rrrrgGgrrrrrGrG,3076.0
3080,4,rrrrgGgrrrrrrrr,3084.0
3085,5,rrrryyyrrrrrrrr,3087.0
3090,0,gGGgrrrGGggGrGr,3092.0
3095,1,gGGgrrrGGggrrrr,3097.0
3100,3,rrrrgGgrrrrrGrG,3105.0
3105,4,rrrrgGgrrrrrrrr,3110.0
3110,5,rrrryyyrrrrrrrr,3113.0
3115,0,gGGgrrrGGggGrGr,3118.0
3120,1,gGGgrrrGGggrrrr,3123.0
3125,2,yyyyrrryyyyrrrr,3126.0
3130,3,rrrrgGgrrrrrGrG,3131.0
3135,4,rrrrgGgrrrrrrrr,3136.0
3140,0,gGGgrrrGGggGrGr,3144.0
3145,1,gGGgrrrGGggrrrr,3149.0
3150,2,yyyyrrryyyyrrrr,3152.0
3155,3,rrrrgGgrrrrrGrG,3157.0
3160,4,rrrrgGgrrrrrrrr,3163.0
3165,5,rrrryyyrrrrrrrr,3166.0
3170,0,gGGgrrrGGggGrGr,3171.0
3175,1,gGGgrrrGGggrrrr,3176.0
3180,3,rrrrgGgrrrrrGrG,3184.0
3185,3,rrrrgGgrrrrrGrG,3186.0
3190,3,rrrrgGgrrrrrGrG,3192.0
3195,4,rrrrgGgrrrrrrrr,3199.0
3200,5,rrrryyyrrrrrrrr,3202.0
3205,0,gGGgrrrGGggGrGr,3207.0
3210,1,gGGgrrrGGggrrrr,3212.0
3215,3,rrrrgGgrrrrrGrG,3220.0
3220,4,rrrrgGgrrrrrrrr,3225.0
3225,5,rrrryyyrrrrrrrr,3228.0
3230,0,gGGgrrrGGggGrGr,3233.0
3235,0,gGGgrrrGGggGrGr,3236.0
3240,1,gGGgrrrGGggrrrr,3241.0
3245,3,rrrrgGgrrrrrGrG,3249.0
3250,3,rrrrgGgrrrrrGrG,3251.0
3255,3,rrrrgGgrrrrrGrG,3256.0
3260,4,rrrrgGgrrrrrrrr,3261.0
3265,0,gGGgrrrGGggGrGr,3269.0
3270,1,gGGgrrrGGggrrrr,3274.0
3275,2,yyyyrrryyyyrrrr,3277.0
3280,3,rrrrgGgrrrrrGrG,3282.0
3285,4,rrrrgGgrrrrrrrr,3287.0
3290,0,gGGgrrrGGggGrGr,3295.0
3295,1,gGGgrrrGGggrrrr,3300.0
3300,2,yyyyrrryyyyrrrr,3303.0
3305,3,rrrrgGgrrrrrGrG,3308.0
3310,4,rrrrgGgrrrrrrrr,3313.0
3315,5,rrrryyyrrrrrrrr,3316.0
3320,0,gGGgrrrGGggGrGr,3321.0
3325,1,gGGgrrrGGggrrrr,3326.0
3330,3,rrrrgGgrrrrrGrG,3334.0
3335,4,rrrrgGgrrrrrrrr,3339.0
3340,5,rrrryyyrrrrrrrr,3342.0
3345,0,gGGgrrrGGggGrGr,3347.0
3350,0,gGGgrrrGGggGrGr,3351.0
3355,1,gGGgrrrGGggrrrr,3356.0
3360,3,rrrrgGgrrrrrGrG,3364.0
3365,4,rrrrgGgrrrrrrrr,3369.0
3370,5,rrrryyyrrrrrrrr,3372.0
3375,0,gGGgrrrGGggGrGr,3377.0
3380,0,gGGgrrrGGggGrGr,3381.0
3385,1,gGGgrrrGGggrrrr,3386.0
3390,3,rrrrgGgrrrrrGrG,3394.0
3395,4,rrrrgGgrrrrrrrr,3399.0
3400,5,rrrryyyrrrrrrrr,3402.0
3405,0,gGGgrrrGGggGrGr,3407.0
3410,1,gGGgrrrGGggrrrr,3412.0
3415,3,rrrrgGgrrrrrGrG,3420.0
3420,4,rrrrgGgrrrrrrrr,3425.0
3425,5,rrrryyyrrrrrrrr,3428.0
3430,0,gGGgrrrGGggGrGr,3433.0
3435,1,gGGgrrrGGggrrrr,3438.0
3440,2,yyyyrrryyyyrrrr,3441.0
3445,3,rrrrgGgrrrrrGrG,3446.0
3450,4,rrrrgGgrrrrrrrr,3451.0
3455,0,gGGgrrrGGggGrGr,3459.0
3460,0,gGGgrrrGGggGrGr,3461.0
3465,1,gGGgrrrGGggrrrr,3469.0
3470,2,yyyyrrryyyyrrrr,3472.0
3475,3,rrrrgGgrrrrrGrG,3477.0
3480,4,rrrrgGgrrrrrrrr,3482.0
3485,0,gGGgrrrGGggGrGr,3490.0
3490,0,gGGgrrrGGggGrGr,3491.0
3495,1,gGGgrrrGGggrrrr,3496.0
3500,3,rrrrgGgrrrrrGrG,3504.0
3505,4,rrrrgGgrrrrrrrr,3509.0
3510,5,rrrryyyrrrrrrrr,3512.0
3515,0,gGGgrrrGGggGrGr,3517.0
3520,0,gGGgrrrGGggGrGr,3522.0
3525,0,gGGgrrrGGggGrGr,3527.0
3530,0,gGGgrrrGGggGrGr,3532.0
3535,0,gGGgrrrGGggGrGr,3536.0
3540,1,gGGgrrrGGggrrrr,3541.0
3545,3,rrrrgGgrrrrrGrG,3549.0
3550,4,rrrrgGgrrrrrrrr,3554.0
3555,5,rrrryyyrrrrrrrr,3557.0
3560,0,gGGgrrrGGggGrGr,3562.0
3565,1,gGGgrrrGGggrrrr,3567.0
3570,3,rrrrgGgrrrrrGrG,3575.0
3575,4,rrrrgGgrrrrrrrr,3580.0
3580,5,rrrryyyrrrrrrrr,3583.0
3585,0,gGGgrrrGGggGrGr,3588.0
3590,0,gGGgrrrGGggGrGr,3591.0
3595,1,gGGgrrrGGggrrrr,3596.0
3600,3,rrrrgGgrrrrrGrG,3604.0
3605,4,rrrrgGgrrrrrrrr,3609.0
3610,5,rrrryyyrrrrrrrr,3612.0
3615,0,gGGgrrrGGggGrGr,3617.0
3620,0,gGGgrrrGGggGrGr,3621.0
3625,1,gGGgrrrGGggrrrr,3629.0
3630,2,yyyyrrryyyyrrrr,3632.0
3635,3,rrrrgGgrrrrrGrG,3637.0
3640,4,rrrrgGgrrrrrrrr,3645.0
3645,5,rrrryyyrrrrrrrr,3648.0
3650,0,gGGgrrrGGggGrGr,3653.0
3655,1,gGGgrrrGGggrrrr,3658.0
3660,2,yyyyrrryyyyrrrr,3661.0
3665,3,rrrrgGgrrrrrGrG,3666.0
3670,4,rrrrgGgrrrrrrrr,3672.0
3675,0,gGGgrrrGGggGrGr,3680.0
3680,0,gGGgrrrGGggGrGr,3682.0
3685,0,gGGgrrrGGggGrGr,3686.0
3690,1,gGGgrrrGGggrrrr,3692.0
3695,3,rrrrgGgrrrrrGrG,3700.0
3700,4,rrrrgGgrrrrrrrr,3705.0
3705,5,rrrryyyrrrrrrrr,3708.0
3710,0,gGGgrrrGGggGrGr,3713.0
3715,0,gGGgrrrGGggGrGr,3717.0
3720,0,gGGgrrrGGggGrGr,3721.0
3725,1,gGGgrrrGGggrrrr,3726.0
3730,3,rrrrgGgrrrrrGrG,3734.0
3735,4,rrrrgGgrrrrrrrr,3739.0
3740,5,rrrryyyrrrrrrrr,3742.0
3745,0,gGGgrrrGGggGrGr,3747.0
3750,1,gGGgrrrGGggrrrr,3752.0
3755,3,rrrrgGgrrrrrGrG,3760.0
3760,4,rrrrgGgrrrrrrrr,3765.0
3765,5,rrrryyyrrrrrrrr,3768.0
3770,0,gGGgrrrGGggGrGr,3773.0
3775,1,gGGgrrrGGggrrrr,3778.0
3780,2,yyyyrrryyyyrrrr,3781.0
3785,3,rrrrgGgrrrrrGrG,3786.0
3790,4,rrrrgGgrrrrrrrr,3791.0
3795,0,gGGgrrrGGggGrGr,3799.0
3800,0,gGGgrrrGGggGrGr,3801.0
3805,0,gGGgrrrGGggGrGr,3807.0
3810,0,gGGgrrrGGggGrGr,3812.0
3815,0,gGGgrrrGGggGrGr,3816.0
3820,0,gGGgrrrGGggGrGr,3821.0
3825,1,gGGgrrrGGggrrrr,3826.0
3830,3,rrrrgGgrrrrrGrG,3834.0
3835,4,rrrrgGgrrrrrrrr,3839.0
3840,5,rrrryyyrrrrrrrr,3842.0
3845,0,gGGgrrrGGggGrGr,3847.0
3850,1,gGGgrrrGGggrrrr,3852.0
3855,3,rrrrgGgrrrrrGrG,3860.0
3860,4,rrrrgGgrrrrrrrr,3865.0
3865,5,rrrryyyrrrrrrrr,3868.0
3870,0,gGGgrrrGGggGrGr,3873.0
3875,0,gGGgrrrGGggGrGr,3876.0
3880,1,gGGgrrrGGggrrrr,3885.0
3885,2,yyyyrrryyyyrrrr,3888.0
3890,3,rrrrgGgrrrrrGrG,3893.0
3895,4,rrrrgGgrrrrrrrr,3898.0
3900,5,rrrryyyrrrrrrrr,3901.0
3905,0,gGGgrrrGGggGrGr,3906.0
3910,1,gGGgrrrGGggrrrr,3911.0
3915,3,rrrrgGgrrrrrGrG,3919.0
3920,4,rrrrgGgrrrrrrrr,3924.0
3925,5,rrrryyyrrrrrrrr,3927.0
3930,0,gGGgrrrGGggGrGr,3932.0
3935,1,gGGgrrrGGggrrrr,3937.0
3940,3,rrrrgGgrrrrrGrG,3945.0
3945,4,rrrrgGgrrrrrrrr,3950.0
3950,5,rrrryyyrrrrrrrr,3953.0
3955,0,gGGgrrrGGggGrGr,3958.0
3960,1,gGGgrrrGGggrrrr,3963.0
3965,2,yyyyrrryyyyrrrr,3966.0
3970,3,rrrrgGgrrrrrGrG,3971.0
3975,4,rrrrgGgrrrrrrrr,3977.0
3980,0,gGGgrrrGGggGrGr,3985.0
3985,1,gGGgrrrGGggrrrr,3990.0
3990,2,yyyyrrryyyyrrrr,3993.0
3995,3,rrrrgGgrrrrrGrG,3998.0
4000,4,rrrrgGgrrrrrrrr,4003.0
4005,5,rrrryyyrrrrrrrr,4006.0
4010,0,gGGgrrrGGggGrGr,4011.0
4015,1,gGGgrrrGGggrrrr,4016.0
4020,3,rrrrgGgrrrrrGrG,4024.0
4025,3,rrrrgGgrrrrrGrG,4026.0
4030,4,rrrrgGgrrrrrrrr,4031.0
4035,0,gGGgrrrGGggGrGr,4039.0
4040,1,gGGgrrrGGggrrrr,4044.0
4045,2,yyyyrrryyyyrrrr,4047.0
4050,3,rrrrgGgrrrrrGrG,4052.0
4055,4,rrrrgGgrrrrrrrr,4057.0
4060,0,gGGgrrrGGggGrGr,4065.0
4065,1,gGGgrrrGGggrrrr,4070.0
4070,2,yyyyrrryyyyrrrr,4073.0
4075,3,rrrrgGgrrrrrGrG,4078.0
4080,4,rrrrgGgrrrrrrrr,4083.0
4085,5,rrrryyyrrrrrrrr,4086.0
4090,0,gGGgrrrGGggGrGr,4091.0
4095,1,gGGgrrrGGggrrrr,4096.0
4100,3,rrrrgGgrrrrrGrG,4104.0
4105,3,rrrrgGgrrrrrGrG,4106.0
4110,3,rrrrgGgrrrrrGrG,4111.0
4115,4,rrrrgGgrrrrrrrr,4116.0
4120,0,gGGgrrrGGggGrGr,4124.0
4125,1,gGGgrrrGGggrrrr,4129.0
4130,2,yyyyrrryyyyrrrr,4132.0
4135,3,rrrrgGgrrrrrGrG,4137.0
4140,4,rrrrgGgrrrrrrrr,4142.0
4145,0,gGGgrrrGGggGrGr,4150.0
4150,1,gGGgrrrGGggrrrr,4155.0
4155,2,yyyyrrryyyyrrrr,4158.0
4160,3,rrrrgGgrrrrrGrG,4163.0
4165,4,rrrrgGgrrrrrrrr,4168.0
4170,5,rrrryyyrrrrrrrr,4171.0
4175,0,gGGgrrrGGggGrGr,4176.0
4180,1,gGGgrrrGGggrrrr,4181.0
4185,3,rrrrgGgrrrrrGrG,4189.0
4190,4,rrrrgGgrrrrrrrr,4194.0
4195,5,rrrryyyrrrrrrrr,4197.0
4200,0,gGGgrrrGGggGrGr,4202.0
4205,1,gGGgrrrGGggrrrr,4207.0
4210,3,rrrrgGgrrrrrGrG,4215.0
4215,4,rrrrgGgrrrrrrrr,4220.0
4220,5,rrrryyyrrrrrrrr,4223.0
4225,0,gGGgrrrGGggGrGr,4228.0
4230,1,gGGgrrrGGggrrrr,4233.0
4235,2,yyyyrrryyyyrrrr,4236.0
4240,3,rrrrgGgrrrrrGrG,4241.0
4245,4,rrrrgGgrrrrrrrr,4246.0
4250,0,gGGgrrrGGggGrGr,4254.0
4255,1,gGGgrrrGGggrrrr,4259.0
4260,2,yyyyrrryyyyrrrr,4262.0
4265,3,rrrrgGgrrrrrGrG,4267.0
4270,4,rrrrgGgrrrrrrrr,4272.0
4275,0,gGGgrrrGGggGrGr,4280.0
4280,1,gGGgrrrGGggrrrr,4285.0
4285,2,yyyyrrryyyyrrrr,4288.0
4290,3,rrrrgGgrrrrrGrG,4293.0
4295,4,rrrrgGgrrrrrrrr,4298.0
4300,5,rrrryyyrrrrrrrr,4301.0
4305,0,gGGgrrrGGggGrGr,4306.0
4310,1,gGGgrrrGGggrrrr,4311.0
4315,3,rrrrgGgrrrrrGrG,4319.0
4320,4,rrrrgGgrrrrrrrr,4324.0
4325,5,rrrryyyrrrrrrrr,4327.0
4330,0,gGGgrrrGGggGrGr,4332.0
4335,1,gGGgrrrGGggrrrr,4337.0
4340,3,rrrrgGgrrrrrGrG,4345.0
4345,4,rrrrgGgrrrrrrrr,4350.0
4350,5,rrrryyyrrrrrrrr,4353.0
4355,0,gGGgrrrGGggGrGr,4358.0
4360,1,gGGgrrrGGggrrrr,4363.0
4365,2,yyyyrrryyyyrrrr,4366.0
4370,3,rrrrgGgrrrrrGrG,4371.0
4375,4,rrrrgGgrrrrrrrr,4376.0
4380,0,gGGgrrrGGggGrGr,4384.0
4385,1,gGGgrrrGGggrrrr,4389.0
4390,2,yyyyrrryyyyrrrr,4392.0
4395,3,rrrrgGgrrrrrGrG,4397.0
4400,4,rrrrgGgrrrrrrrr,4402.0
4405,0,gGGgrrrGGggGrGr,4410.0
4410,1,gGGgrrrGGggrrrr,4415.0
4415,2,yyyyrrryyyyrrrr,4418.0
4420,3,rrrrgGgrrrrrGrG,4423.0
4425,3,rrrrgGgrrrrrGrG,4426.0
4430,4,rrrrgGgrrrrrrrr,4432.0
4435,0,gGGgrrrGGggGrGr,4440.0
4440,1,gGGgrrrGGggrrrr,4445.0
4445,2,yyyyrrryyyyrrrr,4448.0
4450,3,rrrrgGgrrrrrGrG,4453.0
4455,4,rrrrgGgrrrrrrrr,4458.0
4460,5,rrrryyyrrrrrrrr,4461.0
4465,0,gGGgrrrGGggGrGr,4466.0
4470,1,gGGgrrrGGggrrrr,4471.0
4475,3,rrrrgGgrrrrrGrG,4479.0
4480,4,rrrrgGgrrrrrrrr,4484.0
4485,5,rrrryyyrrrrrrrr,4487.0
4490,0,gGGgrrrGGggGrGr,4492.0
4495,1,gGGgrrrGGggrrrr,4497.0
4500,3,rrrrgGgrrrrrGrG,4505.0
4505,4,rrrrgGgrrrrrrrr,4510.0
4510,5,rrrryyyrrrrrrrr,4513.0
4515,0,gGGgrrrGGggGrGr,4518.0
4520,1,gGGgrrrGGggrrrr,4523.0
4525,2,yyyyrrryyyyrrrr,4526.0
4530,3,rrrrgGgrrrrrGrG,4531.0
4535,4,rrrrgGgrrrrrrrr,4536.0
4540,0,gGGgrrrGGggGrGr,4544.0
4545,1,gGGgrrrGGggrrrr,4549.0
4550,2,yyyyrrryyyyrrrr,4552.0
4555,3,rrrrgGgrrrrrGrG,4557.0
4560,4,rrrrgGgrrrrrrrr,4562.0
4565,0,gGGgrrrGGggGrGr,4570.0
4570,1,gGGgrrrGGggrrrr,4575.0
4575,2,yyyyrrryyyyrrrr,4578.0
4580,3,rrrrgGgrrrrrGrG,4583.0
4585,4,rrrrgGgrrrrrrrr,4588.0
4590,5,rrrryyyrrrrrrrr,4591.0
4595,0,gGGgrrrGGggGrGr,4596.0
4600,1,gGGgrrrGGggrrrr,4601.0
4605,3,rrrrgGgrrrrrGrG,4609.0
4610,4,rrrrgGgrrrrrrrr,4614.0
4615,5,rrrryyyrrrrrrrr,4617.0
4620,0,gGGgrrrGGggGrGr,4622.0
4625,1,gGGgrrrGGggrrrr,4627.0
4630,3,rrrrgGgrrrrrGrG,4635.0
4635,4,rrrrgGgrrrrrrrr,4640.0
4640,5,rrrryyyrrrrrrrr,4643.0
4645,0,gGGgrrrGGggGrGr,4648.0
4650,1,gGGgrrrGGggrrrr,4653.0
4655,2,yyyyrrryyyyrrrr,4656.0
4660,3,rrrrgGgrrrrrGrG,4661.0
4665,4,rrrrgGgrrrrrrrr,4666.0
4670,0,gGGgrrrGGggGrGr,4674.0
4675,1,gGGgrrrGGggrrrr,4679.0
4680,2,yyyyrrryyyyrrrr,4682.0
4685,3,rrrrgGgrrrrrGrG,4687.0
4690,4,rrrrgGgrrrrrrrr,4692.0
4695,0,gGGgrrrGGggGrGr,4700.0
4700,1,gGGgrrrGGggrrrr,4705.0
4705,2,yyyyrrryyyyrrrr,4708.0
4710,3,rrrrgGgrrrrrGrG,4713.0
4715,4,rrrrgGgrrrrrrrr,4719.0
4720,5,rrrryyyrrrrrrrr,4722.0
4725,0,gGGgrrrGGggGrGr,4727.0
4730,1,gGGgrrrGGggrrrr,4732.0
4735,3,rrrrgGgrrrrrGrG,4740.0
4740,4,rrrrgGgrrrrrrrr,4745.0
4745,5,rrrryyyrrrrrrrr,4748.0
4750,0,gGGgrrrGGggGrGr,4753.0
4755,1,gGGgrrrGGggrrrr,4758.0
4760,2,yyyyrrryyyyrrrr,4761.0
4765,3,rrrrgGgrrrrrGrG,4766.0
4770,4,rrrrgGgrrrrrrrr,4771.0
4775,0,gGGgrrrGGggGrGr,4779.0
4780,1,gGGgrrrGGggrrrr,4784.0
4785,2,yyyyrrryyyyrrrr,4787.0
4790,3,rrrrgGgrrrrrGrG,4792.0
4795,4,rrrrgGgrrrrrrrr,4797.0
4800,0,gGGgrrrGGggGrGr,4805.0
4805,1,gGGgrrrGGggrrrr,4810.0
4810,2,yyyyrrryyyyrrrr,4813.0
4815,3,rrrrgGgrrrrrGrG,4818.0
4820,4,rrrrgGgrrrrrrrr,4823.0
4825,5,rrrryyyrrrrrrrr,4826.0
4830,0,gGGgrrrGGggGrGr,4831.0
4835,1,gGGgrrrGGggrrrr,4840.0
4840,2,yyyyrrryyyyrrrr,4843.0
4845,3,rrrrgGgrrrrrGrG,4848.0
4850,4,rrrrgGgrrrrrrrr,4853.0
4855,5,rrrryyyrrrrrrrr,4856.0
4860,0,gGGgrrrGGggGrGr,4861.0
4865,1,gGGgrrrGGggrrrr,4866.0
4870,3,rrrrgGgrrrrrGrG,4874.0
4875,4,rrrrgGgrrrrrrrr,4879.0
4880,5,rrrryyyrrrrrrrr,4882.0
4885,0,gGGgrrrGGggGrGr,4887.0
4890,1,gGGgrrrGGggrrrr,4892.0
4895,3,rrrrgGgrrrrrGrG,4900.0
4900,4,rrrrgGgrrrrrrrr,4905.0
4905,5,rrrryyyrrrrrrrr,4908.0
4910,0,gGGgrrrGGggGrGr,4913.0
4915,1,gGGgrrrGGggrrrr,4918.0
4920,2,yyyyrrryyyyrrrr,4921.0
4925,3,rrrrgGgrrrrrGrG,4926.0
4930,4,rrrrgGgrrrrrrrr,4931.0
4935,0,gGGgrrrGGggGrGr,4939.0
4940,1,gGGgrrrGGggrrrr,4944.0
4945,2,yyyyrrryyyyrrrr,4947.0
4950,3,rrrrgGgrrrrrGrG,4952.0
4955,4,rrrrgGgrrrrrrrr,4957.0
4960,0,gGGgrrrGGggGrGr,4965.0
4965,1,gGGgrrrGGggrrrr,4970.0
4970,2,yyyyrrryyyyrrrr,4973.0
4975,3,rrrrgGgrrrrrGrG,4978.0
4980,4,rrrrgGgrrrrrrrr,4983.0
4985,5,rrrryyyrrrrrrrr,4986.0
4990,0,gGGgrrrGGggGrGr,4991.0
4995,1,gGGgrrrGGggrrrr,4996.0
5000,3,rrrrgGgrrrrrGrG,5004.0
5005,4,rrrrgGgrrrrrrrr,5009.0
5010,5,rrrryyyrrrrrrrr,5012.0
5015,0,gGGgrrrGGggGrGr,5017.0
5020,1,gGGgrrrGGggrrrr,5022.0
5025,3,rrrrgGgrrrrrGrG,5030.0
5030,4,rrrrgGgrrrrrrrr,5035.0
5035,5,rrrryyyrrrrrrrr,5038.0
5040,0,gGGgrrrGGggGrGr,5043.0
5045,1,gGGgrrrGGggrrrr,5048.0
5050,2,yyyyrrryyyyrrrr,5051.0
5055,3,rrrrgGgrrrrrGrG,5056.0
5060,4,rrrrgGgrrrrrrrr,5061.0
5065,0,gGGgrrrGGggGrGr,5069.0
5070,1,gGGgrrrGGggrrrr,5074.0
5075,2,yyyyrrryyyyrrrr,5077.0
5080,3,rrrrgGgrrrrrGrG,5082.0
5085,4,rrrrgGgrrrrrrrr,5087.0
5090,0,gGGgrrrGGggGrGr,5095.0
5095,1,gGGgrrrGGggrrrr,5100.0
5100,2,yyyyrrryyyyrrrr,5103.0
5105,3,rrrrgGgrrrrrGrG,5108.0
5110,4,rrrrgGgrrrrrrrr,5113.0
5115,5,rrrryyyrrrrrrrr,5116.0
5120,0,gGGgrrrGGggGrGr,5121.0
5125,1,gGGgrrrGGggrrrr,5126.0
5130,3,rrrrgGgrrrrrGrG,5134.0
5135,4,rrrrgGgrrrrrrrr,5139.0
5140,5,rrrryyyrrrrrrrr,5142.0
5145,0,gGGgrrrGGggGrGr,5147.0
5150,1,gGGgrrrGGggrrrr,5152.0
5155,3,rrrrgGgrrrrrGrG,5160.0
5160,4,rrrrgGgrrrrrrrr,5165.0
5165,5,rrrryyyrrrrrrrr,5168.0
5170,0,gGGgrrrGGggGrGr,5173.0
5175,1,gGGgrrrGGggrrrr,5178.0
5180,2,yyyyrrryyyyrrrr,5181.0
5185,3,rrrrgGgrrrrrGrG,5186.0
5190,4,rrrrgGgrrrrrrrr,5191.0
5195,0,gGGgrrrGGggGrGr,5199.0
5200,1,gGGgrrrGGggrrrr,5204.0
5205,2,yyyyrrryyyyrrrr,5207.0
5210,3,rrrrgGgrrrrrGrG,5212.0
5215,4,rrrrgGgrrrrrrrr,5217.0
5220,0,gGGgrrrGGggGrGr,5225.0
5225,1,gGGgrrrGGggrrrr,5230.0
5230,2,yyyyrrryyyyrrrr,5233.0
5235,3,rrrrgGgrrrrrGrG,5238.0
5240,4,rrrrgGgrrrrrrrr,5243.0
5245,5,rrrryyyrrrrrrrr,5246.0
5250,0,gGGgrrrGGggGrGr,5251.0
5255,1,gGGgrrrGGggrrrr,5256.0
5260,3,rrrrgGgrrrrrGrG,5264.0
5265,4,rrrrgGgrrrrrrrr,5269.0
5270,5,rrrryyyrrrrrrrr,5272.0
5275,0,gGGgrrrGGggGrGr,5277.0
5280,1,gGGgrrrGGggrrrr,5282.0
5285,3,rrrrgGgrrrrrGrG,5290.0
5290,4,rrrrgGgrrrrrrrr,5295.0
5295,5,rrrryyyrrrrrrrr,5298.0
5300,0,gGGgrrrGGggGrGr,5303.0
5305,1,gGGgrrrGGggrrrr,5308.0
5310,2,yyyyrrryyyyrrrr,5311.0
5315,3,rrrrgGgrrrrrGrG,5316.0
5320,4,rrrrgGgrrrrrrrr,5321.0
5325,0,gGGgrrrGGggGrGr,5329.0
5330,1,gGGgrrrGGggrrrr,5334.0
5335,2,yyyyrrryyyyrrrr,5337.0
5340,3,rrrrgGgrrrrrGrG,5342.0
5345,3,rrrrgGgrrrrrGrG,5346.0
5350,4,rrrrgGgrrrrrrrr,5353.0
5355,5,rrrryyyrrrrrrrr,5356.0
5360,0,gGGgrrrGGggGrGr,5361.0
5365,1,gGGgrrrGGggrrrr,5366.0
5370,3,rrrrgGgrrrrrGrG,5374.0
5375,4,rrrrgGgrrrrrrrr,5379.0
5380,5,rrrryyyrrrrrrrr,5382.0
5385,0,gGGgrrrGGggGrGr,5387.0
5390,1,gGGgrrrGGggrrrr,5392.0
5395,3,rrrrgGgrrrrrGrG,5400.0
5400,4,rrrrgGgrrrrrrrr,5405.0
5405,5,rrrryyyrrrrrrrr,5408.0
5410,0,gGGgrrrGGggGrGr,5413.0
5415,1,gGGgrrrGGggrrrr,5418.0
5420,2,yyyyrrryyyyrrrr,5421.0
5425,3,rrrrgGgrrrrrGrG,5426.0
5430,4,rrrrgGgrrrrrrrr,5431.0
5435,0,gGGgrrrGGggGrGr,5439.0
5440,1,gGGgrrrGGggrrrr,5444.0
5445,2,yyyyrrryyyyrrrr,5447.0
5450,3,rrrrgGgrrrrrGrG,5452.0
5455,4,rrrrgGgrrrrrrrr,5457.0
5460,0,gGGgrrrGGggGrGr,5465.0
5465,1,gGGgrrrGGggrrrr,5470.0
5470,2,yyyyrrryyyyrrrr,5473.0
5475,3,rrrrgGgrrrrrGrG,5478.0
5480,4,rrrrgGgrrrrrrrr,5483.0
5485,5,rrrryyyrrrrrrrr,5486.0
5490,0,gGGgrrrGGggGrGr,5491.0
5495,1,gGGgrrrGGggrrrr,5496.0
5500,3,rrrrgGgrrrrrGrG,5504.0
5505,4,rrrrgGgrrrrrrrr,5509.0
5510,5,rrrryyyrrrrrrrr,5512.0
5515,0,gGGgrrrGGggGrGr,5517.0
5520,1,gGGgrrrGGggrrrr,5522.0
5525,3,rrrrgGgrrrrrGrG,5530.0
5530,4,rrrrgGgrrrrrrrr,5535.0
5535,5,rrrryyyrrrrrrrr,5538.0
5540,0,gGGgrrrGGggGrGr,5543.0
5545,1,gGGgrrrGGggrrrr,5548.0
5550,2,yyyyrrryyyyrrrr,5551.0
5555,3,rrrrgGgrrrrrGrG,5556.0
5560,4,rrrrgGgrrrrrrrr,5561.0
5565,0,gGGgrrrGGggGrGr,5569.0
5570,1,gGGgrrrGGggrrrr,5574.0
5575,2,yyyyrrryyyyrrrr,5577.0
5580,3,rrrrgGgrrrrrGrG,5582.0
5585,4,rrrrgGgrrrrrrrr,5587.0
5590,0,gGGgrrrGGggGrGr,5595.0
5595,1,gGGgrrrGGggrrrr,5600.0
5600,2,yyyyrrryyyyrrrr,5603.0
5605,3,rrrrgGgrrrrrGrG,5608.0
5610,4,rrrrgGgrrrrrrrr,5613.0
5615,5,rrrryyyrrrrrrrr,5616.0
5620,0,gGGgrrrGGggGrGr,5621.0
5625,1,gGGgrrrGGggrrrr,5626.0
5630,3,rrrrgGgrrrrrGrG,5634.0
5635,4,rrrrgGgrrrrrrrr,5639.0
5640,5,rrrryyyrrrrrrrr,5642.0
5645,0,gGGgrrrGGggGrGr,5647.0
5650,1,gGGgrrrGGggrrrr,5652.0
5655,3,rrrrgGgrrrrrGrG,5660.0
5660,4,rrrrgGgrrrrrrrr,5665.0
5665,5,rrrryyyrrrrrrrr,5668.0
5670,0,gGGgrrrGGggGrGr,5673.0
5675,1,gGGgrrrGGggrrrr,5678.0
5680,2,yyyyrrryyyyrrrr,5681.0
5685,3,rrrrgGgrrrrrGrG,5686.0
5690,4,rrrrgGgrrrrrrrr,5691.0
5695,0,gGGgrrrGGggGrGr,5699.0
5700,1,gGGgrrrGGggrrrr,5704.0
5705,2,yyyyrrryyyyrrrr,5707.0
5710,3,rrrrgGgrrrrrGrG,5712.0
5715,4,rrrrgGgrrrrrrrr,5717.0
5720,0,gGGgrrrGGggGrGr,5725.0
5725,1,gGGgrrrGGggrrrr,5730.0
5730,2,yyyyrrryyyyrrrr,5733.0
5735,3,rrrrgGgrrrrrGrG,5738.0
5740,4,rrrrgGgrrrrrrrr,5743.0
5745,5,rrrryyyrrrrrrrr,5746.0
5750,0,gGGgrrrGGggGrGr,5751.0
5755,1,gGGgrrrGGggrrrr,5756.0
5760,3,rrrrgGgrrrrrGrG,5764.0
5765,4,rrrrgGgrrrrrrrr,5769.0
5770,5,rrrryyyrrrrrrrr,5772.0
5775,0,gGGgrrrGGggGrGr,5777.0
5780,1,gGGgrrrGGggrrrr,5782.0
5785,3,rrrrgGgrrrrrGrG,5790.0
5790,4,rrrrgGgrrrrrrrr,5795.0
5795,5,rrrryyyrrrrrrrr,5798.0
5800,0,gGGgrrrGGggGrGr,5803.0
5805,1,gGGgrrrGGggrrrr,5808.0
5810,2,yyyyrrryyyyrrrr,5811.0
5815,3,rrrrgGgrrrrrGrG,5816.0
5820,4,rrrrgGgrrrrrrrr,5821.0
5825,0,gGGgrrrGGggGrGr,5829.0
5830,1,gGGgrrrGGggrrrr,5834.0
5835,2,yyyyrrryyyyrrrr,5837.0
5840,3,rrrrgGgrrrrrGrG,5842.0
5845,4,rrrrgGgrrrrrrrr,5847.0
5850,0,gGGgrrrGGggGrGr,5855.0
5855,1,gGGgrrrGGggrrrr,5860.0
5860,2,yyyyrrryyyyrrrr,5863.0
5865,3,rrrrgGgrrrrrGrG,5868.0
5870,4,rrrrgGgrrrrrrrr,5873.0
5875,5,rrrryyyrrrrrrrr,5876.0
5880,0,gGGgrrrGGggGrGr,5881.0
5885,1,gGGgrrrGGggrrrr,5886.0
5890,3,rrrrgGgrrrrrGrG,5894.0
5895,4,rrrrgGgrrrrrrrr,5899.0
5900,5,rrrryyyrrrrrrrr,5902.0
5905,0,gGGgrrrGGggGrGr,5907.0
5910,1,gGGgrrrGGggrrrr,5912.0
5915,3,rrrrgGgrrrrrGrG,5920.0
5920,4,rrrrgGgrrrrrrrr,5925.0
5925,5,rrrryyyrrrrrrrr,5928.0
5930,0,gGGgrrrGGggGrGr,5933.0
5935,1,gGGgrrrGGggrrrr,5938.0
5940,2,yyyyrrryyyyrrrr,5941.0
5945,3,rrrrgGgrrrrrGrG,5946.0
5950,4,rrrrgGgrrrrrrrr,5951.0
5955,0,gGGgrrrGGggGrGr,5959.0
5960,1,gGGgrrrGGggrrrr,5964.0
5965,2,yyyyrrryyyyrrrr,5967.0
5970,3,rrrrgGgrrrrrGrG,5972.0
5975,4,rrrrgGgrrrrrrrr,5977.0
5980,0,gGGgrrrGGggGrGr,5985.0
5985,1,gGGgrrrGGggrrrr,5990.0
5990,2,yyyyrrryyyyrrrr,5993.0
5995,3,rrrrgGgrrrrrGrG,5998.0
6000,4,rrrrgGgrrrrrrrr,6003.0
6005,5,rrrryyyrrrrrrrr,6006.0
6010,0,gGGgrrrGGggGrGr,6011.0
6015,1,gGGgrrrGGggrrrr,6016.0
6020,3,rrrrgGgrrrrrGrG,6024.0
6025,4,rrrrgGgrrrrrrrr,6029.0
6030,5,rrrryyyrrrrrrrr,6032.0
6035,0,gGGgrrrGGggGrGr,6037.0
6040,1,gGGgrrrGGggrrrr,6042.0
6045,3,rrrrgGgrrrrrGrG,6050.0
6050,4,rrrrgGgrrrrrrrr,6055.0
6055,5,rrrryyyrrrrrrrr,6058.0
6060,0,gGGgrrrGGggGrGr,6063.0
6065,1,gGGgrrrGGggrrrr,6068.0
6070,2,yyyyrrryyyyrrrr,6071.0
6075,3,rrrrgGgrrrrrGrG,6076.0
6080,4,rrrrgGgrrrrrrrr,6081.0
6085,0,gGGgrrrGGggGrGr,6089.0
6090,1,gGGgrrrGGggrrrr,6094.0
6095,2,yyyyrrryyyyrrrr,6097.0
6100,3,rrrrgGgrrrrrGrG,6102.0
6105,4,rrrrgGgrrrrrrrr,6107.0
6110,0,gGGgrrrGGggGrGr,6115.0
6115,1,gGGgrrrGGggrrrr,6120.0
6120,2,yyyyrrryyyyrrrr,6123.0
6125,3,rrrrgGgrrrrrGrG,6128.0
6130,4,rrrrgGgrrrrrrrr,6133.0
6135,5,rrrryyyrrrrrrrr,6136.0
6140,0,gGGgrrrGGggGrGr,6141.0
6145,1,gGGgrrrGGggrrrr,6146.0
6150,3,rrrrgGgrrrrrGrG,6154.0
6155,4,rrrrgGgrrrrrrrr,6159.0
6160,5,rrrryyyrrrrrrrr,6162.0
6165,0,gGGgrrrGGggGrGr,6167.0
6170,1,gGGgrrrGGggrrrr,6172.0
6175,3,rrrrgGgrrrrrGrG,6180.0
6180,4,rrrrgGgrrrrrrrr,6185.0
6185,5,rrrryyyrrrrrrrr,6188.0
6190,0,gGGgrrrGGggGrGr,6193.0
6195,1,gGGgrrrGGggrrrr,6198.0
6200,2,yyyyrrryyyyrrrr,6201.0
6205,3,rrrrgGgrrrrrGrG,6206.0
6210,4,rrrrgGgrrrrrrrr,6211.0
6215,0,gGGgrrrGGggGrGr,6219.0
6220,1,gGGgrrrGGggrrrr,6224.0
6225,2,yyyyrrryyyyrrrr,6227.0
6230,3,rrrrgGgrrrrrGrG,6232.0
6235,4,rrrrgGgrrrrrrrr,6237.0
6240,0,gGGgrrrGGggGrGr,6245.0
6245,1,gGGgrrrGGggrrrr,6250.0
6250,2,yyyyrrryyyyrrrr,6253.0
6255,3,rrrrgGgrrrrrGrG,6258.0
6260,4,rrrrgGgrrrrrrrr,6263.0
6265,5,rrrryyyrrrrrrrr,6266.0
6270,0,gGGgrrrGGggGrGr,6271.0
6275,1,gGGgrrrGGggrrrr,6276.0
6280,3,rrrrgGgrrrrrGrG,6284.0
6285,4,rrrrgGgrrrrrrrr,6289.0
6290,5,rrrryyyrrrrrrrr,6292.0
6295,0,gGGgrrrGGggGrGr,6297.0
6300,1,gGGgrrrGGggrrrr,6302.0
6305,3,rrrrgGgrrrrrGrG,6310.0
6310,4,rrrrgGgrrrrrrrr,6315.0
6315,5,rrrryyyrrrrrrrr,6318.0
6320,0,gGGgrrrGGggGrGr,6323.0
6325,1,gGGgrrrGGggrrrr,6328.0
6330,2,yyyyrrryyyyrrrr,6331.0
6335,3,rrrrgGgrrrrrGrG,6336.0
6340,4,rrrrgGgrrrrrrrr,6341.0
6345,0,gGGgrrrGGggGrGr,6349.0
6350,1,gGGgrrrGGggrrrr,6354.0
6355,2,yyyyrrryyyyrrrr,6357.0
6360,3,rrrrgGgrrrrrGrG,6362.0
6365,4,rrrrgGgrrrrrrrr,6367.0
6370,0,gGGgrrrGGggGrGr,6375.0
6375,1,gGGgrrrGGggrrrr,6380.0
6380,2,yyyyrrryyyyrrrr,6383.0
6385,3,rrrrgGgrrrrrGrG,6388.0
6390,4,rrrrgGgrrrrrrrr,6393.0
6395,5,rrrryyyrrrrrrrr,6396.0
6400,0,gGGgrrrGGggGrGr,6401.0
6405,1,gGGgrrrGGggrrrr,6406.0
6410,3,rrrrgGgrrrrrGrG,6414.0
6415,4,rrrrgGgrrrrrrrr,6419.0
6420,5,rrrryyyrrrrrrrr,6422.0
6425,0,gGGgrrrGGggGrGr,6427.0
6430,1,gGGgrrrGGggrrrr,6432.0
6435,3,rrrrgGgrrrrrGrG,6440.0
6440,4,rrrrgGgrrrrrrrr,6445.0
6445,5,rrrryyyrrrrrrrr,6448.0
6450,0,gGGgrrrGGggGrGr,6453.0
6455,1,gGGgrrrGGggrrrr,6458.0
6460,2,yyyyrrryyyyrrrr,6461.0
6465,3,rrrrgGgrrrrrGrG,6466.0
6470,4,rrrrgGgrrrrrrrr,6471.0
6475,0,gGGgrrrGGggGrGr,6479.0
6480,1,gGGgrrrGGggrrrr,6484.0
6485,2,yyyyrrryyyyrrrr,6487.0
6490,3,rrrrgGgrrrrrGrG,6492.0
6495,4,rrrrgGgrrrrrrrr,6497.0
6500,0,gGGgrrrGGggGrGr,6505.0
6505,1,gGGgrrrGGggrrrr,6510.0
6510,2,yyyyrrryyyyrrrr,6513.0
6515,3,rrrrgGgrrrrrGrG,6518.0
6520,4,rrrrgGgrrrrrrrr,6523.0
6525,5,rrrryyyrrrrrrrr,6526.0
6530,0,gGGgrrrGGggGrGr,6531.0
6535,1,gGGgrrrGGggrrrr,6536.0
6540,3,rrrrgGgrrrrrGrG,6544.0
6545,4,rrrrgGgrrrrrrrr,6549.0
6550,5,rrrryyyrrrrrrrr,6552.0
6555,0,gGGgrrrGGggGrGr,6557.0
6560,1,gGGgrrrGGggrrrr,6562.0
6565,3,rrrrgGgrrrrrGrG,6570.0
6570,4,rrrrgGgrrrrrrrr,6575.0
6575,5,rrrryyyrrrrrrrr,6578.0
6580,0,gGGgrrrGGggGrGr,6583.0
6585,1,gGGgrrrGGggrrrr,6588.0
6590,2,yyyyrrryyyyrrrr,6591.0
6595,3,rrrrgGgrrrrrGrG,6596.0
6600,4,rrrrgGgrrrrrrrr,6601.0
6605,0,gGGgrrrGGggGrGr,6609.0
6610,1,gGGgrrrGGggrrrr,6614.0
6615,2,yyyyrrryyyyrrrr,6617.0
6620,3,rrrrgGgrrrrrGrG,6622.0
6625,4,rrrrgGgrrrrrrrr,6627.0
6630,0,gGGgrrrGGggGrGr,6635.0
6635,1,gGGgrrrGGggrrrr,6640.0
6640,2,yyyyrrryyyyrrrr,6643.0
6645,3,rrrrgGgrrrrrGrG,6648.0
6650,4,rrrrgGgrrrrrrrr,6653.0
6655,5,rrrryyyrrrrrrrr,6656.0
6660,0,gGGgrrrGGggGrGr,6661.0
6665,1,gGGgrrrGGggrrrr,6666.0
6670,3,rrrrgGgrrrrrGrG,6674.0
6675,4,rrrrgGgrrrrrrrr,6679.0
6680,5,rrrryyyrrrrrrrr,6682.0
6685,0,gGGgrrrGGggGrGr,6687.0
6690,1,gGGgrrrGGggrrrr,6692.0
6695,3,rrrrgGgrrrrrGrG,6700.0
6700,4,rrrrgGgrrrrrrrr,6705.0
6705,5,rrrryyyrrrrrrrr,6708.0
6710,0,gGGgrrrGGggGrGr,6713.0
6715,1,gGGgrrrGGggrrrr,6718.0
6720,2,yyyyrrryyyyrrrr,6721.0
6725,3,rrrrgGgrrrrrGrG,6726.0
6730,4,rrrrgGgrrrrrrrr,6731.0
6735,0,gGGgrrrGGggGrGr,6739.0
6740,1,gGGgrrrGGggrrrr,6744.0
6745,2,yyyyrrryyyyrrrr,6747.0
6750,3,rrrrgGgrrrrrGrG,6752.0
6755,4,rrrrgGgrrrrrrrr,6757.0
6760,0,gGGgrrrGGggGrGr,6765.0
6765,1,gGGgrrrGGggrrrr,6770.0
6770,2,yyyyrrryyyyrrrr,6773.0
6775,3,rrrrgGgrrrrrGrG,6778.0
6780,4,rrrrgGgrrrrrrrr,6783.0
6785,5,rrrryyyrrrrrrrr,6786.0
6790,0,gGGgrrrGGggGrGr,6791.0
6795,1,gGGgrrrGGggrrrr,6796.0
6800,3,rrrrgGgrrrrrGrG,6804.0
6805,4,rrrrgGgrrrrrrrr,6809.0
6810,5,rrrryyyrrrrrrrr,6812.0
6815,0,gGGgrrrGGggGrGr,6817.0
6820,1,gGGgrrrGGggrrrr,6822.0
6825,3,rrrrgGgrrrrrGrG,6830.0
6830,4,rrrrgGgrrrrrrrr,6835.0
6835,5,rrrryyyrrrrrrrr,6838.0
6840,0,gGGgrrrGGggGrGr,6843.0
6845,1,gGGgrrrGGggrrrr,6848.0
6850,2,yyyyrrryyyyrrrr,6851.0
6855,3,rrrrgGgrrrrrGrG,6856.0
6860,4,rrrrgGgrrrrrrrr,6861.0
6865,0,gGGgrrrGGggGrGr,6869.0
6870,1,gGGgrrrGGggrrrr,6874.0
6875,2,yyyyrrryyyyrrrr,6877.0
6880,3,rrrrgGgrrrrrGrG,6882.0
6885,4,rrrrgGgrrrrrrrr,6887.0
6890,0,gGGgrrrGGggGrGr,6895.0
6895,1,gGGgrrrGGggrrrr,6900.0
6900,2,yyyyrrryyyyrrrr,6903.0
6905,3,rrrrgGgrrrrrGrG,6908.0
6910,4,rrrrgGgrrrrrrrr,6913.0
6915,5,rrrryyyrrrrrrrr,6916.0
6920,0,gGGgrrrGGggGrGr,6921.0
6925,1,gGGgrrrGGggrrrr,6926.0
6930,3,rrrrgGgrrrrrGrG,6934.0
6935,4,rrrrgGgrrrrrrrr,6939.0
6940,5,rrrryyyrrrrrrrr,6942.0
6945,0,gGGgrrrGGggGrGr,6947.0
6950,1,gGGgrrrGGggrrrr,6952.0
6955,3,rrrrgGgrrrrrGrG,6960.0
6960,4,rrrrgGgrrrrrrrr,6965.0
6965,5,rrrryyyrrrrrrrr,6968.0
6970,0,gGGgrrrGGggGrGr,6973.0
6975,1,gGGgrrrGGggrrrr,6978.0
6980,2,yyyyrrryyyyrrrr,6981.0
6985,3,rrrrgGgrrrrrGrG,6986.0
6990,4,rrrrgGgrrrrrrrr,6991.0
6995,0,gGGgrrrGGggGrGr,6999.0
7000,1,gGGgrrrGGggrrrr,7004.0
7005,2,yyyyrrryyyyrrrr,7007.0
7010,3,rrrrgGgrrrrrGrG,7012.0
7015,4,rrrrgGgrrrrrrrr,7017.0
7020,0,gGGgrrrGGggGrGr,7025.0
7025,1,gGGgrrrGGggrrrr,7030.0
7030,2,yyyyrrryyyyrrrr,7033.0
7035,3,rrrrgGgrrrrrGrG,7038.0
7040,4,rrrrgGgrrrrrrrr,7043.0
7045,5,rrrryyyrrrrrrrr,7046.0
7050,0,gGGgrrrGGggGrGr,7051.0
7055,1,gGGgrrrGGggrrrr,7056.0
7060,3,rrrrgGgrrrrrGrG,7064.0
7065,4,rrrrgGgrrrrrrrr,7069.0
7070,5,rrrryyyrrrrrrrr,7072.0
7075,0,gGGgrrrGGggGrGr,7077.0
7080,1,gGGgrrrGGggrrrr,7082.0
7085,3,rrrrgGgrrrrrGrG,7090.0
7090,4,rrrrgGgrrrrrrrr,7095.0
7095,5,rrrryyyrrrrrrrr,7098.0
7100,0,gGGgrrrGGggGrGr,7103.0
7105,1,gGGgrrrGGggrrrr,7108.0
7110,2,yyyyrrryyyyrrrr,7111.0
7115,3,rrrrgGgrrrrrGrG,7116.0
7120,4,rrrrgGgrrrrrrrr,7121.0
7125,0,gGGgrrrGGggGrGr,7129.0
7130,1,gGGgrrrGGggrrrr,7134.0
7135,2,yyyyrrryyyyrrrr,7137.0
7140,3,rrrrgGgrrrrrGrG,7142.0
7145,4,rrrrgGgrrrrrrrr,7147.0
7150,0,gGGgrrrGGggGrGr,7155.0
7155,1,gGGgrrrGGggrrrr,7160.0
7160,2,yyyyrrryyyyrrrr,7163.0
7165,3,rrrrgGgrrrrrGrG,7168.0
7170,4,rrrrgGgrrrrrrrr,7173.0
7175,5,rrrryyyrrrrrrrr,7176.0
7180,0,gGGgrrrGGggGrGr,7181.0
7185,1,gGGgrrrGGggrrrr,7186.0
7190,3,rrrrgGgrrrrrGrG,7194.0
7195,4,rrrrgGgrrrrrrrr,7199.0
7200,5,rrrryyyrrrrrrrr,7202.0
7205,0,gGGgrrrGGggGrGr,7207.0
7210,1,gGGgrrrGGggrrrr,7212.0
7215,3,rrrrgGgrrrrrGrG,7220.0
7220,4,rrrrgGgrrrrrrrr,7225.0
7225,5,rrrryyyrrrrrrrr,7228.0
7230,0,gGGgrrrGGggGrGr,7233.0
7235,1,gGGgrrrGGggrrrr,7238.0
7240,2,yyyyrrryyyyrrrr,7241.0
7245,3,rrrrgGgrrrrrGrG,7246.0
7250,4,rrrrgGgrrrrrrrr,7251.0
7255,0,gGGgrrrGGggGrGr,7259.0
7260,1,gGGgrrrGGggrrrr,7264.0
7265,2,yyyyrrryyyyrrrr,7267.0
7270,3,rrrrgGgrrrrrGrG,7272.0
7275,4,rrrrgGgrrrrrrrr,7277.0
7280,0,gGGgrrrGGggGrGr,7285.0
7285,1,gGGgrrrGGggrrrr,7290.0
7290,2,yyyyrrryyyyrrrr,7293.0
7295,3,rrrrgGgrrrrrGrG,7298.0
7300,4,rrrrgGgrrrrrrrr,7303.0
7305,5,rrrryyyrrrrrrrr,7306.0
7310,0,gGGgrrrGGggGrGr,7311.0
7315,1,gGGgrrrGGggrrrr,7316.0
7320,3,rrrrgGgrrrrrGrG,7324.0
7325,4,rrrrgGgrrrrrrrr,7329.0
7330,5,rrrryyyrrrrrrrr,7332.0
7335,0,gGGgrrrGGggGrGr,7337.0
7340,1,gGGgrrrGGggrrrr,7342.0
7345,3,rrrrgGgrrrrrGrG,7350.0
7350,4,rrrrgGgrrrrrrrr,7355.0
7355,5,rrrryyyrrrrrrrr,7358.0
7360,0,gGGgrrrGGggGrGr,7363.0
7365,1,gGGgrrrGGggrrrr,7368.0
7370,2,yyyyrrryyyyrrrr,7371.0
7375,3,rrrrgGgrrrrrGrG,7376.0
7380,4,rrrrgGgrrrrrrrr,7381.0
7385,0,gGGgrrrGGggGrGr,7389.0
7390,1,gGGgrrrGGggrrrr,7394.0
7395,2,yyyyrrryyyyrrrr,7397.0
7400,3,rrrrgGgrrrrrGrG,7402.0
7405,4,rrrrgGgrrrrrrrr,7407.0
7410,0,gGGgrrrGGggGrGr,7415.0
7415,1,gGGgrrrGGggrrrr,7420.0
7420,2,yyyyrrryyyyrrrr,7423.0
7425,3,rrrrgGgrrrrrGrG,7428.0
7430,4,rrrrgGgrrrrrrrr,7433.0
7435,5,rrrryyyrrrrrrrr,7436.0
7440,0,gGGgrrrGGggGrGr,7441.0
7445,1,gGGgrrrGGggrrrr,7446.0
7450,3,rrrrgGgrrrrrGrG,7454.0
7455,4,rrrrgGgrrrrrrrr,7459.0
7460,5,rrrryyyrrrrrrrr,7462.0
7465,0,gGGgrrrGGggGrGr,7467.0
7470,1,gGGgrrrGGggrrrr,7472.0
7475,3,rrrrgGgrrrrrGrG,7480.0
7480,4,rrrrgGgrrrrrrrr,7485.0
7485,5,rrrryyyrrrrrrrr,7488.0
7490,0,gGGgrrrGGggGrGr,7493.0
7495,1,gGGgrrrGGggrrrr,7498.0
7500,2,yyyyrrryyyyrrrr,7501.0
7505,3,rrrrgGgrrrrrGrG,7506.0
7510,4,rrrrgGgrrrrrrrr,7511.0
7515,0,gGGgrrrGGggGrGr,7519.0
7520,1,gGGgrrrGGggrrrr,7524.0
7525,2,yyyyrrryyyyrrrr,7527.0
7530,3,rrrrgGgrrrrrGrG,7532.0
7535,4,rrrrgGgrrrrrrrr,7537.0
7540,0,gGGgrrrGGggGrGr,7545.0
7545,1,gGGgrrrGGggrrrr,7550.0
7550,2,yyyyrrryyyyrrrr,7553.0
7555,3,rrrrgGgrrrrrGrG,7558.0
7560,4,rrrrgGgrrrrrrrr,7563.0
7565,5,rrrryyyrrrrrrrr,7566.0
7570,0,gGGgrrrGGggGrGr,7571.0
7575,1,gGGgrrrGGggrrrr,7576.0
7580,3,rrrrgGgrrrrrGrG,7584.0
7585,4,rrrrgGgrrrrrrrr,7589.0
7590,5,rrrryyyrrrrrrrr,7592.0
7595,0,gGGgrrrGGggGrGr,7597.0
7600,1,gGGgrrrGGggrrrr,7602.0
7605,3,rrrrgGgrrrrrGrG,7610.0
7610,4,rrrrgGgrrrrrrrr,7615.0
7615,5,rrrryyyrrrrrrrr,7618.0
7620,0,gGGgrrrGGggGrGr,7623.0
7625,1,gGGgrrrGGggrrrr,7628.0
7630,2,yyyyrrryyyyrrrr,7631.0
7635,3,rrrrgGgrrrrrGrG,7636.0
7640,4,rrrrgGgrrrrrrrr,7641.0
7645,0,gGGgrrrGGggGrGr,7649.0
7650,1,gGGgrrrGGggrrrr,7654.0
7655,2,yyyyrrryyyyrrrr,7657.0
7660,3,rrrrgGgrrrrrGrG,7662.0
7665,4,rrrrgGgrrrrrrrr,7667.0
7670,0,gGGgrrrGGggGrGr,7675.0
7675,1,gGGgrrrGGggrrrr,7680.0
7680,2,yyyyrrryyyyrrrr,7683.0
7685,3,rrrrgGgrrrrrGrG,7688.0
7690,4,rrrrgGgrrrrrrrr,7693.0
7695,5,rrrryyyrrrrrrrr,7696.0
7700,0,gGGgrrrGGggGrGr,7701.0
7705,1,gGGgrrrGGggrrrr,7706.0
7710,3,rrrrgGgrrrrrGrG,7714.0
7715,4,rrrrgGgrrrrrrrr,7719.0
7720,5,rrrryyyrrrrrrrr,7722.0
7725,0,gGGgrrrGGggGrGr,7727.0
7730,1,gGGgrrrGGggrrrr,7732.0
7735,3,rrrrgGgrrrrrGrG,7740.0
7740,4,rrrrgGgrrrrrrrr,7745.0
7745,5,rrrryyyrrrrrrrr,7748.0
7750,0,gGGgrrrGGggGrGr,7753.0
7755,1,gGGgrrrGGggrrrr,7758.0
7760,2,yyyyrrryyyyrrrr,7761.0
7765,3,rrrrgGgrrrrrGrG,7766.0
7770,4,rrrrgGgrrrrrrrr,7771.0
7775,0,gGGgrrrGGggGrGr,7779.0
7780,1,gGGgrrrGGggrrrr,7784.0
7785,2,yyyyrrryyyyrrrr,7787.0
7790,3,rrrrgGgrrrrrGrG,7792.0
7795,4,rrrrgGgrrrrrrrr,7797.0
7800,0,gGGgrrrGGggGrGr,7805.0
7805,1,gGGgrrrGGggrrrr,7810.0
7810,2,yyyyrrryyyyrrrr,7813.0
7815,3,rrrrgGgrrrrrGrG,7818.0
7820,4,rrrrgGgrrrrrrrr,7823.0
7825,5,rrrryyyrrrrrrrr,7826.0
7830,0,gGGgrrrGGggGrGr,7831.0
7835,1,gGGgrrrGGggrrrr,7836.0
7840,3,rrrrgGgrrrrrGrG,7844.0
7845,4,rrrrgGgrrrrrrrr,7849.0
7850,5,rrrryyyrrrrrrrr,7852.0
7855,0,gGGgrrrGGggGrGr,7857.0
7860,1,gGGgrrrGGggrrrr,7862.0
7865,3,rrrrgGgrrrrrGrG,7870.0
7870,4,rrrrgGgrrrrrrrr,7875.0
7875,5,rrrryyyrrrrrrrr,7878.0
7880,0,gGGgrrrGGggGrGr,7883.0
7885,1,gGGgrrrGGggrrrr,7888.0
7890,2,yyyyrrryyyyrrrr,7891.0
7895,3,rrrrgGgrrrrrGrG,7896.0
7900,4,rrrrgGgrrrrrrrr,7901.0
7905,0,gGGgrrrGGggGrGr,7909.0
7910,1,gGGgrrrGGggrrrr,7914.0
7915,2,yyyyrrryyyyrrrr,7917.0
7920,3,rrrrgGgrrrrrGrG,7922.0
7925,4,rrrrgGgrrrrrrrr,7927.0
7930,0,gGGgrrrGGggGrGr,7935.0
7935,1,gGGgrrrGGggrrrr,7940.0
7940,2,yyyyrrryyyyrrrr,7943.0
7945,3,rrrrgGgrrrrrGrG,7948.0
7950,4,rrrrgGgrrrrrrrr,7953.0
7955,5,rrrryyyrrrrrrrr,7956.0
7960,0,gGGgrrrGGggGrGr,7961.0
7965,1,gGGgrrrGGggrrrr,7966.0
7970,3,rrrrgGgrrrrrGrG,7974.0
7975,4,rrrrgGgrrrrrrrr,7979.0
7980,5,rrrryyyrrrrrrrr,7982.0
7985,0,gGGgrrrGGggGrGr,7987.0
7990,1,gGGgrrrGGggrrrr,7992.0
7995,3,rrrrgGgrrrrrGrG,8000.0
8000,4,rrrrgGgrrrrrrrr,8005.0
8005,5,rrrryyyrrrrrrrr,8008.0
8010,0,gGGgrrrGGggGrGr,8013.0
8015,1,gGGgrrrGGggrrrr,8018.0
8020,2,yyyyrrryyyyrrrr,8021.0
8025,3,rrrrgGgrrrrrGrG,8026.0
8030,4,rrrrgGgrrrrrrrr,8031.0
8035,0,gGGgrrrGGggGrGr,8039.0
8040,1,gGGgrrrGGggrrrr,8044.0
8045,2,yyyyrrryyyyrrrr,8047.0
8050,3,rrrrgGgrrrrrGrG,8052.0
8055,4,rrrrgGgrrrrrrrr,8057.0
8060,0,gGGgrrrGGggGrGr,8065.0
8065,1,gGGgrrrGGggrrrr,8070.0
8070,2,yyyyrrryyyyrrrr,8073.0
8075,3,rrrrgGgrrrrrGrG,8078.0
8080,4,rrrrgGgrrrrrrrr,8083.0
8085,5,rrrryyyrrrrrrrr,8086.0
8090,0,gGGgrrrGGggGrGr,8091.0
8095,1,gGGgrrrGGggrrrr,8096.0
8100,3,rrrrgGgrrrrrGrG,8104.0
8105,4,rrrrgGgrrrrrrrr,8109.0
8110,5,rrrryyyrrrrrrrr,8112.0
8115,0,gGGgrrrGGggGrGr,8117.0
8120,1,gGGgrrrGGggrrrr,8122.0
8125,3,rrrrgGgrrrrrGrG,8130.0
8130,4,rrrrgGgrrrrrrrr,8135.0
8135,5,rrrryyyrrrrrrrr,8138.0
8140,0,gGGgrrrGGggGrGr,8143.0
8145,1,gGGgrrrGGggrrrr,8148.0
8150,2,yyyyrrryyyyrrrr,8151.0
8155,3,rrrrgGgrrrrrGrG,8156.0
8160,4,rrrrgGgrrrrrrrr,8161.0
8165,0,gGGgrrrGGggGrGr,8169.0
8170,1,gGGgrrrGGggrrrr,8174.0
8175,2,yyyyrrryyyyrrrr,8177.0
8180,3,rrrrgGgrrrrrGrG,8182.0
8185,4,rrrrgGgrrrrrrrr,8187.0
8190,0,gGGgrrrGGggGrGr,8195.0
8195,1,gGGgrrrGGggrrrr,8200.0
8200,2,yyyyrrryyyyrrrr,8203.0
8205,3,rrrrgGgrrrrrGrG,8208.0
8210,4,rrrrgGgrrrrrrrr,8213.0
8215,5,rrrryyyrrrrrrrr,8216.0
8220,0,gGGgrrrGGggGrGr,8221.0
8225,1,gGGgrrrGGggrrrr,8226.0
8230,3,rrrrgGgrrrrrGrG,8234.0
8235,4,rrrrgGgrrrrrrrr,8239.0
8240,5,rrrryyyrrrrrrrr,8242.0
8245,0,gGGgrrrGGggGrGr,8247.0
8250,1,gGGgrrrGGggrrrr,8252.0
8255,3,rrrrgGgrrrrrGrG,8260.0
8260,4,rrrrgGgrrrrrrrr,8265.0
8265,5,rrrryyyrrrrrrrr,8268.0
8270,0,gGGgrrrGGggGrGr,8273.0
8275,1,gGGgrrrGGggrrrr,8278.0
8280,2,yyyyrrryyyyrrrr,8281.0
8285,3,rrrrgGgrrrrrGrG,8286.0
8290,4,rrrrgGgrrrrrrrr,8291.0
8295,0,gGGgrrrGGggGrGr,8299.0
8300,1,gGGgrrrGGggrrrr,8304.0
8305,2,yyyyrrryyyyrrrr,8307.0
8310,3,rrrrgGgrrrrrGrG,8312.0
8315,4,rrrrgGgrrrrrrrr,8317.0
8320,0,gGGgrrrGGggGrGr,8325.0
8325,1,gGGgrrrGGggrrrr,8330.0
8330,2,yyyyrrryyyyrrrr,8333.0
8335,3,rrrrgGgrrrrrGrG,8338.0
8340,4,rrrrgGgrrrrrrrr,8343.0
8345,5,rrrryyyrrrrrrrr,8346.0
8350,0,gGGgrrrGGggGrGr,8351.0
8355,1,gGGgrrrGGggrrrr,8356.0
8360,3,rrrrgGgrrrrrGrG,8364.0
8365,4,rrrrgGgrrrrrrrr,8369.0
8370,5,rrrryyyrrrrrrrr,8372.0
8375,0,gGGgrrrGGggGrGr,8377.0
8380,1,gGGgrrrGGggrrrr,8382.0
8385,3,rrrrgGgrrrrrGrG,8390.0
8390,4,rrrrgGgrrrrrrrr,8395.0
8395,5,rrrryyyrrrrrrrr,8398.0
8400,0,gGGgrrrGGggGrGr,8403.0
8405,1,gGGgrrrGGggrrrr,8408.0
8410,2,yyyyrrryyyyrrrr,8411.0
8415,3,rrrrgGgrrrrrGrG,8416.0
8420,4,rrrrgGgrrrrrrrr,8421.0
8425,0,gGGgrrrGGggGrGr,8429.0
8430,1,gGGgrrrGGggrrrr,8434.0
8435,2,yyyyrrryyyyrrrr,8437.0
8440,3,rrrrgGgrrrrrGrG,8442.0
8445,4,rrrrgGgrrrrrrrr,8447.0
8450,0,gGGgrrrGGggGrGr,8455.0
8455,1,gGGgrrrGGggrrrr,8460.0
8460,2,yyyyrrryyyyrrrr,8463.0
8465,3,rrrrgGgrrrrrGrG,8468.0
8470,4,rrrrgGgrrrrrrrr,8473.0
8475,5,rrrryyyrrrrrrrr,8476.0
8480,0,gGGgrrrGGggGrGr,8481.0
8485,1,gGGgrrrGGggrrrr,8486.0
8490,3,rrrrgGgrrrrrGrG,8494.0
8495,4,rrrrgGgrrrrrrrr,8499.0
8500,5,rrrryyyrrrrrrrr,8502.0
8505,0,gGGgrrrGGggGrGr,8507.0
8510,1,gGGgrrrGGggrrrr,8512.0
8515,3,rrrrgGgrrrrrGrG,8520.0
8520,4,rrrrgGgrrrrrrrr,8525.0
8525,5,rrrryyyrrrrrrrr,8528.0
8530,0,gGGgrrrGGggGrGr,8533.0
8535,1,gGGgrrrGGggrrrr,8538.0
8540,2,yyyyrrryyyyrrrr,8541.0
8545,3,rrrrgGgrrrrrGrG,8546.0
8550,4,rrrrgGgrrrrrrrr,8551.0
8555,0,gGGgrrrGGggGrGr,8559.0
8560,1,gGGgrrrGGggrrrr,8564.0
8565,2,yyyyrrryyyyrrrr,8567.0
8570,3,rrrrgGgrrrrrGrG,8572.0
8575,4,rrrrgGgrrrrrrrr,8577.0
8580,0,gGGgrrrGGggGrGr,8585.0
8585,1,gGGgrrrGGggrrrr,8590.0
8590,2,yyyyrrryyyyrrrr,8593.0
8595,3,rrrrgGgrrrrrGrG,8598.0
8600,4,rrrrgGgrrrrrrrr,8603.0
8605,5,rrrryyyrrrrrrrr,8606.0
8610,0,gGGgrrrGGggGrGr,8611.0
8615,1,gGGgrrrGGggrrrr,8616.0
8620,3,rrrrgGgrrrrrGrG,8624.0
8625,4,rrrrgGgrrrrrrrr,8629.0
8630,5,rrrryyyrrrrrrrr,8632.0
8635,0,gGGgrrrGGggGrGr,8637.0
8640,1,gGGgrrrGGggrrrr,8642.0
8645,3,rrrrgGgrrrrrGrG,8650.0
8650,4,rrrrgGgrrrrrrrr,8655.0
8655,5,rrrryyyrrrrrrrr,8658.0
8660,0,gGGgrrrGGggGrGr,8663.0
8665,1,gGGgrrrGGggrrrr,8668.0
8670,2,yyyyrrryyyyrrrr,8671.0
8675,3,rrrrgGgrrrrrGrG,8676.0
8680,4,rrrrgGgrrrrrrrr,8681.0
8685,0,gGGgrrrGGggGrGr,8689.0
8690,1,gGGgrrrGGggrrrr,8694.0
8695,2,yyyyrrryyyyrrrr,8697.0
8700,3,rrrrgGgrrrrrGrG,8702.0
8705,4,rrrrgGgrrrrrrrr,8707.0
8710,0,gGGgrrrGGggGrGr,8715.0
8715,1,gGGgrrrGGggrrrr,8720.0
8720,2,yyyyrrryyyyrrrr,8723.0
8725,3,rrrrgGgrrrrrGrG,8728.0
8730,4,rrrrgGgrrrrrrrr,8733.0
8735,5,rrrryyyrrrrrrrr,8736.0
8740,0,gGGgrrrGGggGrGr,8741.0
8745,1,gGGgrrrGGggrrrr,8746.0
8750,3,rrrrgGgrrrrrGrG,8754.0
8755,4,rrrrgGgrrrrrrrr,8759.0
8760,5,rrrryyyrrrrrrrr,8762.0
8765,0,gGGgrrrGGggGrGr,8767.0
8770,1,gGGgrrrGGggrrrr,8772.0
8775,3,rrrrgGgrrrrrGrG,8780.0
8780,4,rrrrgGgrrrrrrrr,8785.0
8785,5,rrrryyyrrrrrrrr,8788.0
8790,0,gGGgrrrGGggGrGr,8793.0
8795,1,gGGgrrrGGggrrrr,8798.0
8800,2,yyyyrrryyyyrrrr,8801.0
8805,3,rrrrgGgrrrrrGrG,8806.0
8810,4,rrrrgGgrrrrrrrr,8811.0
8815,0,gGGgrrrGGggGrGr,8819.0
8820,1,gGGgrrrGGggrrrr,8824.0
8825,2,yyyyrrryyyyrrrr,8827.0
8830,3,rrrrgGgrrrrrGrG,8832.0
8835,4,rrrrgGgrrrrrrrr,8837.0
8840,0,gGGgrrrGGggGrGr,8845.0
8845,1,gGGgrrrGGggrrrr,8850.0
8850,2,yyyyrrryyyyrrrr,8853.0
8855,3,rrrrgGgrrrrrGrG,8858.0
8860,4,rrrrgGgrrrrrrrr,8863.0
8865,5,rrrryyyrrrrrrrr,8866.0
8870,0,gGGgrrrGGggGrGr,8871.0
8875,1,gGGgrrrGGggrrrr,8876.0
8880,3,rrrrgGgrrrrrGrG,8884.0
8885,4,rrrrgGgrrrrrrrr,8889.0
8890,5,rrrryyyrrrrrrrr,8892.0
8895,0,gGGgrrrGGggGrGr,8897.0
8900,1,gGGgrrrGGggrrrr,8902.0
8905,3,rrrrgGgrrrrrGrG,8910.0
8910,4,rrrrgGgrrrrrrrr,8915.0
8915,5,rrrryyyrrrrrrrr,8918.0
8920,0,gGGgrrrGGggGrGr,8923.0
8925,1,gGGgrrrGGggrrrr,8928.0
8930,2,yyyyrrryyyyrrrr,8931.0
8935,3,rrrrgGgrrrrrGrG,8936.0
8940,4,rrrrgGgrrrrrrrr,8941.0
8945,0,gGGgrrrGGggGrGr,8949.0
8950,1,gGGgrrrGGggrrrr,8954.0
8955,2,yyyyrrryyyyrrrr,8957.0
8960,3,rrrrgGgrrrrrGrG,8962.0
8965,4,rrrrgGgrrrrrrrr,8967.0
8970,0,gGGgrrrGGggGrGr,8975.0
8975,1,gGGgrrrGGggrrrr,8980.0
8980,2,yyyyrrryyyyrrrr,8983.0
8985,3,rrrrgGgrrrrrGrG,8988.0
8990,4,rrrrgGgrrrrrrrr,8993.0
8995,5,rrrryyyrrrrrrrr,8996.0
9000,0,gGGgrrrGGggGrGr,9001.0
9005,1,gGGgrrrGGggrrrr,9006.0
9010,3,rrrrgGgrrrrrGrG,9014.0
9015,4,rrrrgGgrrrrrrrr,9019.0
9020,5,rrrryyyrrrrrrrr,9022.0
9025,0,gGGgrrrGGggGrGr,9027.0
9030,1,gGGgrrrGGggrrrr,9032.0
9035,3,rrrrgGgrrrrrGrG,9040.0
9040,4,rrrrgGgrrrrrrrr,9045.0
9045,5,rrrryyyrrrrrrrr,9048.0
9050,0,gGGgrrrGGggGrGr,9053.0
9055,1,gGGgrrrGGggrrrr,9058.0
9060,2,yyyyrrryyyyrrrr,9061.0
9065,3,rrrrgGgrrrrrGrG,9066.0
9070,4,rrrrgGgrrrrrrrr,9071.0
9075,0,gGGgrrrGGggGrGr,9079.0
9080,1,gGGgrrrGGggrrrr,9084.0
9085,2,yyyyrrryyyyrrrr,9087.0
9090,3,rrrrgGgrrrrrGrG,9092.0
9095,4,rrrrgGgrrrrrrrr,9097.0
9100,0,gGGgrrrGGggGrGr,9105.0
9105,1,gGGgrrrGGggrrrr,9110.0
9110,2,yyyyrrryyyyrrrr,9113.0
9115,3,rrrrgGgrrrrrGrG,9118.0
9120,4,rrrrgGgrrrrrrrr,9123.0
9125,5,rrrryyyrrrrrrrr,9126.0
9130,0,gGGgrrrGGggGrGr,9131.0
9135,1,gGGgrrrGGggrrrr,9136.0
9140,3,rrrrgGgrrrrrGrG,9144.0
9145,4,rrrrgGgrrrrrrrr,9149.0
9150,5,rrrryyyrrrrrrrr,9152.0
9155,0,gGGgrrrGGggGrGr,9157.0
9160,1,gGGgrrrGGggrrrr,9162.0
9165,3,rrrrgGgrrrrrGrG,9170.0
9170,4,rrrrgGgrrrrrrrr,9175.0
9175,5,rrrryyyrrrrrrrr,9178.0
9180,0,gGGgrrrGGggGrGr,9183.0
9185,1,gGGgrrrGGggrrrr,9188.0
9190,2,yyyyrrryyyyrrrr,9191.0
9195,3,rrrrgGgrrrrrGrG,9196.0
9200,4,rrrrgGgrrrrrrrr,9201.0
9205,0,gGGgrrrGGggGrGr,9209.0
9210,1,gGGgrrrGGggrrrr,9214.0
9215,2,yyyyrrryyyyrrrr,9217.0
9220,3,rrrrgGgrrrrrGrG,9222.0
9225,4,rrrrgGgrrrrrrrr,9227.0
9230,0,gGGgrrrGGggGrGr,9235.0
9235,1,gGGgrrrGGggrrrr,9240.0
9240,2,yyyyrrryyyyrrrr,9243.0
9245,3,rrrrgGgrrrrrGrG,9248.0
9250,4,rrrrgGgrrrrrrrr,9253.0
9255,5,rrrryyyrrrrrrrr,9256.0
9260,0,gGGgrrrGGggGrGr,9261.0
9265,1,gGGgrrrGGggrrrr,9266.0
9270,3,rrrrgGgrrrrrGrG,9274.0
9275,4,rrrrgGgrrrrrrrr,9279.0
9280,5,rrrryyyrrrrrrrr,9282.0
9285,0,gGGgrrrGGggGrGr,9287.0
9290,1,gGGgrrrGGggrrrr,9292.0
9295,3,rrrrgGgrrrrrGrG,9300.0
9300,4,rrrrgGgrrrrrrrr,9305.0
9305,5,rrrryyyrrrrrrrr,9308.0
9310,0,gGGgrrrGGggGrGr,9313.0
9315,1,gGGgrrrGGggrrrr,9318.0
9320,2,yyyyrrryyyyrrrr,9321.0
9325,3,rrrrgGgrrrrrGrG,9326.0
9330,4,rrrrgGgrrrrrrrr,9331.0
9335,0,gGGgrrrGGggGrGr,9339.0
9340,1,gGGgrrrGGggrrrr,9344.0
9345,2,yyyyrrryyyyrrrr,9347.0
9350,3,rrrrgGgrrrrrGrG,9352.0
9355,4,rrrrgGgrrrrrrrr,9357.0
9360,0,gGGgrrrGGggGrGr,9365.0
9365,1,gGGgrrrGGggrrrr,9370.0
9370,2,yyyyrrryyyyrrrr,9373.0
9375,3,rrrrgGgrrrrrGrG,9378.0
9380,4,rrrrgGgrrrrrrrr,9383.0
9385,5,rrrryyyrrrrrrrr,9386.0
9390,0,gGGgrrrGGggGrGr,9391.0
9395,1,gGGgrrrGGggrrrr,9396.0
9400,3,rrrrgGgrrrrrGrG,9404.0
9405,4,rrrrgGgrrrrrrrr,9409.0
9410,5,rrrryyyrrrrrrrr,9412.0
9415,0,gGGgrrrGGggGrGr,9417.0
9420,1,gGGgrrrGGggrrrr,9422.0
9425,3,rrrrgGgrrrrrGrG,9430.0
9430,4,rrrrgGgrrrrrrrr,9435.0
9435,5,rrrryyyrrrrrrrr,9438.0
9440,0,gGGgrrrGGggGrGr,9443.0
9445,1,gGGgrrrGGggrrrr,9448.0
9450,2,yyyyrrryyyyrrrr,9451.0
9455,3,rrrrgGgrrrrrGrG,9456.0
9460,4,rrrrgGgrrrrrrrr,9461.0
9465,0,gGGgrrrGGggGrGr,9469.0
9470,1,gGGgrrrGGggrrrr,9474.0
9475,2,yyyyrrryyyyrrrr,9477.0
9480,3,rrrrgGgrrrrrGrG,9482.0
9485,4,rrrrgGgrrrrrrrr,9487.0
9490,0,gGGgrrrGGggGrGr,9495.0
9495,1,gGGgrrrGGggrrrr,9500.0
9500,2,yyyyrrryyyyrrrr,9503.0
9505,3,rrrrgGgrrrrrGrG,9508.0
9510,4,rrrrgGgrrrrrrrr,9513.0
9515,5,rrrryyyrrrrrrrr,9516.0
9520,0,gGGgrrrGGggGrGr,9521.0
9525,1,gGGgrrrGGggrrrr,9526.0
9530,3,rrrrgGgrrrrrGrG,9534.0
9535,4,rrrrgGgrrrrrrrr,9539.0
9540,5,rrrryyyrrrrrrrr,9542.0
9545,0,gGGgrrrGGggGrGr,9547.0
9550,1,gGGgrrrGGggrrrr,9552.0
9555,3,rrrrgGgrrrrrGrG,9560.0
9560,4,rrrrgGgrrrrrrrr,9565.0
9565,5,rrrryyyrrrrrrrr,9568.0
9570,0,gGGgrrrGGggGrGr,9573.0
9575,1,gGGgrrrGGggrrrr,9578.0
9580,2,yyyyrrryyyyrrrr,9581.0
9585,3,rrrrgGgrrrrrGrG,9586.0
9590,4,rrrrgGgrrrrrrrr,9591.0
9595,0,gGGgrrrGGggGrGr,9599.0
9600,1,gGGgrrrGGggrrrr,9604.0
9605,2,yyyyrrryyyyrrrr,9607.0
9610,3,rrrrgGgrrrrrGrG,9612.0
9615,4,rrrrgGgrrrrrrrr,9617.0
9620,0,gGGgrrrGGggGrGr,9625.0
9625,1,gGGgrrrGGggrrrr,9630.0
9630,2,yyyyrrryyyyrrrr,9633.0
9635,3,rrrrgGgrrrrrGrG,9638.0
9640,4,rrrrgGgrrrrrrrr,9643.0
9645,5,rrrryyyrrrrrrrr,9646.0
9650,0,gGGgrrrGGggGrGr,9651.0
9655,1,gGGgrrrGGggrrrr,9656.0
9660,3,rrrrgGgrrrrrGrG,9664.0
9665,4,rrrrgGgrrrrrrrr,9669.0
9670,5,rrrryyyrrrrrrrr,9672.0
9675,0,gGGgrrrGGggGrGr,9677.0
9680,1,gGGgrrrGGggrrrr,9682.0
9685,3,rrrrgGgrrrrrGrG,9690.0
9690,4,rrrrgGgrrrrrrrr,9695.0
9695,5,rrrryyyrrrrrrrr,9698.0
9700,0,gGGgrrrGGggGrGr,9703.0
9705,1,gGGgrrrGGggrrrr,9708.0
9710,2,yyyyrrryyyyrrrr,9711.0
9715,3,rrrrgGgrrrrrGrG,9716.0
9720,4,rrrrgGgrrrrrrrr,9721.0
9725,0,gGGgrrrGGggGrGr,9729.0
9730,1,gGGgrrrGGggrrrr,9734.0
9735,2,yyyyrrryyyyrrrr,9737.0
9740,3,rrrrgGgrrrrrGrG,9742.0
9745,4,rrrrgGgrrrrrrrr,9747.0
9750,0,gGGgrrrGGggGrGr,9755.0
9755,1,gGGgrrrGGggrrrr,9760.0
9760,2,yyyyrrryyyyrrrr,9763.0
9765,3,rrrrgGgrrrrrGrG,9768.0
9770,4,rrrrgGgrrrrrrrr,9773.0
9775,5,rrrryyyrrrrrrrr,9776.0
9780,0,gGGgrrrGGggGrGr,9781.0
9785,1,gGGgrrrGGggrrrr,9786.0
9790,3,rrrrgGgrrrrrGrG,9794.0
9795,4,rrrrgGgrrrrrrrr,9799.0
9800,5,rrrryyyrrrrrrrr,9802.0
9805,0,gGGgrrrGGggGrGr,9807.0
9810,1,gGGgrrrGGggrrrr,9812.0
9815,3,rrrrgGgrrrrrGrG,9820.0
9820,4,rrrrgGgrrrrrrrr,9825.0
9825,5,rrrryyyrrrrrrrr,9828.0
9830,0,gGGgrrrGGggGrGr,9833.0
9835,1,gGGgrrrGGggrrrr,9838.0
9840,2,yyyyrrryyyyrrrr,9841.0
9845,3,rrrrgGgrrrrrGrG,9846.0
9850,4,rrrrgGgrrrrrrrr,9851.0
9855,0,gGGgrrrGGggGrGr,9859.0
9860,1,gGGgrrrGGggrrrr,9864.0
9865,2,yyyyrrryyyyrrrr,9867.0
9870,3,rrrrgGgrrrrrGrG,9872.0
9875,4,rrrrgGgrrrrrrrr,9877.0
9880,0,gGGgrrrGGggGrGr,9885.0
9885,1,gGGgrrrGGggrrrr,9890.0
9890,2,yyyyrrryyyyrrrr,9893.0
9895,3,rrrrgGgrrrrrGrG,9898.0
9900,4,rrrrgGgrrrrrrrr,9903.0
9905,5,rrrryyyrrrrrrrr,9906.0
9910,0,gGGgrrrGGggGrGr,9911.0
9915,1,gGGgrrrGGggrrrr,9916.0
9920,3,rrrrgGgrrrrrGrG,9924.0
9925,4,rrrrgGgrrrrrrrr,9929.0
9930,5,rrrryyyrrrrrrrr,9932.0
9935,0,gGGgrrrGGggGrGr,9937.0
9940,1,gGGgrrrGGggrrrr,9942.0
9945,3,rrrrgGgrrrrrGrG,9950.0
9950,4,rrrrgGgrrrrrrrr,9955.0
9955,5,rrrryyyrrrrrrrr,9958.0
9960,0,gGGgrrrGGggGrGr,9963.0
9965,1,gGGgrrrGGggrrrr,9968.0
9970,2,yyyyrrryyyyrrrr,9971.0
9975,3,rrrrgGgrrrrrGrG,9976.0
9980,4,rrrrgGgrrrrrrrr,9981.0
9985,0,gGGgrrrGGggGrGr,9989.0
9990,1,gGGgrrrGGggrrrr,9994.0
9995,2,yyyyrrryyyyrrrr,9997.0
