0,0,gGGGgrrrrrGGGggrGrG,5.0
5,1,gGGGgrrrrrGGGggrrrr,10.0
10,2,yyyyyrrrrryyyyyrrrr,13.0
15,3,rrrrrgGGggrrrrrGrGr,18.0
20,4,rrrrrgGGggrrrrrrrrr,23.0
25,5,rrrrryyyyyrrrrrrrrr,26.0
30,0,gGGGgrrrrrGGGggrGrG,31.0
35,1,gGGGgrrrrrGGGggrrrr,36.0
40,3,rrrrrgGGggrrrrrGrGr,44.0
45,4,rrrrrgGGggrrrrrrrrr,49.0
50,5,rrrrryyyyyrrrrrrrrr,52.0
55,0,gGGGgrrrrrGGGggrGrG,57.0
60,1,gGGGgrrrrrGGGggrrrr,62.0
65,3,rrrrrgGGggrrrrrGrGr,70.0
70,4,rrrrrgGGggrrrrrrrrr,75.0
75,5,rrrrryyyyyrrrrrrrrr,78.0
80,0,gGGGgrrrrrGGGggrGrG,83.0
85,1,gGGGgrrrrrGGGggrrrr,88.0
90,2,yyyyyrrrrryyyyyrrrr,91.0
95,3,rrrrrgGGggrrrrrGrGr,96.0
100,4,rrrrrgGGggrrrrrrrrr,101.0
105,0,gGGGgrrrrrGGGggrGrG,109.0
110,1,gGGGgrrrrrGGGggrrrr,114.0
115,2,yyyyyrrrrryyyyyrrrr,117.0
120,3,rrrrrgGGggrrrrrGrGr,122.0
125,4,rrrrrgGGggrrrrrrrrr,127.0
130,0,gGGGgrrrrrGGGggrGrG,135.0
135,1,gGGGgrrrrrGGGggrrrr,140.0
140,2,yyyyyrrrrryyyyyrrrr,143.0
145,3,rrrrrgGGggrrrrrGrGr,148.0
150,4,rrrrrgGGggrrrrrrrrr,153.0
155,5,rrrrryyyyyrrrrrrrrr,156.0
160,0,gGGGgrrrrrGGGggrGrG,161.0
165,1,gGGGgrrrrrGGGggrrrr,166.0
170,3,rrrrrgGGggrrrrrGrGr,174.0
175,4,rrrrrgGGggrrrrrrrrr,179.0
180,5,rrrrryyyyyrrrrrrrrr,182.0
185,0,gGGGgrrrrrGGGggrGrG,187.0
190,1,gGGGgrrrrrGGGggrrrr,192.0
195,3,rrrrrgGGggrrrrrGrGr,200.0
200,4,rrrrrgGGggrrrrrrrrr,205.0
205,5,rrrrryyyyyrrrrrrrrr,208.0
210,0,gGGGgrrrrrGGGggrGrG,213.0
215,0,gGGGgrrrrrGGGggrGrG,216.0
220,0,gGGGgrrrrrGGGggrGrG,221.0
225,1,gGGGgrrrrrGGGggrrrr,226.0
230,3,rrrrrgGGggrrrrrGrGr,234.0
235,4,rrrrrgGGggrrrrrrrrr,239.0
240,5,rrrrryyyyyrrrrrrrrr,242.0
245,0,gGGGgrrrrrGGGggrGrG,247.0
250,1,gGGGgrrrrrGGGggrrrr,252.0
255,3,rrrrrgGGggrrrrrGrGr,260.0
260,4,rrrrrgGGggrrrrrrrrr,265.0
265,5,rrrrryyyyyrrrrrrrrr,268.0
270,0,gGGGgrrrrrGGGggrGrG,273.0
275,1,gGGGgrrrrrGGGggrrrr,278.0
280,2,yyyyyrrrrryyyyyrrrr,281.0
285,3,rrrrrgGGggrrrrrGrGr,286.0
290,4,rrrrrgGGggrrrrrrrrr,291.0
295,0,gGGGgrrrrrGGGggrGrG,299.0
300,1,gGGGgrrrrrGGGggrrrr,304.0
305,2,yyyyyrrrrryyyyyrrrr,307.0
310,3,rrrrrgGGggrrrrrGrGr,312.0
315,4,rrrrrgGGggrrrrrrrrr,317.0
320,0,gGGGgrrrrrGGGggrGrG,325.0
325,1,gGGGgrrrrrGGGggrrrr,330.0
330,2,yyyyyrrrrryyyyyrrrr,333.0
335,3,rrrrrgGGggrrrrrGrGr,338.0
340,4,rrrrrgGGggrrrrrrrrr,343.0
345,5,rrrrryyyyyrrrrrrrrr,346.0
350,0,gGGGgrrrrrGGGggrGrG,351.0
355,1,gGGGgrrrrrGGGggrrrr,356.0
360,3,rrrrrgGGggrrrrrGrGr,364.0
365,4,rrrrrgGGggrrrrrrrrr,369.0
370,5,rrrrryyyyyrrrrrrrrr,372.0
375,0,gGGGgrrrrrGGGggrGrG,377.0
380,1,gGGGgrrrrrGGGggrrrr,382.0
385,3,rrrrrgGGggrrrrrGrGr,390.0
390,4,rrrrrgGGggrrrrrrrrr,395.0
395,5,rrrrryyyyyrrrrrrrrr,398.0
400,0,gGGGgrrrrrGGGggrGrG,403.0
405,1,gGGGgrrrrrGGGggrrrr,408.0
410,2,yyyyyrrrrryyyyyrrrr,411.0
415,3,rrrrrgGGggrrrrrGrGr,416.0
420,4,rrrrrgGGggrrrrrrrrr,421.0
425,0,gGGGgrrrrrGGGggrGrG,429.0
430,0,gGGGgrrrrrGGGggrGrG,431.0
435,1,gGGGgrrrrrGGGggrrrr,436.0
440,3,rrrrrgGGggrrrrrGrGr,444.0
445,4,rrrrrgGGggrrrrrrrrr,449.0
450,5,rrrrryyyyyrrrrrrrrr,452.0
455,0,gGGGgrrrrrGGGggrGrG,457.0
460,1,gGGGgrrrrrGGGggrrrr,462.0
465,3,rrrrrgGGggrrrrrGrGr,470.0
470,3,rrrrrgGGggrrrrrGrGr,471.0
475,4,rrrrrgGGggrrrrrrrrr,479.0
480,5,rrrrryyyyyrrrrrrrrr,482.0
485,0,gGGGgrrrrrGGGggrGrG,487.0
490,1,gGGGgrrrrrGGGggrrrr,495.0
495,2,yyyyyrrrrryyyyyrrrr,498.0
500,3,rrrrrgGGggrrrrrGrGr,503.0
505,4,rrrrrgGGggrrrrrrrrr,508.0
510,5,rrrrryyyyyrrrrrrrrr,511.0
515,0,gGGGgrrrrrGGGggrGrG,516.0
520,1,gGGGgrrrrrGGGggrrrr,521.0
525,3,rrrrrgGGggrrrrrGrGr,529.0
530,4,rrrrrgGGggrrrrrrrrr,534.0
535,5,rrrrryyyyyrrrrrrrrr,537.0
540,0,gGGGgrrrrrGGGggrGrG,542.0
545,1,gGGGgrrrrrGGGggrrrr,547.0
550,3,rrrrrgGGggrrrrrGrGr,555.0
555,4,rrrrrgGGggrrrrrrrrr,560.0
560,5,rrrrryyyyyrrrrrrrrr,563.0
565,0,gGGGgrrrrrGGGggrGrG,568.0
570,1,gGGGgrrrrrGGGggrrrr,575.0
575,2,yyyyyrrrrryyyyyrrrr,578.0
580,3,rrrrrgGGggrrrrrGrGr,583.0
585,3,rrrrrgGGggrrrrrGrGr,587.0
590,4,rrrrrgGGggrrrrrrrrr,593.0
595,5,rrrrryyyyyrrrrrrrrr,596.0
600,0,gGGGgrrrrrGGGggrGrG,601.0
605,1,gGGGgrrrrrGGGggrrrr,610.0
610,2,yyyyyrrrrryyyyyrrrr,613.0
615,3,rrrrrgGGggrrrrrGrGr,618.0
620,4,rrrrrgGGggrrrrrrrrr,623.0
625,5,rrrrryyyyyrrrrrrrrr,626.0
630,0,gGGGgrrrrrGGGggrGrG,631.0
635,1,gGGGgrrrrrGGGggrrrr,640.0
640,2,yyyyyrrrrryyyyyrrrr,643.0
645,3,rrrrrgGGggrrrrrGrGr,648.0
650,3,rrrrrgGGggrrrrrGrGr,651.0
655,4,rrrrrgGGggrrrrrrrrr,656.0
660,0,gGGGgrrrrrGGGggrGrG,664.0
665,0,gGGGgrrrrrGGGggrGrG,666.0
670,1,gGGGgrrrrrGGGggrrrr,675.0
675,2,yyyyyrrrrryyyyyrrrr,678.0
680,3,rrrrrgGGggrrrrrGrGr,683.0
685,4,rrrrrgGGggrrrrrrrrr,688.0
690,5,rrrrryyyyyrrrrrrrrr,691.0
695,0,gGGGgrrrrrGGGggrGrG,696.0
700,1,gGGGgrrrrrGGGggrrrr,701.0
705,3,rrrrrgGGggrrrrrGrGr,709.0
710,4,rrrrrgGGggrrrrrrrrr,714.0
715,5,rrrrryyyyyrrrrrrrrr,717.0
720,0,gGGGgrrrrrGGGggrGrG,722.0
725,1,gGGGgrrrrrGGGggrrrr,727.0
730,3,rrrrrgGGggrrrrrGrGr,735.0
735,3,rrrrrgGGggrrrrrGrGr,737.0
740,3,rrrrrgGGggrrrrrGrGr,741.0
745,4,rrrrrgGGggrrrrrrrrr,747.0
750,0,gGGGgrrrrrGGGggrGrG,755.0
755,1,gGGGgrrrrrGGGggrrrr,760.0
760,2,yyyyyrrrrryyyyyrrrr,763.0
765,3,rrrrrgGGggrrrrrGrGr,768.0
770,4,rrrrrgGGggrrrrrrrrr,773.0
775,5,rrrrryyyyyrrrrrrrrr,776.0
780,0,gGGGgrrrrrGGGggrGrG,781.0
785,1,gGGGgrrrrrGGGggrrrr,786.0
790,3,rrrrrgGGggrrrrrGrGr,794.0
795,4,rrrrrgGGggrrrrrrrrr,799.0
800,5,rrrrryyyyyrrrrrrrrr,802.0
805,0,gGGGgrrrrrGGGggrGrG,807.0
810,1,gGGGgrrrrrGGGggrrrr,812.0
815,3,rrrrrgGGggrrrrrGrGr,820.0
820,4,rrrrrgGGggrrrrrrrrr,825.0
825,5,rrrrryyyyyrrrrrrrrr,828.0
830,0,gGGGgrrrrrGGGggrGrG,833.0
835,0,gGGGgrrrrrGGGggrGrG,836.0
840,0,gGGGgrrrrrGGGggrGrG,842.0
845,1,gGGGgrrrrrGGGggrrrr,850.0
850,2,yyyyyrrrrryyyyyrrrr,853.0
855,3,rrrrrgGGggrrrrrGrGr,858.0
860,3,rrrrrgGGggrrrrrGrGr,861.0
865,4,rrrrrgGGggrrrrrrrrr,866.0
870,0,gGGGgrrrrrGGGggrGrG,874.0
875,0,gGGGgrrrrrGGGggrGrG,876.0
880,1,gGGGgrrrrrGGGggrrrr,882.0
885,3,rrrrrgGGggrrrrrGrGr,890.0
890,4,rrrrrgGGggrrrrrrrrr,895.0
895,5,rrrrryyyyyrrrrrrrrr,898.0
900,0,gGGGgrrrrrGGGggrGrG,903.0
905,1,gGGGgrrrrrGGGggrrrr,908.0
910,2,yyyyyrrrrryyyyyrrrr,911.0
915,3,rrrrrgGGggrrrrrGrGr,916.0
920,3,rrrrrgGGggrrrrrGrGr,921.0
925,3,rrrrrgGGggrrrrrGrGr,926.0
930,4,rrrrrgGGggrrrrrrrrr,934.0
935,5,rrrrryyyyyrrrrrrrrr,937.0
940,0,gGGGgrrrrrGGGggrGrG,942.0
945,1,gGGGgrrrrrGGGggrrrr,947.0
950,3,rrrrrgGGggrrrrrGrGr,955.0
955,4,rrrrrgGGggrrrrrrrrr,960.0
960,5,rrrrryyyyyrrrrrrrrr,963.0
965,0,gGGGgrrrrrGGGggrGrG,968.0
970,1,gGGGgrrrrrGGGggrrrr,973.0
975,2,yyyyyrrrrryyyyyrrrr,976.0
980,3,rrrrrgGGggrrrrrGrGr,981.0
985,4,rrrrrgGGggrrrrrrrrr,986.0
990,0,gGGGgrrrrrGGGggrGrG,994.0
995,0,gGGGgrrrrrGGGggrGrG,996.0
1000,1,gGGGgrrrrrGGGggrrrr,1002.0
1005,3,rrrrrgGGggrrrrrGrGr,1010.0
1010,4,rrrrrgGGggrrrrrrrrr,1015.0
1015,5,rrrrryyyyyrrrrrrrrr,1018.0
1020,0,gGGGgrrrrrGGGggrGrG,1023.0
1025,1,gGGGgrrrrrGGGggrrrr,1030.0
1030,2,yyyyyrrrrryyyyyrrrr,1033.0
1035,3,rrrrrgGGggrrrrrGrGr,1038.0
1040,3,rrrrrgGGggrrrrrGrGr,1041.0
1045,4,rrrrrgGGggrrrrrrrrr,1047.0
1050,0,gGGGgrrrrrGGGggrGrG,1055.0
1055,1,gGGGgrrrrrGGGggrrrr,1060.0
1060,2,yyyyyrrrrryyyyyrrrr,1063.0
1065,3,rrrrrgGGggrrrrrGrGr,1068.0
1070,4,rrrrrgGGggrrrrrrrrr,1073.0
1075,5,rrrrryyyyyrrrrrrrrr,1076.0
1080,0,gGGGgrrrrrGGGggrGrG,1081.0
1085,1,gGGGgrrrrrGGGggrrrr,1090.0
1090,2,yyyyyrrrrryyyyyrrrr,1093.0
1095,3,rrrrrgGGggrrrrrGrGr,1098.0
1100,4,rrrrrgGGggrrrrrrrrr,1103.0
1105,5,rrrrryyyyyrrrrrrrrr,1106.0
1110,0,gGGGgrrrrrGGGggrGrG,1111.0
1115,1,gGGGgrrrrrGGGggrrrr,1120.0
1120,2,yyyyyrrrrryyyyyrrrr,1123.0
1125,3,rrrrrgGGggrrrrrGrGr,1128.0
1130,4,rrrrrgGGggrrrrrrrrr,1133.0
1135,5,rrrrryyyyyrrrrrrrrr,1136.0
1140,0,gGGGgrrrrrGGGggrGrG,1141.0
1145,0,gGGGgrrrrrGGGggrGrG,1147.0
1150,1,gGGGgrrrrrGGGggrrrr,1154.0
1155,2,yyyyyrrrrryyyyyrrrr,1157.0
1160,3,rrrrrgGGggrrrrrGrGr,1162.0
1165,4,rrrrrgGGggrrrrrrrrr,1167.0
1170,0,gGGGgrrrrrGGGggrGrG,1175.0
1175,1,gGGGgrrrrrGGGggrrrr,1180.0
1180,2,yyyyyrrrrryyyyyrrrr,1183.0
1185,3,rrrrrgGGggrrrrrGrGr,1188.0
1190,4,rrrrrgGGggrrrrrrrrr,1193.0
1195,5,rrrrryyyyyrrrrrrrrr,1196.0
1200,0,gGGGgrrrrrGGGggrGrG,1201.0
1205,1,gGGGgrrrrrGGGggrrrr,1206.0
1210,3,rrrrrgGGggrrrrrGrGr,1214.0
1215,4,rrrrrgGGggrrrrrrrrr,1219.0
1220,5,rrrrryyyyyrrrrrrrrr,1222.0
1225,0,gGGGgrrrrrGGGggrGrG,1227.0
1230,1,gGGGgrrrrrGGGggrrrr,1234.0
1235,2,yyyyyrrrrryyyyyrrrr,1237.0
1240,3,rrrrrgGGggrrrrrGrGr,1242.0
1245,4,rrrrrgGGggrrrrrrrrr,1247.0
1250,0,gGGGgrrrrrGGGggrGrG,1255.0
1255,0,gGGGgrrrrrGGGggrGrG,1257.0
1260,0,gGGGgrrrrrGGGggrGrG,1261.0
1265,1,gGGGgrrrrrGGGggrrrr,1266.0
1270,3,rrrrrgGGggrrrrrGrGr,1274.0
1275,4,rrrrrgGGggrrrrrrrrr,1279.0
1280,5,rrrrryyyyyrrrrrrrrr,1282.0
1285,0,gGGGgrrrrrGGGggrGrG,1287.0
1290,1,gGGGgrrrrrGGGggrrrr,1292.0
1295,3,rrrrrgGGggrrrrrGrGr,1300.0
1300,4,rrrrrgGGggrrrrrrrrr,1305.0
1305,5,rrrrryyyyyrrrrrrrrr,1308.0
1310,0,gGGGgrrrrrGGGggrGrG,1313.0
1315,1,gGGGgrrrrrGGGggrrrr,1320.0
1320,2,yyyyyrrrrryyyyyrrrr,1323.0
1325,3,rrrrrgGGggrrrrrGrGr,1328.0
1330,4,rrrrrgGGggrrrrrrrrr,1333.0
1335,5,rrrrryyyyyrrrrrrrrr,1336.0
1340,0,gGGGgrrrrrGGGggrGrG,1341.0
1345,1,gGGGgrrrrrGGGggrrrr,1346.0
1350,3,rrrrrgGGggrrrrrGrGr,1354.0
1355,4,rrrrrgGGggrrrrrrrrr,1359.0
1360,5,rrrrryyyyyrrrrrrrrr,1362.0
1365,0,gGGGgrrrrrGGGggrGrG,1367.0
1370,1,gGGGgrrrrrGGGggrrrr,1374.0
1375,2,yyyyyrrrrryyyyyrrrr,1377.0
1380,3,rrrrrgGGggrrrrrGrGr,1382.0
1385,4,rrrrrgGGggrrrrrrrrr,1387.0
1390,0,gGGGgrrrrrGGGggrGrG,1395.0
1395,1,gGGGgrrrrrGGGggrrrr,1400.0
1400,2,yyyyyrrrrryyyyyrrrr,1403.0
1405,3,rrrrrgGGggrrrrrGrGr,1408.0
1410,4,rrrrrgGGggrrrrrrrrr,1413.0
1415,5,rrrrryyyyyrrrrrrrrr,1416.0
1420,0,gGGGgrrrrrGGGggrGrG,1421.0
1425,0,gGGGgrrrrrGGGggrGrG,1427.0
1430,0,gGGGgrrrrrGGGggrGrG,1431.0
1435,1,gGGGgrrrrrGGGggrrrr,1436.0
1440,3,rrrrrgGGggrrrrrGrGr,1444.0
1445,4,rrrrrgGGggrrrrrrrrr,1449.0
1450,5,rrrrryyyyyrrrrrrrrr,1452.0
1455,0,gGGGgrrrrrGGGggrGrG,1457.0
1460,0,gGGGgrrrrrGGGggrGrG,1461.0
1465,1,gGGGgrrrrrGGGggrrrr,1468.0
1470,2,yyyyyrrrrryyyyyrrrr,1471.0
1475,3,rrrrrgGGggrrrrrGrGr,1476.0
1480,4,rrrrrgGGggrrrrrrrrr,1482.0
1485,0,gGGGgrrrrrGGGggrGrG,1490.0
1490,0,gGGGgrrrrrGGGggrGrG,1492.0
1495,0,gGGGgrrrrrGGGggrGrG,1496.0
1500,0,gGGGgrrrrrGGGggrGrG,1502.0
1505,1,gGGGgrrrrrGGGggrrrr,1508.0
1510,2,yyyyyrrrrryyyyyrrrr,1511.0
1515,3,rrrrrgGGggrrrrrGrGr,1516.0
1520,4,rrrrrgGGggrrrrrrrrr,1521.0
1525,0,gGGGgrrrrrGGGggrGrG,1529.0
1530,1,gGGGgrrrrrGGGggrrrr,1534.0
1535,2,yyyyyrrrrryyyyyrrrr,1537.0
1540,3,rrrrrgGGggrrrrrGrGr,1542.0
1545,3,rrrrrgGGggrrrrrGrGr,1547.0
1550,4,rrrrrgGGggrrrrrrrrr,1554.0
1555,5,rrrrryyyyyrrrrrrrrr,1557.0
1560,0,gGGGgrrrrrGGGggrGrG,1562.0
1565,0,gGGGgrrrrrGGGggrGrG,1566.0
1570,0,gGGGgrrrrrGGGggrGrG,1571.0
1575,1,gGGGgrrrrrGGGggrrrr,1577.0
1580,3,rrrrrgGGggrrrrrGrGr,1585.0
1585,3,rrrrrgGGggrrrrrGrGr,1587.0
1590,3,rrrrrgGGggrrrrrGrGr,1591.0
1595,3,rrrrrgGGggrrrrrGrGr,1597.0
1600,4,rrrrrgGGggrrrrrrrrr,1604.0
1605,5,rrrrryyyyyrrrrrrrrr,1607.0
1610,0,gGGGgrrrrrGGGggrGrG,1612.0
1615,0,gGGGgrrrrrGGGggrGrG,1616.0
1620,1,gGGGgrrrrrGGGggrrrr,1624.0
1625,2,yyyyyrrrrryyyyyrrrr,1627.0
1630,3,rrrrrgGGggrrrrrGrGr,1632.0
1635,3,rrrrrgGGggrrrrrGrGr,1636.0
1640,3,rrrrrgGGggrrrrrGrGr,1641.0
1645,4,rrrrrgGGggrrrrrrrrr,1647.0
1650,0,gGGGgrrrrrGGGggrGrG,1655.0
1655,0,gGGGgrrrrrGGGggrGrG,1657.0
1660,0,gGGGgrrrrrGGGggrGrG,1661.0
1665,1,gGGGgrrrrrGGGggrrrr,1670.0
1670,2,yyyyyrrrrryyyyyrrrr,1673.0
1675,3,rrrrrgGGggrrrrrGrGr,1678.0
1680,4,rrrrrgGGggrrrrrrrrr,1683.0
1685,5,rrrrryyyyyrrrrrrrrr,1686.0
1690,0,gGGGgrrrrrGGGggrGrG,1691.0
1695,0,gGGGgrrrrrGGGggrGrG,1696.0
1700,0,gGGGgrrrrrGGGggrGrG,1701.0
1705,0,gGGGgrrrrrGGGggrGrG,1706.0
1710,0,gGGGgrrrrrGGGggrGrG,1711.0
1715,0,gGGGgrrrrrGGGggrGrG,1716.0
1720,0,gGGGgrrrrrGGGggrGrG,1722.0
1725,0,gGGGgrrrrrGGGggrGrG,1726.0
1730,0,gGGGgrrrrrGGGggrGrG,1731.0
1735,0,gGGGgrrrrrGGGggrGrG,1736.0
1740,1,gGGGgrrrrrGGGggrrrr,1741.0
1745,3,rrrrrgGGggrrrrrGrGr,1749.0
1750,3,rrrrrgGGggrrrrrGrGr,1751.0
1755,3,rrrrrgGGggrrrrrGrGr,1757.0
1760,3,rrrrrgGGggrrrrrGrGr,1761.0
1765,3,rrrrrgGGggrrrrrGrGr,1766.0
1770,4,rrrrrgGGggrrrrrrrrr,1772.0
1775,0,gGGGgrrrrrGGGggrGrG,1780.0
1780,0,gGGGgrrrrrGGGggrGrG,1782.0
1785,0,gGGGgrrrrrGGGggrGrG,1786.0
1790,0,gGGGgrrrrrGGGggrGrG,1792.0
1795,0,gGGGgrrrrrGGGggrGrG,1796.0
1800,1,gGGGgrrrrrGGGggrrrr,1802.0
1805,3,rrrrrgGGggrrrrrGrGr,1810.0
1810,4,rrrrrgGGggrrrrrrrrr,1815.0
1815,5,rrrrryyyyyrrrrrrrrr,1818.0
1820,0,gGGGgrrrrrGGGggrGrG,1823.0
1825,0,gGGGgrrrrrGGGggrGrG,1826.0
1830,1,gGGGgrrrrrGGGggrrrr,1831.0
1835,3,rrrrrgGGggrrrrrGrGr,1839.0
1840,4,rrrrrgGGggrrrrrrrrr,1844.0
1845,5,rrrrryyyyyrrrrrrrrr,1847.0
1850,0,gGGGgrrrrrGGGggrGrG,1852.0
1855,1,gGGGgrrrrrGGGggrrrr,1859.0
1860,2,yyyyyrrrrryyyyyrrrr,1862.0
1865,3,rrrrrgGGggrrrrrGrGr,1867.0
1870,3,rrrrrgGGggrrrrrGrGr,1871.0
1875,4,rrrrrgGGggrrrrrrrrr,1879.0
1880,5,rrrrryyyyyrrrrrrrrr,1882.0
1885,0,gGGGgrrrrrGGGggrGrG,1887.0
1890,1,gGGGgrrrrrGGGggrrrr,1892.0
1895,3,rrrrrgGGggrrrrrGrGr,1900.0
1900,3,rrrrrgGGggrrrrrGrGr,1902.0
1905,3,rrrrrgGGggrrrrrGrGr,1907.0
1910,4,rrrrrgGGggrrrrrrrrr,1913.0
1915,5,rrrrryyyyyrrrrrrrrr,1916.0
1920,0,gGGGgrrrrrGGGggrGrG,1921.0
1925,0,gGGGgrrrrrGGGggrGrG,1926.0
1930,0,gGGGgrrrrrGGGggrGrG,1931.0
1935,1,gGGGgrrrrrGGGggrrrr,1940.0
1940,2,yyyyyrrrrryyyyyrrrr,1943.0
1945,3,rrrrrgGGggrrrrrGrGr,1948.0
1950,4,rrrrrgGGggrrrrrrrrr,1953.0
1955,5,rrrrryyyyyrrrrrrrrr,1956.0
1960,0,gGGGgrrrrrGGGggrGrG,1961.0
1965,1,gGGGgrrrrrGGGggrrrr,1969.0
1970,2,yyyyyrrrrryyyyyrrrr,1972.0
1975,3,rrrrrgGGggrrrrrGrGr,1977.0
1980,4,rrrrrgGGggrrrrrrrrr,1982.0
1985,0,gGGGgrrrrrGGGggrGrG,1990.0
1990,0,gGGGgrrrrrGGGggrGrG,1992.0
1995,1,gGGGgrrrrrGGGggrrrr,1999.0
2000,2,yyyyyrrrrryyyyyrrrr,2002.0
2005,3,rrrrrgGGggrrrrrGrGr,2007.0
2010,4,rrrrrgGGggrrrrrrrrr,2012.0
2015,0,gGGGgrrrrrGGGggrGrG,2020.0
2020,1,gGGGgrrrrrGGGggrrrr,2025.0
2025,2,yyyyyrrrrryyyyyrrrr,2028.0
2030,3,rrrrrgGGggrrrrrGrGr,2033.0
2035,4,rrrrrgGGggrrrrrrrrr,2038.0
2040,5,rrrrryyyyyrrrrrrrrr,2041.0
2045,0,gGGGgrrrrrGGGggrGrG,2046.0
2050,0,gGGGgrrrrrGGGggrGrG,2052.0
2055,0,gGGGgrrrrrGGGggrGrG,2057.0
2060,0,gGGGgrrrrrGGGggrGrG,2061.0
2065,1,gGGGgrrrrrGGGggrrrr,2066.0
2070,3,rrrrrgGGggrrrrrGrGr,2074.0
2075,4,rrrrrgGGggrrrrrrrrr,2079.0
2080,5,rrrrryyyyyrrrrrrrrr,2082.0
2085,0,gGGGgrrrrrGGGggrGrG,2087.0
2090,1,gGGGgrrrrrGGGggrrrr,2092.0
2095,3,rrrrrgGGggrrrrrGrGr,2100.0
2100,4,rrrrrgGGggrrrrrrrrr,2105.0
2105,5,rrrrryyyyyrrrrrrrrr,2108.0
2110,0,gGGGgrrrrrGGGggrGrG,2113.0
2115,1,gGGGgrrrrrGGGggrrrr,2120.0
2120,2,yyyyyrrrrryyyyyrrrr,2123.0
2125,3,rrrrrgGGggrrrrrGrGr,2128.0
2130,4,rrrrrgGGggrrrrrrrrr,2133.0
2135,5,rrrrryyyyyrrrrrrrrr,2136.0
2140,0,gGGGgrrrrrGGGggrGrG,2141.0
2145,0,gGGGgrrrrrGGGggrGrG,2146.0
2150,1,gGGGgrrrrrGGGggrrrr,2152.0
2155,3,rrrrrgGGggrrrrrGrGr,2160.0
2160,4,rrrrrgGGggrrrrrrrrr,2165.0
2165,5,rrrrryyyyyrrrrrrrrr,2168.0
2170,0,gGGGgrrrrrGGGggrGrG,2173.0
2175,0,gGGGgrrrrrGGGggrGrG,2177.0
2180,0,gGGGgrrrrrGGGggrGrG,2181.0
2185,1,gGGGgrrrrrGGGggrrrr,2186.0
2190,3,rrrrrgGGggrrrrrGrGr,2194.0
2195,4,rrrrrgGGggrrrrrrrrr,2199.0
2200,5,rrrrryyyyyrrrrrrrrr,2202.0
2205,0,gGGGgrrrrrGGGggrGrG,2207.0
2210,0,gGGGgrrrrrGGGggrGrG,2211.0
2215,1,gGGGgrrrrrGGGggrrrr,2216.0
2220,3,rrrrrgGGggrrrrrGrGr,2224.0
2225,4,rrrrrgGGggrrrrrrrrr,2229.0
2230,5,rrrrryyyyyrrrrrrrrr,2232.0
2235,0,gGGGgrrrrrGGGggrGrG,2237.0
2240,1,gGGGgrrrrrGGGggrrrr,2242.0
2245,3,rrrrrgGGggrrrrrGrGr,2250.0
2250,4,rrrrrgGGggrrrrrrrrr,2255.0
2255,5,rrrrryyyyyrrrrrrrrr,2258.0
2260,0,gGGGgrrrrrGGGggrGrG,2263.0
2265,1,gGGGgrrrrrGGGggrrrr,2269.0
2270,2,yyyyyrrrrryyyyyrrrr,2272.0
2275,3,rrrrrgGGggrrrrrGrGr,2277.0
2280,4,rrrrrgGGggrrrrrrrrr,2282.0
2285,0,gGGGgrrrrrGGGggrGrG,2290.0
2290,1,gGGGgrrrrrGGGggrrrr,2295.0
2295,2,yyyyyrrrrryyyyyrrrr,2298.0
2300,3,rrrrrgGGggrrrrrGrGr,2303.0
2305,4,rrrrrgGGggrrrrrrrrr,2308.0
2310,5,rrrrryyyyyrrrrrrrrr,2311.0
2315,0,gGGGgrrrrrGGGggrGrG,2316.0
2320,1,gGGGgrrrrrGGGggrrrr,2321.0
2325,3,rrrrrgGGggrrrrrGrGr,2329.0
2330,4,rrrrrgGGggrrrrrrrrr,2334.0
2335,5,rrrrryyyyyrrrrrrrrr,2337.0
2340,0,gGGGgrrrrrGGGggrGrG,2342.0
2345,1,gGGGgrrrrrGGGggrrrr,2347.0
2350,3,rrrrrgGGggrrrrrGrGr,2355.0
2355,4,rrrrrgGGggrrrrrrrrr,2360.0
2360,5,rrrrryyyyyrrrrrrrrr,2363.0
2365,0,gGGGgrrrrrGGGggrGrG,2368.0
2370,0,gGGGgrrrrrGGGggrGrG,2372.0
2375,0,gGGGgrrrrrGGGggrGrG,2376.0
2380,1,gGGGgrrrrrGGGggrrrr,2382.0
2385,3,rrrrrgGGggrrrrrGrGr,2390.0
2390,4,rrrrrgGGggrrrrrrrrr,2395.0
2395,5,rrrrryyyyyrrrrrrrrr,2398.0
2400,0,gGGGgrrrrrGGGggrGrG,2403.0
2405,0,gGGGgrrrrrGGGggrGrG,2407.0
2410,1,gGGGgrrrrrGGGggrrrr,2414.0
2415,2,yyyyyrrrrryyyyyrrrr,2417.0
2420,3,rrrrrgGGggrrrrrGrGr,2422.0
2425,4,rrrrrgGGggrrrrrrrrr,2427.0
2430,0,gGGGgrrrrrGGGggrGrG,2435.0
2435,0,gGGGgrrrrrGGGggrGrG,2437.0
2440,0,gGGGgrrrrrGGGggrGrG,2441.0
2445,1,gGGGgrrrrrGGGggrrrr,2448.0
2450,2,yyyyyrrrrryyyyyrrrr,2451.0
2455,3,rrrrrgGGggrrrrrGrGr,2456.0
2460,4,rrrrrgGGggrrrrrrrrr,2461.0
2465,0,gGGGgrrrrrGGGggrGrG,2469.0
2470,1,gGGGgrrrrrGGGggrrrr,2474.0
2475,2,yyyyyrrrrryyyyyrrrr,2477.0
2480,3,rrrrrgGGggrrrrrGrGr,2482.0
2485,4,rrrrrgGGggrrrrrrrrr,2487.0
2490,0,gGGGgrrrrrGGGggrGrG,2495.0
2495,0,gGGGgrrrrrGGGggrGrG,2496.0
2500,1,gGGGgrrrrrGGGggrrrr,2502.0
2505,3,rrrrrgGGggrrrrrGrGr,2510.0
2510,4,rrrrrgGGggrrrrrrrrr,2515.0
2515,5,rrrrryyyyyrrrrrrrrr,2518.0
2520,0,gGGGgrrrrrGGGggrGrG,2523.0
2525,1,gGGGgrrrrrGGGggrrrr,2528.0
2530,2,yyyyyrrrrryyyyyrrrr,2531.0
2535,3,rrrrrgGGggrrrrrGrGr,2536.0
2540,4,rrrrrgGGggrrrrrrrrr,2541.0
2545,0,gGGGgrrrrrGGGggrGrG,2549.0
2550,1,gGGGgrrrrrGGGggrrrr,2554.0
2555,2,yyyyyrrrrryyyyyrrrr,2557.0
2560,3,rrrrrgGGggrrrrrGrGr,2562.0
2565,4,rrrrrgGGggrrrrrrrrr,2567.0
2570,0,gGGGgrrrrrGGGggrGrG,2575.0
2575,0,gGGGgrrrrrGGGggrGrG,2577.0
2580,0,gGGGgrrrrrGGGggrGrG,2581.0
2585,0,gGGGgrrrrrGGGggrGrG,2587.0
2590,1,gGGGgrrrrrGGGggrrrr,2594.0
2595,2,yyyyyrrrrryyyyyrrrr,2597.0
2600,3,rrrrrgGGggrrrrrGrGr,2602.0
2605,3,rrrrrgGGggrrrrrGrGr,2606.0
2610,4,rrrrrgGGggrrrrrrrrr,2611.0
2615,0,gGGGgrrrrrGGGggrGrG,2619.0
2620,1,gGGGgrrrrrGGGggrrrr,2624.0
2625,2,yyyyyrrrrryyyyyrrrr,2627.0
2630,3,rrrrrgGGggrrrrrGrGr,2632.0
2635,4,rrrrrgGGggrrrrrrrrr,2637.0
2640,0,gGGGgrrrrrGGGggrGrG,2645.0
2645,1,gGGGgrrrrrGGGggrrrr,2650.0
2650,2,yyyyyrrrrryyyyyrrrr,2653.0
2655,3,rrrrrgGGggrrrrrGrGr,2658.0
2660,4,rrrrrgGGggrrrrrrrrr,2663.0
2665,5,rrrrryyyyyrrrrrrrrr,2666.0
2670,0,gGGGgrrrrrGGGggrGrG,2671.0
2675,1,gGGGgrrrrrGGGggrrrr,2676.0
2680,3,rrrrrgGGggrrrrrGrGr,2684.0
2685,4,rrrrrgGGggrrrrrrrrr,2689.0
2690,5,rrrrryyyyyrrrrrrrrr,2692.0
2695,0,gGGGgrrrrrGGGggrGrG,2697.0
2700,1,gGGGgrrrrrGGGggrrrr,2702.0
2705,3,rrrrrgGGggrrrrrGrGr,2710.0
2710,4,rrrrrgGGggrrrrrrrrr,2715.0
2715,5,rrrrryyyyyrrrrrrrrr,2718.0
2720,0,gGGGgrrrrrGGGggrGrG,2723.0
2725,1,gGGGgrrrrrGGGggrrrr,2728.0
2730,2,yyyyyrrrrryyyyyrrrr,2731.0
2735,3,rrrrrgGGggrrrrrGrGr,2736.0
2740,4,rrrrrgGGggrrrrrrrrr,2743.0
2745,5,rrrrryyyyyrrrrrrrrr,2746.0
2750,0,gGGGgrrrrrGGGggrGrG,2751.0
2755,0,gGGGgrrrrrGGGggrGrG,2756.0
2760,1,gGGGgrrrrrGGGggrrrr,2765.0
2765,2,yyyyyrrrrryyyyyrrrr,2768.0
2770,3,rrrrrgGGggrrrrrGrGr,2773.0
2775,4,rrrrrgGGggrrrrrrrrr,2778.0
2780,5,rrrrryyyyyrrrrrrrrr,2781.0
2785,0,gGGGgrrrrrGGGggrGrG,2786.0
2790,1,gGGGgrrrrrGGGggrrrr,2791.0
2795,3,rrrrrgGGggrrrrrGrGr,2799.0
2800,4,rrrrrgGGggrrrrrrrrr,2804.0
2805,5,rrrrryyyyyrrrrrrrrr,2807.0
2810,0,gGGGgrrrrrGGGggrGrG,2812.0
2815,1,gGGGgrrrrrGGGggrrrr,2817.0
2820,3,rrrrrgGGggrrrrrGrGr,2825.0
2825,4,rrrrrgGGggrrrrrrrrr,2830.0
2830,5,rrrrryyyyyrrrrrrrrr,2833.0
2835,0,gGGGgrrrrrGGGggrGrG,2838.0
2840,0,gGGGgrrrrrGGGggrGrG,2841.0
2845,1,gGGGgrrrrrGGGggrrrr,2847.0
2850,3,rrrrrgGGggrrrrrGrGr,2855.0
2855,4,rrrrrgGGggrrrrrrrrr,2860.0
2860,5,rrrrryyyyyrrrrrrrrr,2863.0
2865,0,gGGGgrrrrrGGGggrGrG,2868.0
2870,1,gGGGgrrrrrGGGggrrrr,2873.0
2875,2,yyyyyrrrrryyyyyrrrr,2876.0
2880,3,rrrrrgGGggrrrrrGrGr,2881.0
2885,4,rrrrrgGGggrrrrrrrrr,2886.0
2890,0,gGGGgrrrrrGGGggrGrG,2894.0
2895,0,gGGGgrrrrrGGGggrGrG,2896.0
2900,0,gGGGgrrrrrGGGggrGrG,2902.0
2905,0,gGGGgrrrrrGGGggrGrG,2907.0
2910,1,gGGGgrrrrrGGGggrrrr,2913.0
2915,2,yyyyyrrrrryyyyyrrrr,2916.0
2920,3,rrrrrgGGggrrrrrGrGr,2921.0
2925,4,rrrrrgGGggrrrrrrrrr,2926.0
2930,0,gGGGgrrrrrGGGggrGrG,2934.0
2935,0,gGGGgrrrrrGGGggrGrG,2936.0
2940,1,gGGGgrrrrrGGGggrrrr,2944.0
2945,2,yyyyyrrrrryyyyyrrrr,2947.0
2950,3,rrrrrgGGggrrrrrGrGr,2952.0
2955,4,rrrrrgGGggrrrrrrrrr,2957.0
2960,0,gGGGgrrrrrGGGggrGrG,2965.0
2965,1,gGGGgrrrrrGGGggrrrr,2970.0
2970,2,yyyyyrrrrryyyyyrrrr,2973.0
2975,3,rrrrrgGGggrrrrrGrGr,2978.0
2980,4,rrrrrgGGggrrrrrrrrr,2983.0
2985,5,rrrrryyyyyrrrrrrrrr,2986.0
2990,0,gGGGgrrrrrGGGggrGrG,2991.0
2995,1,gGGGgrrrrrGGGggrrrr,2999.0
3000,2,yyyyyrrrrryyyyyrrrr,3002.0
3005,3,rrrrrgGGggrrrrrGrGr,3007.0
3010,4,rrrrrgGGggrrrrrrrrr,3012.0
3015,0,gGGGgrrrrrGGGggrGrG,3020.0
3020,0,gGGGgrrrrrGGGggrGrG,3022.0
3025,1,gGGGgrrrrrGGGggrrrr,3029.0
3030,2,yyyyyrrrrryyyyyrrrr,3032.0
3035,3,rrrrrgGGggrrrrrGrGr,3037.0
3040,4,rrrrrgGGggrrrrrrrrr,3042.0
3045,0,gGGGgrrrrrGGGggrGrG,3050.0
3050,1,gGGGgrrrrrGGGggrrrr,3055.0
3055,2,yyyyyrrrrryyyyyrrrr,3058.0
3060,3,rrrrrgGGggrrrrrGrGr,3063.0
3065,4,rrrrrgGGggrrrrrrrrr,3068.0
3070,5,rrrrryyyyyrrrrrrrrr,3071.0
3075,0,gGGGgrrrrrGGGggrGrG,3076.0
3080,1,gGGGgrrrrrGGGggrrrr,3081.0
3085,3,rrrrrgGGggrrrrrGrGr,3089.0
3090,4,rrrrrgGGggrrrrrrrrr,3094.0
3095,5,rrrrryyyyyrrrrrrrrr,3097.0
3100,0,gGGGgrrrrrGGGggrGrG,3102.0
3105,1,gGGGgrrrrrGGGggrrrr,3110.0
3110,2,yyyyyrrrrryyyyyrrrr,3113.0
3115,3,rrrrrgGGggrrrrrGrGr,3118.0
3120,4,rrrrrgGGggrrrrrrrrr,3123.0
3125,5,rrrrryyyyyrrrrrrrrr,3126.0
3130,0,gGGGgrrrrrGGGggrGrG,3131.0
3135,0,gGGGgrrrrrGGGggrGrG,3136.0
3140,1,gGGGgrrrrrGGGggrrrr,3141.0
3145,3,rrrrrgGGggrrrrrGrGr,3149.0
3150,3,rrrrrgGGggrrrrrGrGr,3151.0
3155,3,rrrrrgGGggrrrrrGrGr,3156.0
3160,4,rrrrrgGGggrrrrrrrrr,3161.0
3165,0,gGGGgrrrrrGGGggrGrG,3169.0
3170,0,gGGGgrrrrrGGGggrGrG,3171.0
3175,0,gGGGgrrrrrGGGggrGrG,3176.0
3180,1,gGGGgrrrrrGGGggrrrr,3181.0
3185,3,rrrrrgGGggrrrrrGrGr,3189.0
3190,4,rrrrrgGGggrrrrrrrrr,3194.0
3195,5,rrrrryyyyyrrrrrrrrr,3197.0
3200,0,gGGGgrrrrrGGGggrGrG,3202.0
3205,1,gGGGgrrrrrGGGggrrrr,3207.0
3210,3,rrrrrgGGggrrrrrGrGr,3215.0
3215,4,rrrrrgGGggrrrrrrrrr,3220.0
3220,5,rrrrryyyyyrrrrrrrrr,3223.0
3225,0,gGGGgrrrrrGGGggrGrG,3228.0
3230,1,gGGGgrrrrrGGGggrrrr,3233.0
3235,2,yyyyyrrrrryyyyyrrrr,3236.0
3240,3,rrrrrgGGggrrrrrGrGr,3241.0
3245,4,rrrrrgGGggrrrrrrrrr,3246.0
3250,0,gGGGgrrrrrGGGggrGrG,3254.0
3255,0,gGGGgrrrrrGGGggrGrG,3256.0
3260,1,gGGGgrrrrrGGGggrrrr,3265.0
3265,2,yyyyyrrrrryyyyyrrrr,3268.0
3270,3,rrrrrgGGggrrrrrGrGr,3273.0
3275,4,rrrrrgGGggrrrrrrrrr,3278.0
3280,5,rrrrryyyyyrrrrrrrrr,3281.0
3285,0,gGGGgrrrrrGGGggrGrG,3286.0
3290,1,gGGGgrrrrrGGGggrrrr,3294.0
3295,2,yyyyyrrrrryyyyyrrrr,3297.0
3300,3,rrrrrgGGggrrrrrGrGr,3302.0
3305,4,rrrrrgGGggrrrrrrrrr,3307.0
3310,0,gGGGgrrrrrGGGggrGrG,3315.0
3315,0,gGGGgrrrrrGGGggrGrG,3316.0
3320,1,gGGGgrrrrrGGGggrrrr,3321.0
3325,3,rrrrrgGGggrrrrrGrGr,3329.0
3330,4,rrrrrgGGggrrrrrrrrr,3334.0
3335,5,rrrrryyyyyrrrrrrrrr,3337.0
3340,0,gGGGgrrrrrGGGggrGrG,3342.0
3345,1,gGGGgrrrrrGGGggrrrr,3348.0
3350,2,yyyyyrrrrryyyyyrrrr,3351.0
3355,3,rrrrrgGGggrrrrrGrGr,3356.0
3360,4,rrrrrgGGggrrrrrrrrr,3362.0
3365,0,gGGGgrrrrrGGGggrGrG,3370.0
3370,1,gGGGgrrrrrGGGggrrrr,3375.0
3375,2,yyyyyrrrrryyyyyrrrr,3378.0
3380,3,rrrrrgGGggrrrrrGrGr,3383.0
3385,4,rrrrrgGGggrrrrrrrrr,3388.0
3390,5,rrrrryyyyyrrrrrrrrr,3391.0
3395,0,gGGGgrrrrrGGGggrGrG,3396.0
3400,0,gGGGgrrrrrGGGggrGrG,3402.0
3405,0,gGGGgrrrrrGGGggrGrG,3406.0
3410,0,gGGGgrrrrrGGGggrGrG,3412.0
3415,0,gGGGgrrrrrGGGggrGrG,3416.0
3420,0,gGGGgrrrrrGGGggrGrG,3421.0
3425,1,gGGGgrrrrrGGGggrrrr,3428.0
3430,2,yyyyyrrrrryyyyyrrrr,3431.0
3435,3,rrrrrgGGggrrrrrGrGr,3436.0
3440,4,rrrrrgGGggrrrrrrrrr,3441.0
3445,0,gGGGgrrrrrGGGggrGrG,3449.0
3450,1,gGGGgrrrrrGGGggrrrr,3454.0
3455,2,yyyyyrrrrryyyyyrrrr,3457.0
3460,3,rrrrrgGGggrrrrrGrGr,3462.0
3465,4,rrrrrgGGggrrrrrrrrr,3467.0
3470,0,gGGGgrrrrrGGGggrGrG,3475.0
3475,0,gGGGgrrrrrGGGggrGrG,3476.0
3480,1,gGGGgrrrrrGGGggrrrr,3482.0
3485,3,rrrrrgGGggrrrrrGrGr,3490.0
3490,3,rrrrrgGGggrrrrrGrGr,3492.0
3495,4,rrrrrgGGggrrrrrrrrr,3500.0
3500,5,rrrrryyyyyrrrrrrrrr,3503.0
3505,0,gGGGgrrrrrGGGggrGrG,3508.0
3510,0,gGGGgrrrrrGGGggrGrG,3511.0
3515,1,gGGGgrrrrrGGGggrrrr,3520.0
3520,2,yyyyyrrrrryyyyyrrrr,3523.0
3525,3,rrrrrgGGggrrrrrGrGr,3528.0
3530,4,rrrrrgGGggrrrrrrrrr,3533.0
3535,5,rrrrryyyyyrrrrrrrrr,3536.0
3540,0,gGGGgrrrrrGGGggrGrG,3541.0
3545,1,gGGGgrrrrrGGGggrrrr,3546.0
3550,3,rrrrrgGGggrrrrrGrGr,3554.0
3555,4,rrrrrgGGggrrrrrrrrr,3559.0
3560,5,rrrrryyyyyrrrrrrrrr,3562.0
3565,0,gGGGgrrrrrGGGggrGrG,3567.0
3570,1,gGGGgrrrrrGGGggrrrr,3572.0
3575,3,rrrrrgGGggrrrrrGrGr,3580.0
3580,3,rrrrrgGGggrrrrrGrGr,3582.0
3585,3,rrrrrgGGggrrrrrGrGr,3587.0
3590,3,rrrrrgGGggrrrrrGrGr,3591.0
3595,4,rrrrrgGGggrrrrrrrrr,3596.0
3600,0,gGGGgrrrrrGGGggrGrG,3604.0
3605,1,gGGGgrrrrrGGGggrrrr,3609.0
3610,2,yyyyyrrrrryyyyyrrrr,3612.0
3615,3,rrrrrgGGggrrrrrGrGr,3617.0
3620,4,rrrrrgGGggrrrrrrrrr,3624.0
3625,5,rrrrryyyyyrrrrrrrrr,3627.0
3630,0,gGGGgrrrrrGGGggrGrG,3632.0
3635,1,gGGGgrrrrrGGGggrrrr,3638.0
3640,2,yyyyyrrrrryyyyyrrrr,3641.0
3645,3,rrrrrgGGggrrrrrGrGr,3646.0
3650,3,rrrrrgGGggrrrrrGrGr,3652.0
3655,4,rrrrrgGGggrrrrrrrrr,3660.0
3660,5,rrrrryyyyyrrrrrrrrr,3663.0
3665,0,gGGGgrrrrrGGGggrGrG,3668.0
3670,1,gGGGgrrrrrGGGggrrrr,3673.0
3675,2,yyyyyrrrrryyyyyrrrr,3676.0
3680,3,rrrrrgGGggrrrrrGrGr,3681.0
3685,4,rrrrrgGGggrrrrrrrrr,3686.0
3690,0,gGGGgrrrrrGGGggrGrG,3694.0
3695,0,gGGGgrrrrrGGGggrGrG,3696.0
3700,1,gGGGgrrrrrGGGggrrrr,3704.0
3705,2,yyyyyrrrrryyyyyrrrr,3707.0
3710,3,rrrrrgGGggrrrrrGrGr,3712.0
3715,4,rrrrrgGGggrrrrrrrrr,3717.0
3720,0,gGGGgrrrrrGGGggrGrG,3725.0
3725,1,gGGGgrrrrrGGGggrrrr,3730.0
3730,2,yyyyyrrrrryyyyyrrrr,3733.0
3735,3,rrrrrgGGggrrrrrGrGr,3738.0
3740,4,rrrrrgGGggrrrrrrrrr,3743.0
3745,5,rrrrryyyyyrrrrrrrrr,3746.0
3750,0,gGGGgrrrrrGGGggrGrG,3751.0
3755,1,gGGGgrrrrrGGGggrrrr,3756.0
3760,3,rrrrrgGGggrrrrrGrGr,3764.0
3765,4,rrrrrgGGggrrrrrrrrr,3769.0
3770,5,rrrrryyyyyrrrrrrrrr,3772.0
3775,0,gGGGgrrrrrGGGggrGrG,3777.0
3780,1,gGGGgrrrrrGGGggrrrr,3782.0
3785,3,rrrrrgGGggrrrrrGrGr,3790.0
3790,3,rrrrrgGGggrrrrrGrGr,3792.0
3795,4,rrrrrgGGggrrrrrrrrr,3798.0
3800,5,rrrrryyyyyrrrrrrrrr,3801.0
3805,0,gGGGgrrrrrGGGggrGrG,3806.0
3810,1,gGGGgrrrrrGGGggrrrr,3811.0
3815,3,rrrrrgGGggrrrrrGrGr,3819.0
3820,4,rrrrrgGGggrrrrrrrrr,3824.0
3825,5,rrrrryyyyyrrrrrrrrr,3827.0
3830,0,gGGGgrrrrrGGGggrGrG,3832.0
3835,1,gGGGgrrrrrGGGggrrrr,3837.0
3840,3,rrrrrgGGggrrrrrGrGr,3845.0
3845,4,rrrrrgGGggrrrrrrrrr,3850.0
3850,5,rrrrryyyyyrrrrrrrrr,3853.0
3855,0,gGGGgrrrrrGGGggrGrG,3858.0
3860,0,gGGGgrrrrrGGGggrGrG,3862.0
3865,1,gGGGgrrrrrGGGggrrrr,3869.0
3870,2,yyyyyrrrrryyyyyrrrr,3872.0
3875,3,rrrrrgGGggrrrrrGrGr,3877.0
3880,3,rrrrrgGGggrrrrrGrGr,3881.0
3885,4,rrrrrgGGggrrrrrrrrr,3888.0
3890,5,rrrrryyyyyrrrrrrrrr,3891.0
3895,0,gGGGgrrrrrGGGggrGrG,3896.0
3900,1,gGGGgrrrrrGGGggrrrr,3901.0
3905,3,rrrrrgGGggrrrrrGrGr,3909.0
3910,4,rrrrrgGGggrrrrrrrrr,3914.0
3915,5,rrrrryyyyyrrrrrrrrr,3917.0
3920,0,gGGGgrrrrrGGGggrGrG,3922.0
3925,1,gGGGgrrrrrGGGggrrrr,3927.0
3930,3,rrrrrgGGggrrrrrGrGr,3935.0
3935,4,rrrrrgGGggrrrrrrrrr,3940.0
3940,5,rrrrryyyyyrrrrrrrrr,3943.0
3945,0,gGGGgrrrrrGGGggrGrG,3948.0
3950,1,gGGGgrrrrrGGGggrrrr,3953.0
3955,2,yyyyyrrrrryyyyyrrrr,3956.0
3960,3,rrrrrgGGggrrrrrGrGr,3961.0
3965,4,rrrrrgGGggrrrrrrrrr,3966.0
3970,0,gGGGgrrrrrGGGggrGrG,3974.0
3975,1,gGGGgrrrrrGGGggrrrr,3979.0
3980,2,yyyyyrrrrryyyyyrrrr,3982.0
3985,3,rrrrrgGGggrrrrrGrGr,3987.0
3990,4,rrrrrgGGggrrrrrrrrr,3992.0
3995,0,gGGGgrrrrrGGGggrGrG,4000.0
4000,1,gGGGgrrrrrGGGggrrrr,4005.0
4005,2,yyyyyrrrrryyyyyrrrr,4008.0
4010,3,rrrrrgGGggrrrrrGrGr,4013.0
4015,4,rrrrrgGGggrrrrrrrrr,4018.0
4020,5,rrrrryyyyyrrrrrrrrr,4021.0
4025,0,gGGGgrrrrrGGGggrGrG,4026.0
4030,1,gGGGgrrrrrGGGggrrrr,4031.0
4035,3,rrrrrgGGggrrrrrGrGr,4039.0
4040,4,rrrrrgGGggrrrrrrrrr,4044.0
4045,5,rrrrryyyyyrrrrrrrrr,4047.0
4050,0,gGGGgrrrrrGGGggrGrG,4052.0
4055,1,gGGGgrrrrrGGGggrrrr,4057.0
4060,3,rrrrrgGGggrrrrrGrGr,4065.0
4065,4,rrrrrgGGggrrrrrrrrr,4070.0
4070,5,rrrrryyyyyrrrrrrrrr,4073.0
4075,0,gGGGgrrrrrGGGggrGrG,4078.0
4080,0,gGGGgrrrrrGGGggrGrG,4081.0
4085,0,gGGGgrrrrrGGGggrGrG,4086.0
4090,1,gGGGgrrrrrGGGggrrrr,4093.0
4095,2,yyyyyrrrrryyyyyrrrr,4096.0
4100,3,rrrrrgGGggrrrrrGrGr,4101.0
4105,4,rrrrrgGGggrrrrrrrrr,4106.0
4110,0,gGGGgrrrrrGGGggrGrG,4114.0
4115,0,gGGGgrrrrrGGGggrGrG,4116.0
4120,1,gGGGgrrrrrGGGggrrrr,4123.0
4125,2,yyyyyrrrrryyyyyrrrr,4126.0
4130,3,rrrrrgGGggrrrrrGrGr,4131.0
4135,4,rrrrrgGGggrrrrrrrrr,4137.0
4140,0,gGGGgrrrrrGGGggrGrG,4145.0
4145,1,gGGGgrrrrrGGGggrrrr,4150.0
4150,2,yyyyyrrrrryyyyyrrrr,4153.0
4155,3,rrrrrgGGggrrrrrGrGr,4158.0
4160,4,rrrrrgGGggrrrrrrrrr,4163.0
4165,5,rrrrryyyyyrrrrrrrrr,4166.0
4170,0,gGGGgrrrrrGGGggrGrG,4171.0
4175,1,gGGGgrrrrrGGGggrrrr,4176.0
4180,3,rrrrrgGGggrrrrrGrGr,4184.0
4185,4,rrrrrgGGggrrrrrrrrr,4189.0
4190,5,rrrrryyyyyrrrrrrrrr,4192.0
4195,0,gGGGgrrrrrGGGggrGrG,4197.0
4200,1,gGGGgrrrrrGGGggrrrr,4202.0
4205,3,rrrrrgGGggrrrrrGrGr,4210.0
4210,4,rrrrrgGGggrrrrrrrrr,4215.0
4215,5,rrrrryyyyyrrrrrrrrr,4218.0
4220,0,gGGGgrrrrrGGGggrGrG,4223.0
4225,1,gGGGgrrrrrGGGggrrrr,4228.0
4230,2,yyyyyrrrrryyyyyrrrr,4231.0
4235,3,rrrrrgGGggrrrrrGrGr,4236.0
4240,4,rrrrrgGGggrrrrrrrrr,4241.0
4245,0,gGGGgrrrrrGGGggrGrG,4249.0
4250,1,gGGGgrrrrrGGGggrrrr,4254.0
4255,2,yyyyyrrrrryyyyyrrrr,4257.0
4260,3,rrrrrgGGggrrrrrGrGr,4262.0
4265,4,rrrrrgGGggrrrrrrrrr,4267.0
4270,0,gGGGgrrrrrGGGggrGrG,4275.0
4275,1,gGGGgrrrrrGGGggrrrr,4280.0
4280,2,yyyyyrrrrryyyyyrrrr,4283.0
4285,3,rrrrrgGGggrrrrrGrGr,4288.0
4290,4,rrrrrgGGggrrrrrrrrr,4293.0
4295,5,rrrrryyyyyrrrrrrrrr,4296.0
4300,0,gGGGgrrrrrGGGggrGrG,4301.0
4305,1,gGGGgrrrrrGGGggrrrr,4306.0
4310,3,rrrrrgGGggrrrrrGrGr,4314.0
4315,4,rrrrrgGGggrrrrrrrrr,4319.0
4320,5,rrrrryyyyyrrrrrrrrr,4322.0
4325,0,gGGGgrrrrrGGGggrGrG,4327.0
4330,1,gGGGgrrrrrGGGggrrrr,4332.0
4335,3,rrrrrgGGggrrrrrGrGr,4340.0
4340,4,rrrrrgGGggrrrrrrrrr,4345.0
4345,5,rrrrryyyyyrrrrrrrrr,4348.0
4350,0,gGGGgrrrrrGGGggrGrG,4353.0
4355,1,gGGGgrrrrrGGGggrrrr,4358.0
4360,2,yyyyyrrrrryyyyyrrrr,4361.0
4365,3,rrrrrgGGggrrrrrGrGr,4366.0
4370,4,rrrrrgGGggrrrrrrrrr,4371.0
4375,0,gGGGgrrrrrGGGggrGrG,4379.0
4380,1,gGGGgrrrrrGGGggrrrr,4384.0
4385,2,yyyyyrrrrryyyyyrrrr,4387.0
4390,3,rrrrrgGGggrrrrrGrGr,4392.0
4395,4,rrrrrgGGggrrrrrrrrr,4397.0
4400,0,gGGGgrrrrrGGGggrGrG,4405.0
4405,1,gGGGgrrrrrGGGggrrrr,4410.0
4410,2,yyyyyrrrrryyyyyrrrr,4413.0
4415,3,rrrrrgGGggrrrrrGrGr,4418.0
4420,4,rrrrrgGGggrrrrrrrrr,4423.0
4425,5,rrrrryyyyyrrrrrrrrr,4426.0
4430,0,gGGGgrrrrrGGGggrGrG,4431.0
4435,1,gGGGgrrrrrGGGggrrrr,4436.0
4440,3,rrrrrgGGggrrrrrGrGr,4444.0
4445,4,rrrrrgGGggrrrrrrrrr,4449.0
4450,5,rrrrryyyyyrrrrrrrrr,4452.0
4455,0,gGGGgrrrrrGGGggrGrG,4457.0
4460,0,gGGGgrrrrrGGGggrGrG,4462.0
4465,1,gGGGgrrrrrGGGggrrrr,4468.0
4470,2,yyyyyrrrrryyyyyrrrr,4471.0
4475,3,rrrrrgGGggrrrrrGrGr,4476.0
4480,4,rrrrrgGGggrrrrrrrrr,4481.0
4485,0,gGGGgrrrrrGGGggrGrG,4489.0
4490,1,gGGGgrrrrrGGGggrrrr,4494.0
4495,2,yyyyyrrrrryyyyyrrrr,4497.0
4500,3,rrrrrgGGggrrrrrGrGr,4502.0
4505,4,rrrrrgGGggrrrrrrrrr,4507.0
4510,0,gGGGgrrrrrGGGggrGrG,4515.0
4515,1,gGGGgrrrrrGGGggrrrr,4520.0
4520,2,yyyyyrrrrryyyyyrrrr,4523.0
4525,3,rrrrrgGGggrrrrrGrGr,4528.0
4530,4,rrrrrgGGggrrrrrrrrr,4533.0
4535,5,rrrrryyyyyrrrrrrrrr,4536.0
4540,0,gGGGgrrrrrGGGggrGrG,4541.0
4545,1,gGGGgrrrrrGGGggrrrr,4546.0
4550,3,rrrrrgGGggrrrrrGrGr,4554.0
4555,4,rrrrrgGGggrrrrrrrrr,4559.0
4560,5,rrrrryyyyyrrrrrrrrr,4562.0
4565,0,gGGGgrrrrrGGGggrGrG,4567.0
4570,1,gGGGgrrrrrGGGggrrrr,4572.0
4575,3,rrrrrgGGggrrrrrGrGr,4580.0
4580,4,rrrrrgGGggrrrrrrrrr,4585.0
4585,5,rrrrryyyyyrrrrrrrrr,4588.0
4590,0,gGGGgrrrrrGGGggrGrG,4593.0
4595,1,gGGGgrrrrrGGGggrrrr,4598.0
4600,2,yyyyyrrrrryyyyyrrrr,4601.0
4605,3,rrrrrgGGggrrrrrGrGr,4606.0
4610,4,rrrrrgGGggrrrrrrrrr,4611.0
4615,0,gGGGgrrrrrGGGggrGrG,4619.0
4620,1,gGGGgrrrrrGGGggrrrr,4624.0
4625,2,yyyyyrrrrryyyyyrrrr,4627.0
4630,3,rrrrrgGGggrrrrrGrGr,4632.0
4635,4,rrrrrgGGggrrrrrrrrr,4637.0
4640,0,gGGGgrrrrrGGGggrGrG,4645.0
4645,1,gGGGgrrrrrGGGggrrrr,4650.0
4650,2,yyyyyrrrrryyyyyrrrr,4653.0
4655,3,rrrrrgGGggrrrrrGrGr,4658.0
4660,4,rrrrrgGGggrrrrrrrrr,4663.0
4665,5,rrrrryyyyyrrrrrrrrr,4666.0
4670,0,gGGGgrrrrrGGGggrGrG,4671.0
4675,1,gGGGgrrrrrGGGggrrrr,4676.0
4680,3,rrrrrgGGggrrrrrGrGr,4684.0
4685,4,rrrrrgGGggrrrrrrrrr,4689.0
4690,5,rrrrryyyyyrrrrrrrrr,4692.0
4695,0,gGGGgrrrrrGGGggrGrG,4697.0
4700,0,gGGGgrrrrrGGGggrGrG,4701.0
4705,1,gGGGgrrrrrGGGggrrrr,4706.0
4710,3,rrrrrgGGggrrrrrGrGr,4714.0
4715,4,rrrrrgGGggrrrrrrrrr,4719.0
4720,5,rrrrryyyyyrrrrrrrrr,4722.0
4725,0,gGGGgrrrrrGGGggrGrG,4727.0
4730,1,gGGGgrrrrrGGGggrrrr,4732.0
4735,3,rrrrrgGGggrrrrrGrGr,4740.0
4740,4,rrrrrgGGggrrrrrrrrr,4745.0
4745,5,rrrrryyyyyrrrrrrrrr,4748.0
4750,0,gGGGgrrrrrGGGggrGrG,4753.0
4755,1,gGGGgrrrrrGGGggrrrr,4758.0
4760,2,yyyyyrrrrryyyyyrrrr,4761.0
4765,3,rrrrrgGGggrrrrrGrGr,4766.0
4770,4,rrrrrgGGggrrrrrrrrr,4771.0
4775,0,gGGGgrrrrrGGGggrGrG,4779.0
4780,1,gGGGgrrrrrGGGggrrrr,4784.0
4785,2,yyyyyrrrrryyyyyrrrr,4787.0
4790,3,rrrrrgGGggrrrrrGrGr,4792.0
4795,4,rrrrrgGGggrrrrrrrrr,4797.0
4800,0,gGGGgrrrrrGGGggrGrG,4805.0
4805,1,gGGGgrrrrrGGGggrrrr,4810.0
4810,2,yyyyyrrrrryyyyyrrrr,4813.0
4815,3,rrrrrgGGggrrrrrGrGr,4818.0
4820,4,rrrrrgGGggrrrrrrrrr,4823.0
4825,5,rrrrryyyyyrrrrrrrrr,4826.0
4830,0,gGGGgrrrrrGGGggrGrG,4831.0
4835,1,gGGGgrrrrrGGGggrrrr,4836.0
4840,3,rrrrrgGGggrrrrrGrGr,4844.0
4845,4,rrrrrgGGggrrrrrrrrr,4849.0
4850,5,rrrrryyyyyrrrrrrrrr,4852.0
4855,0,gGGGgrrrrrGGGggrGrG,4857.0
4860,1,gGGGgrrrrrGGGggrrrr,4862.0
4865,3,rrrrrgGGggrrrrrGrGr,4870.0
4870,4,rrrrrgGGggrrrrrrrrr,4875.0
4875,5,rrrrryyyyyrrrrrrrrr,4878.0
4880,0,gGGGgrrrrrGGGggrGrG,4883.0
4885,1,gGGGgrrrrrGGGggrrrr,4888.0
4890,2,yyyyyrrrrryyyyyrrrr,4891.0
4895,3,rrrrrgGGggrrrrrGrGr,4896.0
4900,4,rrrrrgGGggrrrrrrrrr,4901.0
4905,0,gGGGgrrrrrGGGggrGrG,4909.0
4910,1,gGGGgrrrrrGGGggrrrr,4914.0
4915,2,yyyyyrrrrryyyyyrrrr,4917.0
4920,3,rrrrrgGGggrrrrrGrGr,4922.0
4925,4,rrrrrgGGggrrrrrrrrr,4927.0
4930,0,gGGGgrrrrrGGGggrGrG,4935.0
4935,1,gGGGgrrrrrGGGggrrrr,4940.0
4940,2,yyyyyrrrrryyyyyrrrr,4943.0
4945,3,rrrrrgGGggrrrrrGrGr,4948.0
4950,4,rrrrrgGGggrrrrrrrrr,4953.0
4955,5,rrrrryyyyyrrrrrrrrr,4956.0
4960,0,gGGGgrrrrrGGGggrGrG,4961.0
4965,1,gGGGgrrrrrGGGggrrrr,4966.0
4970,3,rrrrrgGGggrrrrrGrGr,4974.0
4975,4,rrrrrgGGggrrrrrrrrr,4979.0
4980,5,rrrrryyyyyrrrrrrrrr,4982.0
4985,0,gGGGgrrrrrGGGggrGrG,4987.0
4990,1,gGGGgrrrrrGGGggrrrr,4992.0
4995,3,rrrrrgGGggrrrrrGrGr,5000.0
5000,4,rrrrrgGGggrrrrrrrrr,5005.0
5005,5,rrrrryyyyyrrrrrrrrr,5008.0
5010,0,gGGGgrrrrrGGGggrGrG,5013.0
5015,1,gGGGgrrrrrGGGggrrrr,5018.0
5020,2,yyyyyrrrrryyyyyrrrr,5021.0
5025,3,rrrrrgGGggrrrrrGrGr,5026.0
5030,4,rrrrrgGGggrrrrrrrrr,5031.0
5035,0,gGGGgrrrrrGGGggrGrG,5039.0
5040,1,gGGGgrrrrrGGGggrrrr,5044.0
5045,2,yyyyyrrrrryyyyyrrrr,5047.0
5050,3,rrrrrgGGggrrrrrGrGr,5052.0
5055,4,rrrrrgGGggrrrrrrrrr,5057.0
5060,0,gGGGgrrrrrGGGggrGrG,5065.0
5065,1,gGGGgrrrrrGGGggrrrr,5070.0
5070,2,yyyyyrrrrryyyyyrrrr,5073.0
5075,3,rrrrrgGGggrrrrrGrGr,5078.0
5080,4,rrrrrgGGggrrrrrrrrr,5083.0
5085,5,rrrrryyyyyrrrrrrrrr,5086.0
5090,0,gGGGgrrrrrGGGggrGrG,5091.0
5095,1,gGGGgrrrrrGGGggrrrr,5096.0
5100,3,rrrrrgGGggrrrrrGrGr,5104.0
5105,4,rrrrrgGGggrrrrrrrrr,5109.0
5110,5,rrrrryyyyyrrrrrrrrr,5112.0
5115,0,gGGGgrrrrrGGGggrGrG,5117.0
5120,1,gGGGgrrrrrGGGggrrrr,5122.0
5125,3,rrrrrgGGggrrrrrGrGr,5130.0
5130,4,rrrrrgGGggrrrrrrrrr,5135.0
5135,5,rrrrryyyyyrrrrrrrrr,5138.0
5140,0,gGGGgrrrrrGGGggrGrG,5143.0
5145,1,gGGGgrrrrrGGGggrrrr,5148.0
5150,2,yyyyyrrrrryyyyyrrrr,5151.0
5155,3,rrrrrgGGggrrrrrGrGr,5156.0
5160,4,rrrrrgGGggrrrrrrrrr,5161.0
5165,0,gGGGgrrrrrGGGggrGrG,5169.0
5170,1,gGGGgrrrrrGGGggrrrr,5174.0
5175,2,yyyyyrrrrryyyyyrrrr,5177.0
5180,3,rrrrrgGGggrrrrrGrGr,5182.0
5185,4,rrrrrgGGggrrrrrrrrr,5187.0
5190,0,gGGGgrrrrrGGGggrGrG,5195.0
5195,1,gGGGgrrrrrGGGggrrrr,5200.0
5200,2,yyyyyrrrrryyyyyrrrr,5203.0
5205,3,rrrrrgGGggrrrrrGrGr,5208.0
5210,4,rrrrrgGGggrrrrrrrrr,5213.0
5215,5,rrrrryyyyyrrrrrrrrr,5216.0
5220,0,gGGGgrrrrrGGGggrGrG,5221.0
5225,1,gGGGgrrrrrGGGggrrrr,5226.0
5230,3,rrrrrgGGggrrrrrGrGr,5234.0
5235,4,rrrrrgGGggrrrrrrrrr,5239.0
5240,5,rrrrryyyyyrrrrrrrrr,5242.0
5245,0,gGGGgrrrrrGGGggrGrG,5247.0
5250,1,gGGGgrrrrrGGGggrrrr,5252.0
5255,3,rrrrrgGGggrrrrrGrGr,5260.0
5260,4,rrrrrgGGggrrrrrrrrr,5265.0
5265,5,rrrrryyyyyrrrrrrrrr,5268.0
5270,0,gGGGgrrrrrGGGggrGrG,5273.0
5275,1,gGGGgrrrrrGGGggrrrr,5278.0
5280,2,yyyyyrrrrryyyyyrrrr,5281.0
5285,3,rrrrrgGGggrrrrrGrGr,5286.0
5290,4,rrrrrgGGggrrrrrrrrr,5291.0
5295,0,gGGGgrrrrrGGGggrGrG,5299.0
5300,1,gGGGgrrrrrGGGggrrrr,5304.0
5305,2,yyyyyrrrrryyyyyrrrr,5307.0
5310,3,rrrrrgGGggrrrrrGrGr,5312.0
5315,4,rrrrrgGGggrrrrrrrrr,5317.0
5320,0,gGGGgrrrrrGGGggrGrG,5325.0
5325,1,gGGGgrrrrrGGGggrrrr,5330.0
5330,2,yyyyyrrrrryyyyyrrrr,5333.0
5335,3,rrrrrgGGggrrrrrGrGr,5338.0
5340,4,rrrrrgGGggrrrrrrrrr,5343.0
5345,5,rrrrryyyyyrrrrrrrrr,5346.0
5350,0,gGGGgrrrrrGGGggrGrG,5351.0
5355,1,gGGGgrrrrrGGGggrrrr,5356.0
5360,3,rrrrrgGGggrrrrrGrGr,5364.0
5365,4,rrrrrgGGggrrrrrrrrr,5369.0
5370,5,rrrrryyyyyrrrrrrrrr,5372.0
5375,0,gGGGgrrrrrGGGggrGrG,5377.0
5380,1,gGGGgrrrrrGGGggrrrr,5382.0
5385,3,rrrrrgGGggrrrrrGrGr,5390.0
5390,4,rrrrrgGGggrrrrrrrrr,5395.0
5395,5,rrrrryyyyyrrrrrrrrr,5398.0
5400,0,gGGGgrrrrrGGGggrGrG,5403.0
5405,1,gGGGgrrrrrGGGggrrrr,5408.0
5410,2,yyyyyrrrrryyyyyrrrr,5411.0
5415,3,rrrrrgGGggrrrrrGrGr,5416.0
5420,4,rrrrrgGGggrrrrrrrrr,5421.0
5425,0,gGGGgrrrrrGGGggrGrG,5429.0
5430,1,gGGGgrrrrrGGGggrrrr,5434.0
5435,2,yyyyyrrrrryyyyyrrrr,5437.0
5440,3,rrrrrgGGggrrrrrGrGr,5442.0
5445,4,rrrrrgGGggrrrrrrrrr,5447.0
5450,0,gGGGgrrrrrGGGggrGrG,5455.0
5455,1,gGGGgrrrrrGGGggrrrr,5460.0
5460,2,yyyyyrrrrryyyyyrrrr,5463.0
5465,3,rrrrrgGGggrrrrrGrGr,5468.0
5470,4,rrrrrgGGggrrrrrrrrr,5473.0
5475,5,rrrrryyyyyrrrrrrrrr,5476.0
5480,0,gGGGgrrrrrGGGggrGrG,5481.0
5485,1,gGGGgrrrrrGGGggrrrr,5486.0
5490,3,rrrrrgGGggrrrrrGrGr,5494.0
5495,4,rrrrrgGGggrrrrrrrrr,5499.0
5500,5,rrrrryyyyyrrrrrrrrr,5502.0
5505,0,gGGGgrrrrrGGGggrGrG,5507.0
5510,1,gGGGgrrrrrGGGggrrrr,5512.0
5515,3,rrrrrgGGggrrrrrGrGr,5520.0
5520,4,rrrrrgGGggrrrrrrrrr,5525.0
5525,5,rrrrryyyyyrrrrrrrrr,5528.0
5530,0,gGGGgrrrrrGGGggrGrG,5533.0
5535,1,gGGGgrrrrrGGGggrrrr,5538.0
5540,2,yyyyyrrrrryyyyyrrrr,5541.0
5545,3,rrrrrgGGggrrrrrGrGr,5546.0
5550,4,rrrrrgGGggrrrrrrrrr,5551.0
5555,0,gGGGgrrrrrGGGggrGrG,5559.0
5560,1,gGGGgrrrrrGGGggrrrr,5564.0
5565,2,yyyyyrrrrryyyyyrrrr,5567.0
5570,3,rrrrrgGGggrrrrrGrGr,5572.0
5575,4,rrrrrgGGggrrrrrrrrr,5577.0
5580,0,gGGGgrrrrrGGGggrGrG,5585.0
5585,1,gGGGgrrrrrGGGggrrrr,5590.0
5590,2,yyyyyrrrrryyyyyrrrr,5593.0
5595,3,rrrrrgGGggrrrrrGrGr,5598.0
5600,4,rrrrrgGGggrrrrrrrrr,5603.0
5605,5,rrrrryyyyyrrrrrrrrr,5606.0
5610,0,gGGGgrrrrrGGGggrGrG,5611.0
5615,1,gGGGgrrrrrGGGggrrrr,5616.0
5620,3,rrrrrgGGggrrrrrGrGr,5624.0
5625,4,rrrrrgGGggrrrrrrrrr,5629.0
5630,5,rrrrryyyyyrrrrrrrrr,5632.0
5635,0,gGGGgrrrrrGGGggrGrG,5637.0
5640,1,gGGGgrrrrrGGGggrrrr,5642.0
5645,3,rrrrrgGGggrrrrrGrGr,5650.0
5650,4,rrrrrgGGggrrrrrrrrr,5655.0
5655,5,rrrrryyyyyrrrrrrrrr,5658.0
5660,0,gGGGgrrrrrGGGggrGrG,5663.0
5665,1,gGGGgrrrrrGGGggrrrr,5668.0
5670,2,yyyyyrrrrryyyyyrrrr,5671.0
5675,3,rrrrrgGGggrrrrrGrGr,5676.0
5680,4,rrrrrgGGggrrrrrrrrr,5681.0
5685,0,gGGGgrrrrrGGGggrGrG,5689.0
5690,1,gGGGgrrrrrGGGggrrrr,5694.0
5695,2,yyyyyrrrrryyyyyrrrr,5697.0
5700,3,rrrrrgGGggrrrrrGrGr,5702.0
5705,4,rrrrrgGGggrrrrrrrrr,5707.0
5710,0,gGGGgrrrrrGGGggrGrG,5715.0
5715,1,gGGGgrrrrrGGGggrrrr,5720.0
5720,2,yyyyyrrrrryyyyyrrrr,5723.0
5725,3,rrrrrgGGggrrrrrGrGr,5728.0
5730,4,rrrrrgGGggrrrrrrrrr,5733.0
5735,5,rrrrryyyyyrrrrrrrrr,5736.0
5740,0,gGGGgrrrrrGGGggrGrG,5741.0
5745,1,gGGGgrrrrrGGGggrrrr,5746.0
5750,3,rrrrrgGGggrrrrrGrGr,5754.0
5755,4,rrrrrgGGggrrrrrrrrr,5759.0
5760,5,rrrrryyyyyrrrrrrrrr,5762.0
5765,0,gGGGgrrrrrGGGggrGrG,5767.0
5770,1,gGGGgrrrrrGGGggrrrr,5772.0
5775,3,rrrrrgGGggrrrrrGrGr,5780.0
5780,4,rrrrrgGGggrrrrrrrrr,5785.0
5785,5,rrrrryyyyyrrrrrrrrr,5788.0
5790,0,gGGGgrrrrrGGGggrGrG,5793.0
5795,1,gGGGgrrrrrGGGggrrrr,5799.0
5800,2,yyyyyrrrrryyyyyrrrr,5802.0
5805,3,rrrrrgGGggrrrrrGrGr,5807.0
5810,4,rrrrrgGGggrrrrrrrrr,5812.0
5815,0,gGGGgrrrrrGGGggrGrG,5820.0
5820,1,gGGGgrrrrrGGGggrrrr,5825.0
5825,2,yyyyyrrrrryyyyyrrrr,5828.0
5830,3,rrrrrgGGggrrrrrGrGr,5833.0
5835,4,rrrrrgGGggrrrrrrrrr,5838.0
5840,5,rrrrryyyyyrrrrrrrrr,5841.0
5845,0,gGGGgrrrrrGGGggrGrG,5846.0
5850,1,gGGGgrrrrrGGGggrrrr,5851.0
5855,3,rrrrrgGGggrrrrrGrGr,5859.0
5860,4,rrrrrgGGggrrrrrrrrr,5864.0
5865,5,rrrrryyyyyrrrrrrrrr,5867.0
5870,0,gGGGgrrrrrGGGggrGrG,5872.0
5875,1,gGGGgrrrrrGGGggrrrr,5877.0
5880,3,rrrrrgGGggrrrrrGrGr,5885.0
5885,4,rrrrrgGGggrrrrrrrrr,5890.0
5890,5,rrrrryyyyyrrrrrrrrr,5893.0
5895,0,gGGGgrrrrrGGGggrGrG,5898.0
5900,1,gGGGgrrrrrGGGggrrrr,5903.0
5905,2,yyyyyrrrrryyyyyrrrr,5906.0
5910,3,rrrrrgGGggrrrrrGrGr,5911.0
5915,4,rrrrrgGGggrrrrrrrrr,5916.0
5920,0,gGGGgrrrrrGGGggrGrG,5924.0
5925,1,gGGGgrrrrrGGGggrrrr,5929.0
5930,2,yyyyyrrrrryyyyyrrrr,5932.0
5935,3,rrrrrgGGggrrrrrGrGr,5937.0
5940,4,rrrrrgGGggrrrrrrrrr,5942.0
5945,0,gGGGgrrrrrGGGggrGrG,5950.0
5950,1,gGGGgrrrrrGGGggrrrr,5955.0
5955,2,yyyyyrrrrryyyyyrrrr,5958.0
5960,3,rrrrrgGGggrrrrrGrGr,5963.0
5965,4,rrrrrgGGggrrrrrrrrr,5968.0
5970,5,rrrrryyyyyrrrrrrrrr,5971.0
5975,0,gGGGgrrrrrGGGggrGrG,5976.0
5980,1,gGGGgrrrrrGGGggrrrr,5981.0
5985,3,rrrrrgGGggrrrrrGrGr,5989.0
5990,4,rrrrrgGGggrrrrrrrrr,5994.0
5995,5,rrrrryyyyyrrrrrrrrr,5997.0
6000,0,gGGGgrrrrrGGGggrGrG,6002.0
6005,1,gGGGgrrrrrGGGggrrrr,6007.0
6010,3,rrrrrgGGggrrrrrGrGr,6015.0
6015,4,rrrrrgGGggrrrrrrrrr,6020.0
6020,5,rrrrryyyyyrrrrrrrrr,6023.0
6025,0,gGGGgrrrrrGGGggrGrG,6028.0
6030,1,gGGGgrrrrrGGGggrrrr,6033.0
6035,2,yyyyyrrrrryyyyyrrrr,6036.0
6040,3,rrrrrgGGggrrrrrGrGr,6041.0
6045,4,rrrrrgGGggrrrrrrrrr,6046.0
6050,0,gGGGgrrrrrGGGggrGrG,6054.0
6055,1,gGGGgrrrrrGGGggrrrr,6059.0
6060,2,yyyyyrrrrryyyyyrrrr,6062.0
6065,3,rrrrrgGGggrrrrrGrGr,6067.0
6070,4,rrrrrgGGggrrrrrrrrr,6072.0
6075,0,gGGGgrrrrrGGGggrGrG,6080.0
6080,1,gGGGgrrrrrGGGggrrrr,6085.0
6085,2,yyyyyrrrrryyyyyrrrr,6088.0
6090,3,rrrrrgGGggrrrrrGrGr,6093.0
6095,4,rrrrrgGGggrrrrrrrrr,6098.0
6100,5,rrrrryyyyyrrrrrrrrr,6101.0
6105,0,gGGGgrrrrrGGGggrGrG,6106.0
6110,1,gGGGgrrrrrGGGggrrrr,6111.0
6115,3,rrrrrgGGggrrrrrGrGr,6119.0
6120,4,rrrrrgGGggrrrrrrrrr,6124.0
6125,5,rrrrryyyyyrrrrrrrrr,6127.0
6130,0,gGGGgrrrrrGGGggrGrG,6132.0
6135,1,gGGGgrrrrrGGGggrrrr,6137.0
6140,3,rrrrrgGGggrrrrrGrGr,6145.0
6145,4,rrrrrgGGggrrrrrrrrr,6150.0
6150,5,rrrrryyyyyrrrrrrrrr,6153.0
6155,0,gGGGgrrrrrGGGggrGrG,6158.0
6160,1,gGGGgrrrrrGGGggrrrr,6163.0
6165,2,yyyyyrrrrryyyyyrrrr,6166.0
6170,3,rrrrrgGGggrrrrrGrGr,6171.0
6175,4,rrrrrgGGggrrrrrrrrr,6176.0
6180,0,gGGGgrrrrrGGGggrGrG,6184.0
6185,1,gGGGgrrrrrGGGggrrrr,6189.0
6190,2,yyyyyrrrrryyyyyrrrr,6192.0
6195,3,rrrrrgGGggrrrrrGrGr,6197.0
6200,4,rrrrrgGGggrrrrrrrrr,6202.0
6205,0,gGGGgrrrrrGGGggrGrG,6210.0
6210,1,gGGGgrrrrrGGGggrrrr,6215.0
6215,2,yyyyyrrrrryyyyyrrrr,6218.0
6220,3,rrrrrgGGggrrrrrGrGr,6223.0
6225,4,rrrrrgGGggrrrrrrrrr,6228.0
6230,5,rrrrryyyyyrrrrrrrrr,6231.0
6235,0,gGGGgrrrrrGGGggrGrG,6236.0
6240,1,gGGGgrrrrrGGGggrrrr,6241.0
6245,3,rrrrrgGGggrrrrrGrGr,6249.0
6250,4,rrrrrgGGggrrrrrrrrr,6254.0
6255,5,rrrrryyyyyrrrrrrrrr,6257.0
6260,0,gGGGgrrrrrGGGggrGrG,6262.0
6265,1,gGGGgrrrrrGGGggrrrr,6267.0
6270,3,rrrrrgGGggrrrrrGrGr,6275.0
6275,4,rrrrrgGGggrrrrrrrrr,6280.0
6280,5,rrrrryyyyyrrrrrrrrr,6283.0
6285,0,gGGGgrrrrrGGGggrGrG,6288.0
6290,1,gGGGgrrrrrGGGggrrrr,6293.0
6295,2,yyyyyrrrrryyyyyrrrr,6296.0
6300,3,rrrrrgGGggrrrrrGrGr,6301.0
6305,4,rrrrrgGGggrrrrrrrrr,6306.0
6310,0,gGGGgrrrrrGGGggrGrG,6314.0
6315,1,gGGGgrrrrrGGGggrrrr,6319.0
6320,2,yyyyyrrrrryyyyyrrrr,6322.0
6325,3,rrrrrgGGggrrrrrGrGr,6327.0
6330,4,rrrrrgGGggrrrrrrrrr,6332.0
6335,0,gGGGgrrrrrGGGggrGrG,6340.0
6340,1,gGGGgrrrrrGGGggrrrr,6345.0
6345,2,yyyyyrrrrryyyyyrrrr,6348.0
6350,3,rrrrrgGGggrrrrrGrGr,6353.0
6355,4,rrrrrgGGggrrrrrrrrr,6358.0
6360,5,rrrrryyyyyrrrrrrrrr,6361.0
6365,0,gGGGgrrrrrGGGggrGrG,6366.0
6370,1,gGGGgrrrrrGGGggrrrr,6371.0
6375,3,rrrrrgGGggrrrrrGrGr,6379.0
6380,4,rrrrrgGGggrrrrrrrrr,6384.0
6385,5,rrrrryyyyyrrrrrrrrr,6387.0
6390,0,gGGGgrrrrrGGGggrGrG,6392.0
6395,1,gGGGgrrrrrGGGggrrrr,6397.0
6400,3,rrrrrgGGggrrrrrGrGr,6405.0
6405,4,rrrrrgGGggrrrrrrrrr,6410.0
6410,5,rrrrryyyyyrrrrrrrrr,6413.0
6415,0,gGGGgrrrrrGGGggrGrG,6418.0
6420,1,gGGGgrrrrrGGGggrrrr,6423.0
6425,2,yyyyyrrrrryyyyyrrrr,6426.0
6430,3,rrrrrgGGggrrrrrGrGr,6431.0
6435,4,rrrrrgGGggrrrrrrrrr,6436.0
6440,0,gGGGgrrrrrGGGggrGrG,6444.0
6445,1,gGGGgrrrrrGGGggrrrr,6449.0
6450,2,yyyyyrrrrryyyyyrrrr,6452.0
6455,3,rrrrrgGGggrrrrrGrGr,6457.0
6460,4,rrrrrgGGggrrrrrrrrr,6462.0
6465,0,gGGGgrrrrrGGGggrGrG,6470.0
6470,1,gGGGgrrrrrGGGggrrrr,6475.0
6475,2,yyyyyrrrrryyyyyrrrr,6478.0
6480,3,rrrrrgGGggrrrrrGrGr,6483.0
6485,4,rrrrrgGGggrrrrrrrrr,6488.0
6490,5,rrrrryyyyyrrrrrrrrr,6491.0
6495,0,gGGGgrrrrrGGGggrGrG,6496.0
6500,1,gGGGgrrrrrGGGggrrrr,6501.0
6505,3,rrrrrgGGggrrrrrGrGr,6509.0
6510,4,rrrrrgGGggrrrrrrrrr,6514.0
6515,5,rrrrryyyyyrrrrrrrrr,6517.0
6520,0,gGGGgrrrrrGGGggrGrG,6522.0
6525,1,gGGGgrrrrrGGGggrrrr,6527.0
6530,3,rrrrrgGGggrrrrrGrGr,6535.0
6535,4,rrrrrgGGggrrrrrrrrr,6540.0
6540,5,rrrrryyyyyrrrrrrrrr,6543.0
6545,0,gGGGgrrrrrGGGggrGrG,6548.0
6550,1,gGGGgrrrrrGGGggrrrr,6553.0
6555,2,yyyyyrrrrryyyyyrrrr,6556.0
6560,3,rrrrrgGGggrrrrrGrGr,6561.0
6565,4,rrrrrgGGggrrrrrrrrr,6566.0
6570,0,gGGGgrrrrrGGGggrGrG,6574.0
6575,1,gGGGgrrrrrGGGggrrrr,6579.0
6580,2,yyyyyrrrrryyyyyrrrr,6582.0
6585,3,rrrrrgGGggrrrrrGrGr,6587.0
6590,4,rrrrrgGGggrrrrrrrrr,6592.0
6595,0,gGGGgrrrrrGGGggrGrG,6600.0
6600,1,gGGGgrrrrrGGGggrrrr,6605.0
6605,2,yyyyyrrrrryyyyyrrrr,6608.0
6610,3,rrrrrgGGggrrrrrGrGr,6613.0
6615,4,rrrrrgGGggrrrrrrrrr,6618.0
6620,5,rrrrryyyyyrrrrrrrrr,6621.0
6625,0,gGGGgrrrrrGGGggrGrG,6626.0
6630,1,gGGGgrrrrrGGGggrrrr,6631.0
6635,3,rrrrrgGGggrrrrrGrGr,6639.0
6640,4,rrrrrgGGggrrrrrrrrr,6644.0
6645,5,rrrrryyyyyrrrrrrrrr,6647.0
6650,0,gGGGgrrrrrGGGggrGrG,6652.0
6655,1,gGGGgrrrrrGGGggrrrr,6657.0
6660,3,rrrrrgGGggrrrrrGrGr,6665.0
6665,4,rrrrrgGGggrrrrrrrrr,6670.0
6670,5,rrrrryyyyyrrrrrrrrr,6673.0
6675,0,gGGGgrrrrrGGGggrGrG,6678.0
6680,1,gGGGgrrrrrGGGggrrrr,6683.0
6685,2,yyyyyrrrrryyyyyrrrr,6686.0
6690,3,rrrrrgGGggrrrrrGrGr,6691.0
6695,4,rrrrrgGGggrrrrrrrrr,6696.0
6700,0,gGGGgrrrrrGGGggrGrG,6704.0
6705,1,gGGGgrrrrrGGGggrrrr,6709.0
6710,2,yyyyyrrrrryyyyyrrrr,6712.0
6715,3,rrrrrgGGggrrrrrGrGr,6717.0
6720,4,rrrrrgGGggrrrrrrrrr,6722.0
6725,0,gGGGgrrrrrGGGggrGrG,6730.0
6730,1,gGGGgrrrrrGGGggrrrr,6735.0
6735,2,yyyyyrrrrryyyyyrrrr,6738.0
6740,3,rrrrrgGGggrrrrrGrGr,6743.0
6745,4,rrrrrgGGggrrrrrrrrr,6748.0
6750,5,rrrrryyyyyrrrrrrrrr,6751.0
6755,0,gGGGgrrrrrGGGggrGrG,6756.0
6760,1,gGGGgrrrrrGGGggrrrr,6761.0
6765,3,rrrrrgGGggrrrrrGrGr,6769.0
6770,4,rrrrrgGGggrrrrrrrrr,6774.0
6775,5,rrrrryyyyyrrrrrrrrr,6777.0
6780,0,gGGGgrrrrrGGGggrGrG,6782.0
6785,1,gGGGgrrrrrGGGggrrrr,6787.0
6790,3,rrrrrgGGggrrrrrGrGr,6795.0
6795,4,rrrrrgGGggrrrrrrrrr,6800.0
6800,5,rrrrryyyyyrrrrrrrrr,6803.0
6805,0,gGGGgrrrrrGGGggrGrG,6808.0
6810,1,gGGGgrrrrrGGGggrrrr,6813.0
6815,2,yyyyyrrrrryyyyyrrrr,6816.0
6820,3,rrrrrgGGggrrrrrGrGr,6821.0
6825,4,rrrrrgGGggrrrrrrrrr,6826.0
6830,0,gGGGgrrrrrGGGggrGrG,6834.0
6835,1,gGGGgrrrrrGGGggrrrr,6839.0
6840,2,yyyyyrrrrryyyyyrrrr,6842.0
6845,3,rrrrrgGGggrrrrrGrGr,6847.0
6850,4,rrrrrgGGggrrrrrrrrr,6852.0
6855,0,gGGGgrrrrrGGGggrGrG,6860.0
6860,1,gGGGgrrrrrGGGggrrrr,6865.0
6865,2,yyyyyrrrrryyyyyrrrr,6868.0
6870,3,rrrrrgGGggrrrrrGrGr,6873.0
6875,4,rrrrrgGGggrrrrrrrrr,6878.0
6880,5,rrrrryyyyyrrrrrrrrr,6881.0
6885,0,gGGGgrrrrrGGGggrGrG,6886.0
6890,1,gGGGgrrrrrGGGggrrrr,6891.0
6895,3,rrrrrgGGggrrrrrGrGr,6899.0
6900,4,rrrrrgGGggrrrrrrrrr,6904.0
6905,5,rrrrryyyyyrrrrrrrrr,6907.0
6910,0,gGGGgrrrrrGGGggrGrG,6912.0
6915,1,gGGGgrrrrrGGGggrrrr,6917.0
6920,3,rrrrrgGGggrrrrrGrGr,6925.0
6925,4,rrrrrgGGggrrrrrrrrr,6930.0
6930,5,rrrrryyyyyrrrrrrrrr,6933.0
6935,0,gGGGgrrrrrGGGggrGrG,6938.0
6940,1,gGGGgrrrrrGGGggrrrr,6943.0
6945,2,yyyyyrrrrryyyyyrrrr,6946.0
6950,3,rrrrrgGGggrrrrrGrGr,6951.0
6955,4,rrrrrgGGggrrrrrrrrr,6956.0
6960,0,gGGGgrrrrrGGGggrGrG,6964.0
6965,1,gGGGgrrrrrGGGggrrrr,6969.0
6970,2,yyyyyrrrrryyyyyrrrr,6972.0
6975,3,rrrrrgGGggrrrrrGrGr,6977.0
6980,4,rrrrrgGGggrrrrrrrrr,6982.0
6985,0,gGGGgrrrrrGGGggrGrG,6990.0
6990,1,gGGGgrrrrrGGGggrrrr,6995.0
6995,2,yyyyyrrrrryyyyyrrrr,6998.0
7000,3,rrrrrgGGggrrrrrGrGr,7003.0
7005,4,rrrrrgGGggrrrrrrrrr,7008.0
7010,5,rrrrryyyyyrrrrrrrrr,7011.0
7015,0,gGGGgrrrrrGGGggrGrG,7016.0
7020,1,gGGGgrrrrrGGGggrrrr,7021.0
7025,3,rrrrrgGGggrrrrrGrGr,7029.0
7030,4,rrrrrgGGggrrrrrrrrr,7034.0
7035,5,rrrrryyyyyrrrrrrrrr,7037.0
7040,0,gGGGgrrrrrGGGggrGrG,7042.0
7045,1,gGGGgrrrrrGGGggrrrr,7047.0
7050,3,rrrrrgGGggrrrrrGrGr,7055.0
7055,4,rrrrrgGGggrrrrrrrrr,7060.0
7060,5,rrrrryyyyyrrrrrrrrr,7063.0
7065,0,gGGGgrrrrrGGGggrGrG,7068.0
7070,1,gGGGgrrrrrGGGggrrrr,7073.0
7075,2,yyyyyrrrrryyyyyrrrr,7076.0
7080,3,rrrrrgGGggrrrrrGrGr,7081.0
7085,4,rrrrrgGGggrrrrrrrrr,7086.0
7090,0,gGGGgrrrrrGGGggrGrG,7094.0
7095,1,gGGGgrrrrrGGGggrrrr,7099.0
7100,2,yyyyyrrrrryyyyyrrrr,7102.0
7105,3,rrrrrgGGggrrrrrGrGr,7107.0
7110,4,rrrrrgGGggrrrrrrrrr,7112.0
7115,0,gGGGgrrrrrGGGggrGrG,7120.0
7120,1,gGGGgrrrrrGGGggrrrr,7125.0
7125,2,yyyyyrrrrryyyyyrrrr,7128.0
7130,3,rrrrrgGGggrrrrrGrGr,7133.0
7135,4,rrrrrgGGggrrrrrrrrr,7138.0
7140,5,rrrrryyyyyrrrrrrrrr,7141.0
7145,0,gGGGgrrrrrGGGggrGrG,7146.0
7150,1,gGGGgrrrrrGGGggrrrr,7151.0
7155,3,rrrrrgGGggrrrrrGrGr,7159.0
7160,4,rrrrrgGGggrrrrrrrrr,7164.0
7165,5,rrrrryyyyyrrrrrrrrr,7167.0
7170,0,gGGGgrrrrrGGGggrGrG,7172.0
7175,1,gGGGgrrrrrGGGggrrrr,7177.0
7180,3,rrrrrgGGggrrrrrGrGr,7185.0
7185,4,rrrrrgGGggrrrrrrrrr,7190.0
7190,5,rrrrryyyyyrrrrrrrrr,7193.0
7195,0,gGGGgrrrrrGGGggrGrG,7198.0
7200,1,gGGGgrrrrrGGGggrrrr,7203.0
7205,2,yyyyyrrrrryyyyyrrrr,7206.0
7210,3,rrrrrgGGggrrrrrGrGr,7211.0
7215,4,rrrrrgGGggrrrrrrrrr,7216.0
7220,0,gGGGgrrrrrGGGggrGrG,7224.0
7225,1,gGGGgrrrrrGGGggrrrr,7229.0
7230,2,yyyyyrrrrryyyyyrrrr,7232.0
7235,3,rrrrrgGGggrrrrrGrGr,7237.0
7240,4,rrrrrgGGggrrrrrrrrr,7242.0
7245,0,gGGGgrrrrrGGGggrGrG,7250.0
7250,1,gGGGgrrrrrGGGggrrrr,7255.0
7255,2,yyyyyrrrrryyyyyrrrr,7258.0
7260,3,rrrrrgGGggrrrrrGrGr,7263.0
7265,4,rrrrrgGGggrrrrrrrrr,7268.0
7270,5,rrrrryyyyyrrrrrrrrr,7271.0
7275,0,gGGGgrrrrrGGGggrGrG,7276.0
7280,1,gGGGgrrrrrGGGggrrrr,7281.0
7285,3,rrrrrgGGggrrrrrGrGr,7289.0
7290,4,rrrrrgGGggrrrrrrrrr,7294.0
7295,5,rrrrryyyyyrrrrrrrrr,7297.0
7300,0,gGGGgrrrrrGGGggrGrG,7302.0
7305,1,gGGGgrrrrrGGGggrrrr,7307.0
7310,3,rrrrrgGGggrrrrrGrGr,7315.0
7315,4,rrrrrgGGggrrrrrrrrr,7320.0
7320,5,rrrrryyyyyrrrrrrrrr,7323.0
7325,0,gGGGgrrrrrGGGggrGrG,7328.0
7330,1,gGGGgrrrrrGGGggrrrr,7333.0
7335,2,yyyyyrrrrryyyyyrrrr,7336.0
7340,3,rrrrrgGGggrrrrrGrGr,7341.0
7345,4,rrrrrgGGggrrrrrrrrr,7346.0
7350,0,gGGGgrrrrrGGGggrGrG,7354.0
7355,1,gGGGgrrrrrGGGggrrrr,7359.0
7360,2,yyyyyrrrrryyyyyrrrr,7362.0
7365,3,rrrrrgGGggrrrrrGrGr,7367.0
7370,4,rrrrrgGGggrrrrrrrrr,7372.0
7375,0,gGGGgrrrrrGGGggrGrG,7380.0
7380,1,gGGGgrrrrrGGGggrrrr,7385.0
7385,2,yyyyyrrrrryyyyyrrrr,7388.0
7390,3,rrrrrgGGggrrrrrGrGr,7393.0
7395,4,rrrrrgGGggrrrrrrrrr,7398.0
7400,5,rrrrryyyyyrrrrrrrrr,7401.0
7405,0,gGGGgrrrrrGGGggrGrG,7406.0
7410,1,gGGGgrrrrrGGGggrrrr,7411.0
7415,3,rrrrrgGGggrrrrrGrGr,7419.0
7420,4,rrrrrgGGggrrrrrrrrr,7424.0
7425,5,rrrrryyyyyrrrrrrrrr,7427.0
7430,0,gGGGgrrrrrGGGggrGrG,7432.0
7435,1,gGGGgrrrrrGGGggrrrr,7437.0
7440,3,rrrrrgGGggrrrrrGrGr,7445.0
7445,4,rrrrrgGGggrrrrrrrrr,7450.0
7450,5,rrrrryyyyyrrrrrrrrr,7453.0
7455,0,gGGGgrrrrrGGGggrGrG,7458.0
7460,1,gGGGgrrrrrGGGggrrrr,7463.0
7465,2,yyyyyrrrrryyyyyrrrr,7466.0
7470,3,rrrrrgGGggrrrrrGrGr,7471.0
7475,4,rrrrrgGGggrrrrrrrrr,7476.0
7480,0,gGGGgrrrrrGGGggrGrG,7484.0
7485,1,gGGGgrrrrrGGGggrrrr,7489.0
7490,2,yyyyyrrrrryyyyyrrrr,7492.0
7495,3,rrrrrgGGggrrrrrGrGr,7497.0
7500,4,rrrrrgGGggrrrrrrrrr,7502.0
7505,0,gGGGgrrrrrGGGggrGrG,7510.0
7510,1,gGGGgrrrrrGGGggrrrr,7515.0
7515,2,yyyyyrrrrryyyyyrrrr,7518.0
7520,3,rrrrrgGGggrrrrrGrGr,7523.0
7525,4,rrrrrgGGggrrrrrrrrr,7528.0
7530,5,rrrrryyyyyrrrrrrrrr,7531.0
7535,0,gGGGgrrrrrGGGggrGrG,7536.0
7540,1,gGGGgrrrrrGGGggrrrr,7541.0
7545,3,rrrrrgGGggrrrrrGrGr,7549.0
7550,4,rrrrrgGGggrrrrrrrrr,7554.0
7555,5,rrrrryyyyyrrrrrrrrr,7557.0
7560,0,gGGGgrrrrrGGGggrGrG,7562.0
7565,1,gGGGgrrrrrGGGggrrrr,7567.0
7570,3,rrrrrgGGggrrrrrGrGr,7575.0
7575,4,rrrrrgGGggrrrrrrrrr,7580.0
7580,5,rrrrryyyyyrrrrrrrrr,7583.0
7585,0,gGGGgrrrrrGGGggrGrG,7588.0
7590,1,gGGGgrrrrrGGGggrrrr,7593.0
7595,2,yyyyyrrrrryyyyyrrrr,7596.0
7600,3,rrrrrgGGggrrrrrGrGr,7601.0
7605,4,rrrrrgGGggrrrrrrrrr,7606.0
7610,0,gGGGgrrrrrGGGggrGrG,7614.0
7615,1,gGGGgrrrrrGGGggrrrr,7619.0
7620,2,yyyyyrrrrryyyyyrrrr,7622.0
7625,3,rrrrrgGGggrrrrrGrGr,7627.0
7630,4,rrrrrgGGggrrrrrrrrr,7632.0
7635,0,gGGGgrrrrrGGGggrGrG,7640.0
7640,1,gGGGgrrrrrGGGggrrrr,7645.0
7645,2,yyyyyrrrrryyyyyrrrr,7648.0
7650,3,rrrrrgGGggrrrrrGrGr,7653.0
7655,4,rrrrrgGGggrrrrrrrrr,7658.0
7660,5,rrrrryyyyyrrrrrrrrr,7661.0
7665,0,gGGGgrrrrrGGGggrGrG,7666.0
7670,1,gGGGgrrrrrGGGggrrrr,7671.0
7675,3,rrrrrgGGggrrrrrGrGr,7679.0
7680,4,rrrrrgGGggrrrrrrrrr,7684.0
7685,5,rrrrryyyyyrrrrrrrrr,7687.0
7690,0,gGGGgrrrrrGGGggrGrG,7692.0
7695,1,gGGGgrrrrrGGGggrrrr,7697.0
7700,3,rrrrrgGGggrrrrrGrGr,7705.0
7705,4,rrrrrgGGggrrrrrrrrr,7710.0
7710,5,rrrrryyyyyrrrrrrrrr,7713.0
7715,0,gGGGgrrrrrGGGggrGrG,7718.0
7720,1,gGGGgrrrrrGGGggrrrr,7723.0
7725,2,yyyyyrrrrryyyyyrrrr,7726.0
7730,3,rrrrrgGGggrrrrrGrGr,7731.0
7735,4,rrrrrgGGggrrrrrrrrr,7736.0
7740,0,gGGGgrrrrrGGGggrGrG,7744.0
7745,1,gGGGgrrrrrGGGggrrrr,7749.0
7750,2,yyyyyrrrrryyyyyrrrr,7752.0
7755,3,rrrrrgGGggrrrrrGrGr,7757.0
7760,4,rrrrrgGGggrrrrrrrrr,7762.0
7765,0,gGGGgrrrrrGGGggrGrG,7770.0
7770,1,gGGGgrrrrrGGGggrrrr,7775.0
7775,2,yyyyyrrrrryyyyyrrrr,7778.0
7780,3,rrrrrgGGggrrrrrGrGr,7783.0
7785,4,rrrrrgGGggrrrrrrrrr,7788.0
7790,5,rrrrryyyyyrrrrrrrrr,7791.0
7795,0,gGGGgrrrrrGGGggrGrG,7796.0
7800,1,gGGGgrrrrrGGGggrrrr,7801.0
7805,3,rrrrrgGGggrrrrrGrGr,7809.0
7810,4,rrrrrgGGggrrrrrrrrr,7814.0
7815,5,rrrrryyyyyrrrrrrrrr,7817.0
7820,0,gGGGgrrrrrGGGggrGrG,7822.0
7825,1,gGGGgrrrrrGGGggrrrr,7827.0
7830,3,rrrrrgGGggrrrrrGrGr,7835.0
7835,4,rrrrrgGGggrrrrrrrrr,7840.0
7840,5,rrrrryyyyyrrrrrrrrr,7843.0
7845,0,gGGGgrrrrrGGGggrGrG,7848.0
7850,1,gGGGgrrrrrGGGggrrrr,7853.0
7855,2,yyyyyrrrrryyyyyrrrr,7856.0
7860,3,rrrrrgGGggrrrrrGrGr,7861.0
7865,4,rrrrrgGGggrrrrrrrrr,7866.0
7870,0,gGGGgrrrrrGGGggrGrG,7874.0
7875,1,gGGGgrrrrrGGGggrrrr,7879.0
7880,2,yyyyyrrrrryyyyyrrrr,7882.0
7885,3,rrrrrgGGggrrrrrGrGr,7887.0
7890,4,rrrrrgGGggrrrrrrrrr,7892.0
7895,0,gGGGgrrrrrGGGggrGrG,7900.0
7900,1,gGGGgrrrrrGGGggrrrr,7905.0
7905,2,yyyyyrrrrryyyyyrrrr,7908.0
7910,3,rrrrrgGGggrrrrrGrGr,7913.0
7915,4,rrrrrgGGggrrrrrrrrr,7918.0
7920,5,rrrrryyyyyrrrrrrrrr,7921.0
7925,0,gGGGgrrrrrGGGggrGrG,7926.0
7930,1,gGGGgrrrrrGGGggrrrr,7931.0
7935,3,rrrrrgGGggrrrrrGrGr,7939.0
7940,4,rrrrrgGGggrrrrrrrrr,7944.0
7945,5,rrrrryyyyyrrrrrrrrr,7947.0
7950,0,gGGGgrrrrrGGGggrGrG,7952.0
7955,1,gGGGgrrrrrGGGggrrrr,7957.0
7960,3,rrrrrgGGggrrrrrGrGr,7965.0
7965,4,rrrrrgGGggrrrrrrrrr,7970.0
7970,5,rrrrryyyyyrrrrrrrrr,7973.0
7975,0,gGGGgrrrrrGGGggrGrG,7978.0
7980,1,gGGGgrrrrrGGGggrrrr,7983.0
7985,2,yyyyyrrrrryyyyyrrrr,7986.0
7990,3,rrrrrgGGggrrrrrGrGr,7991.0
7995,4,rrrrrgGGggrrrrrrrrr,7996.0
8000,0,gGGGgrrrrrGGGggrGrG,8004.0
8005,1,gGGGgrrrrrGGGggrrrr,8009.0
8010,2,yyyyyrrrrryyyyyrrrr,8012.0
8015,3,rrrrrgGGggrrrrrGrGr,8017.0
8020,4,rrrrrgGGggrrrrrrrrr,8022.0
8025,0,gGGGgrrrrrGGGggrGrG,8030.0
8030,1,gGGGgrrrrrGGGggrrrr,8035.0
8035,2,yyyyyrrrrryyyyyrrrr,8038.0
8040,3,rrrrrgGGggrrrrrGrGr,8043.0
8045,4,rrrrrgGGggrrrrrrrrr,8048.0
8050,5,rrrrryyyyyrrrrrrrrr,8051.0
8055,0,gGGGgrrrrrGGGggrGrG,8056.0
8060,1,gGGGgrrrrrGGGggrrrr,8061.0
8065,3,rrrrrgGGggrrrrrGrGr,8069.0
8070,4,rrrrrgGGggrrrrrrrrr,8074.0
8075,5,rrrrryyyyyrrrrrrrrr,8077.0
8080,0,gGGGgrrrrrGGGggrGrG,8082.0
8085,1,gGGGgrrrrrGGGggrrrr,8087.0
8090,3,rrrrrgGGggrrrrrGrGr,8095.0
8095,4,rrrrrgGGggrrrrrrrrr,8100.0
8100,5,rrrrryyyyyrrrrrrrrr,8103.0
8105,0,gGGGgrrrrrGGGggrGrG,8108.0
8110,1,gGGGgrrrrrGGGggrrrr,8113.0
8115,2,yyyyyrrrrryyyyyrrrr,8116.0
8120,3,rrrrrgGGggrrrrrGrGr,8121.0
8125,4,rrrrrgGGggrrrrrrrrr,8126.0
8130,0,gGGGgrrrrrGGGggrGrG,8134.0
8135,1,gGGGgrrrrrGGGggrrrr,8139.0
8140,2,yyyyyrrrrryyyyyrrrr,8142.0
8145,3,rrrrrgGGggrrrrrGrGr,8147.0
8150,4,rrrrrgGGggrrrrrrrrr,8152.0
8155,0,gGGGgrrrrrGGGggrGrG,8160.0
8160,1,gGGGgrrrrrGGGggrrrr,8165.0
8165,2,yyyyyrrrrryyyyyrrrr,8168.0
8170,3,rrrrrgGGggrrrrrGrGr,8173.0
8175,4,rrrrrgGGggrrrrrrrrr,8178.0
8180,5,rrrrryyyyyrrrrrrrrr,8181.0
8185,0,gGGGgrrrrrGGGggrGrG,8186.0
8190,1,gGGGgrrrrrGGGggrrrr,8191.0
8195,3,rrrrrgGGggrrrrrGrGr,8199.0
8200,4,rrrrrgGGggrrrrrrrrr,8204.0
8205,5,rrrrryyyyyrrrrrrrrr,8207.0
8210,0,gGGGgrrrrrGGGggrGrG,8212.0
8215,1,gGGGgrrrrrGGGggrrrr,8217.0
8220,3,rrrrrgGGggrrrrrGrGr,8225.0
8225,4,rrrrrgGGggrrrrrrrrr,8230.0
8230,5,rrrrryyyyyrrrrrrrrr,8233.0
8235,0,gGGGgrrrrrGGGggrGrG,8238.0
8240,1,gGGGgrrrrrGGGggrrrr,8243.0
8245,2,yyyyyrrrrryyyyyrrrr,8246.0
8250,3,rrrrrgGGggrrrrrGrGr,8251.0
8255,4,rrrrrgGGggrrrrrrrrr,8256.0
8260,0,gGGGgrrrrrGGGggrGrG,8264.0
8265,1,gGGGgrrrrrGGGggrrrr,8269.0
8270,2,yyyyyrrrrryyyyyrrrr,8272.0
8275,3,rrrrrgGGggrrrrrGrGr,8277.0
8280,4,rrrrrgGGggrrrrrrrrr,8282.0
8285,0,gGGGgrrrrrGGGggrGrG,8290.0
8290,1,gGGGgrrrrrGGGggrrrr,8295.0
8295,2,yyyyyrrrrryyyyyrrrr,8298.0
8300,3,rrrrrgGGggrrrrrGrGr,8303.0
8305,4,rrrrrgGGggrrrrrrrrr,8308.0
8310,5,rrrrryyyyyrrrrrrrrr,8311.0
8315,0,gGGGgrrrrrGGGggrGrG,8316.0
8320,1,gGGGgrrrrrGGGggrrrr,8321.0
8325,3,rrrrrgGGggrrrrrGrGr,8329.0
8330,4,rrrrrgGGggrrrrrrrrr,8334.0
8335,5,rrrrryyyyyrrrrrrrrr,8337.0
8340,0,gGGGgrrrrrGGGggrGrG,8342.0
8345,1,gGGGgrrrrrGGGggrrrr,8347.0
8350,3,rrrrrgGGggrrrrrGrGr,8355.0
8355,4,rrrrrgGGggrrrrrrrrr,8360.0
8360,5,rrrrryyyyyrrrrrrrrr,8363.0
8365,0,gGGGgrrrrrGGGggrGrG,8368.0
8370,1,gGGGgrrrrrGGGggrrrr,8373.0
8375,2,yyyyyrrrrryyyyyrrrr,8376.0
8380,3,rrrrrgGGggrrrrrGrGr,8381.0
8385,4,rrrrrgGGggrrrrrrrrr,8386.0
8390,0,gGGGgrrrrrGGGggrGrG,8394.0
8395,1,gGGGgrrrrrGGGggrrrr,8399.0
8400,2,yyyyyrrrrryyyyyrrrr,8402.0
8405,3,rrrrrgGGggrrrrrGrGr,8407.0
8410,4,rrrrrgGGggrrrrrrrrr,8412.0
8415,0,gGGGgrrrrrGGGggrGrG,8420.0
8420,1,gGGGgrrrrrGGGggrrrr,8425.0
8425,2,yyyyyrrrrryyyyyrrrr,8428.0
8430,3,rrrrrgGGggrrrrrGrGr,8433.0
8435,4,rrrrrgGGggrrrrrrrrr,8438.0
8440,5,rrrrryyyyyrrrrrrrrr,8441.0
8445,0,gGGGgrrrrrGGGggrGrG,8446.0
8450,1,gGGGgrrrrrGGGggrrrr,8451.0
8455,3,rrrrrgGGggrrrrrGrGr,8459.0
8460,4,rrrrrgGGggrrrrrrrrr,8464.0
8465,5,rrrrryyyyyrrrrrrrrr,8467.0
8470,0,gGGGgrrrrrGGGggrGrG,8472.0
8475,1,gGGGgrrrrrGGGggrrrr,8477.0
8480,3,rrrrrgGGggrrrrrGrGr,8485.0
8485,4,rrrrrgGGggrrrrrrrrr,8490.0
8490,5,rrrrryyyyyrrrrrrrrr,8493.0
8495,0,gGGGgrrrrrGGGggrGrG,8498.0
8500,1,gGGGgrrrrrGGGggrrrr,8503.0
8505,2,yyyyyrrrrryyyyyrrrr,8506.0
8510,3,rrrrrgGGggrrrrrGrGr,8511.0
8515,4,rrrrrgGGggrrrrrrrrr,8516.0
8520,0,gGGGgrrrrrGGGggrGrG,8524.0
8525,1,gGGGgrrrrrGGGggrrrr,8529.0
8530,2,yyyyyrrrrryyyyyrrrr,8532.0
8535,3,rrrrrgGGggrrrrrGrGr,8537.0
8540,4,rrrrrgGGggrrrrrrrrr,8542.0
8545,0,gGGGgrrrrrGGGggrGrG,8550.0
8550,1,gGGGgrrrrrGGGggrrrr,8555.0
8555,2,yyyyyrrrrryyyyyrrrr,8558.0
8560,3,rrrrrgGGggrrrrrGrGr,8563.0
8565,4,rrrrrgGGggrrrrrrrrr,8568.0
8570,5,rrrrryyyyyrrrrrrrrr,8571.0
8575,0,gGGGgrrrrrGGGggrGrG,8576.0
8580,1,gGGGgrrrrrGGGggrrrr,8581.0
8585,3,rrrrrgGGggrrrrrGrGr,8589.0
8590,4,rrrrrgGGggrrrrrrrrr,8594.0
8595,5,rrrrryyyyyrrrrrrrrr,8597.0
8600,0,gGGGgrrrrrGGGggrGrG,8602.0
8605,1,gGGGgrrrrrGGGggrrrr,8607.0
8610,3,rrrrrgGGggrrrrrGrGr,8615.0
8615,4,rrrrrgGGggrrrrrrrrr,8620.0
8620,5,rrrrryyyyyrrrrrrrrr,8623.0
8625,0,gGGGgrrrrrGGGggrGrG,8628.0
8630,1,gGGGgrrrrrGGGggrrrr,8633.0
8635,2,yyyyyrrrrryyyyyrrrr,8636.0
8640,3,rrrrrgGGggrrrrrGrGr,8641.0
8645,4,rrrrrgGGggrrrrrrrrr,8646.0
8650,0,gGGGgrrrrrGGGggrGrG,8654.0
8655,1,gGGGgrrrrrGGGggrrrr,8659.0
8660,2,yyyyyrrrrryyyyyrrrr,8662.0
8665,3,rrrrrgGGggrrrrrGrGr,8667.0
8670,4,rrrrrgGGggrrrrrrrrr,8672.0
8675,0,gGGGgrrrrrGGGggrGrG,8680.0
8680,1,gGGGgrrrrrGGGggrrrr,8685.0
8685,2,yyyyyrrrrryyyyyrrrr,8688.0
8690,3,rrrrrgGGggrrrrrGrGr,8693.0
8695,4,rrrrrgGGggrrrrrrrrr,8698.0
8700,5,rrrrryyyyyrrrrrrrrr,8701.0
8705,0,gGGGgrrrrrGGGggrGrG,8706.0
8710,1,gGGGgrrrrrGGGggrrrr,8711.0
8715,3,rrrrrgGGggrrrrrGrGr,8719.0
8720,4,rrrrrgGGggrrrrrrrrr,8724.0
8725,5,rrrrryyyyyrrrrrrrrr,8727.0
8730,0,gGGGgrrrrrGGGggrGrG,8732.0
8735,1,gGGGgrrrrrGGGggrrrr,8737.0
8740,3,rrrrrgGGggrrrrrGrGr,8745.0
8745,4,rrrrrgGGggrrrrrrrrr,8750.0
8750,5,rrrrryyyyyrrrrrrrrr,8753.0
8755,0,gGGGgrrrrrGGGggrGrG,8758.0
8760,1,gGGGgrrrrrGGGggrrrr,8763.0
8765,2,yyyyyrrrrryyyyyrrrr,8766.0
8770,3,rrrrrgGGggrrrrrGrGr,8771.0
8775,4,rrrrrgGGggrrrrrrrrr,8776.0
8780,0,gGGGgrrrrrGGGggrGrG,8784.0
8785,1,gGGGgrrrrrGGGggrrrr,8789.0
8790,2,yyyyyrrrrryyyyyrrrr,8792.0
8795,3,rrrrrgGGggrrrrrGrGr,8797.0
8800,4,rrrrrgGGggrrrrrrrrr,8802.0
8805,0,gGGGgrrrrrGGGggrGrG,8810.0
8810,1,gGGGgrrrrrGGGggrrrr,8815.0
8815,2,yyyyyrrrrryyyyyrrrr,8818.0
8820,3,rrrrrgGGggrrrrrGrGr,8823.0
8825,4,rrrrrgGGggrrrrrrrrr,8828.0
8830,5,rrrrryyyyyrrrrrrrrr,8831.0
8835,0,gGGGgrrrrrGGGggrGrG,8836.0
8840,1,gGGGgrrrrrGGGggrrrr,8841.0
8845,3,rrrrrgGGggrrrrrGrGr,8849.0
8850,4,rrrrrgGGggrrrrrrrrr,8854.0
8855,5,rrrrryyyyyrrrrrrrrr,8857.0
8860,0,gGGGgrrrrrGGGggrGrG,8862.0
8865,1,gGGGgrrrrrGGGggrrrr,8867.0
8870,3,rrrrrgGGggrrrrrGrGr,8875.0
8875,4,rrrrrgGGggrrrrrrrrr,8880.0
8880,5,rrrrryyyyyrrrrrrrrr,8883.0
8885,0,gGGGgrrrrrGGGggrGrG,8888.0
8890,1,gGGGgrrrrrGGGggrrrr,8893.0
8895,2,yyyyyrrrrryyyyyrrrr,8896.0
8900,3,rrrrrgGGggrrrrrGrGr,8901.0
8905,4,rrrrrgGGggrrrrrrrrr,8906.0
8910,0,gGGGgrrrrrGGGggrGrG,8914.0
8915,1,gGGGgrrrrrGGGggrrrr,8919.0
8920,2,yyyyyrrrrryyyyyrrrr,8922.0
8925,3,rrrrrgGGggrrrrrGrGr,8927.0
8930,4,rrrrrgGGggrrrrrrrrr,8932.0
8935,0,gGGGgrrrrrGGGggrGrG,8940.0
8940,1,gGGGgrrrrrGGGggrrrr,8945.0
8945,2,yyyyyrrrrryyyyyrrrr,8948.0
8950,3,rrrrrgGGggrrrrrGrGr,8953.0
8955,4,rrrrrgGGggrrrrrrrrr,8958.0
8960,5,rrrrryyyyyrrrrrrrrr,8961.0
8965,0,gGGGgrrrrrGGGggrGrG,8966.0
8970,1,gGGGgrrrrrGGGggrrrr,8971.0
8975,3,rrrrrgGGggrrrrrGrGr,8979.0
8980,4,rrrrrgGGggrrrrrrrrr,8984.0
8985,5,rrrrryyyyyrrrrrrrrr,8987.0
8990,0,gGGGgrrrrrGGGggrGrG,8992.0
8995,1,gGGGgrrrrrGGGggrrrr,8997.0
9000,3,rrrrrgGGggrrrrrGrGr,9005.0
9005,4,rrrrrgGGggrrrrrrrrr,9010.0
9010,5,rrrrryyyyyrrrrrrrrr,9013.0
9015,0,gGGGgrrrrrGGGggrGrG,9018.0
9020,1,gGGGgrrrrrGGGggrrrr,9023.0
9025,2,yyyyyrrrrryyyyyrrrr,9026.0
9030,3,rrrrrgGGggrrrrrGrGr,9031.0
9035,4,rrrrrgGGggrrrrrrrrr,9036.0
9040,0,gGGGgrrrrrGGGggrGrG,9044.0
9045,1,gGGGgrrrrrGGGggrrrr,9049.0
9050,2,yyyyyrrrrryyyyyrrrr,9052.0
9055,3,rrrrrgGGggrrrrrGrGr,9057.0
9060,4,rrrrrgGGggrrrrrrrrr,9062.0
9065,0,gGGGgrrrrrGGGggrGrG,9070.0
9070,1,gGGGgrrrrrGGGggrrrr,9075.0
9075,2,yyyyyrrrrryyyyyrrrr,9078.0
9080,3,rrrrrgGGggrrrrrGrGr,9083.0
9085,4,rrrrrgGGggrrrrrrrrr,9088.0
9090,5,rrrrryyyyyrrrrrrrrr,9091.0
9095,0,gGGGgrrrrrGGGggrGrG,9096.0
9100,1,gGGGgrrrrrGGGggrrrr,9101.0
9105,3,rrrrrgGGggrrrrrGrGr,9109.0
9110,4,rrrrrgGGggrrrrrrrrr,9114.0
9115,5,rrrrryyyyyrrrrrrrrr,9117.0
9120,0,gGGGgrrrrrGGGggrGrG,9122.0
9125,1,gGGGgrrrrrGGGggrrrr,9127.0
9130,3,rrrrrgGGggrrrrrGrGr,9135.0
9135,4,rrrrrgGGggrrrrrrrrr,9140.0
9140,5,rrrrryyyyyrrrrrrrrr,9143.0
9145,0,gGGGgrrrrrGGGggrGrG,9148.0
9150,1,gGGGgrrrrrGGGggrrrr,9153.0
9155,2,yyyyyrrrrryyyyyrrrr,9156.0
9160,3,rrrrrgGGggrrrrrGrGr,9161.0
9165,4,rrrrrgGGggrrrrrrrrr,9166.0
9170,0,gGGGgrrrrrGGGggrGrG,9174.0
9175,1,gGGGgrrrrrGGGggrrrr,9179.0
9180,2,yyyyyrrrrryyyyyrrrr,9182.0
9185,3,rrrrrgGGggrrrrrGrGr,9187.0
9190,4,rrrrrgGGggrrrrrrrrr,9192.0
9195,0,gGGGgrrrrrGGGggrGrG,9200.0
9200,1,gGGGgrrrrrGGGggrrrr,9205.0
9205,2,yyyyyrrrrryyyyyrrrr,9208.0
9210,3,rrrrrgGGggrrrrrGrGr,9213.0
9215,4,rrrrrgGGggrrrrrrrrr,9218.0
9220,5,rrrrryyyyyrrrrrrrrr,9221.0
9225,0,gGGGgrrrrrGGGggrGrG,9226.0
9230,1,gGGGgrrrrrGGGggrrrr,9231.0
9235,3,rrrrrgGGggrrrrrGrGr,9239.0
9240,4,rrrrrgGGggrrrrrrrrr,9244.0
9245,5,rrrrryyyyyrrrrrrrrr,9247.0
9250,0,gGGGgrrrrrGGGggrGrG,9252.0
9255,1,gGGGgrrrrrGGGggrrrr,9257.0
9260,3,rrrrrgGGggrrrrrGrGr,9265.0
9265,4,rrrrrgGGggrrrrrrrrr,9270.0
9270,5,rrrrryyyyyrrrrrrrrr,9273.0
9275,0,gGGGgrrrrrGGGggrGrG,9278.0
9280,1,gGGGgrrrrrGGGggrrrr,9283.0
9285,2,yyyyyrrrrryyyyyrrrr,9286.0
9290,3,rrrrrgGGggrrrrrGrGr,9291.0
9295,4,rrrrrgGGggrrrrrrrrr,9296.0
9300,0,gGGGgrrrrrGGGggrGrG,9304.0
9305,1,gGGGgrrrrrGGGggrrrr,9309.0
9310,2,yyyyyrrrrryyyyyrrrr,9312.0
9315,3,rrrrrgGGggrrrrrGrGr,9317.0
9320,4,rrrrrgGGggrrrrrrrrr,9322.0
9325,0,gGGGgrrrrrGGGggrGrG,9330.0
9330,1,gGGGgrrrrrGGGggrrrr,9335.0
9335,2,yyyyyrrrrryyyyyrrrr,9338.0
9340,3,rrrrrgGGggrrrrrGrGr,9343.0
9345,4,rrrrrgGGggrrrrrrrrr,9348.0
9350,5,rrrrryyyyyrrrrrrrrr,9351.0
9355,0,gGGGgrrrrrGGGggrGrG,9356.0
9360,1,gGGGgrrrrrGGGggrrrr,9361.0
9365,3,rrrrrgGGggrrrrrGrGr,9369.0
9370,4,rrrrrgGGggrrrrrrrrr,9374.0
9375,5,rrrrryyyyyrrrrrrrrr,9377.0
9380,0,gGGGgrrrrrGGGggrGrG,9382.0
9385,1,gGGGgrrrrrGGGggrrrr,9387.0
9390,3,rrrrrgGGggrrrrrGrGr,9395.0
9395,4,rrrrrgGGggrrrrrrrrr,9400.0
9400,5,rrrrryyyyyrrrrrrrrr,9403.0
9405,0,gGGGgrrrrrGGGggrGrG,9408.0
9410,1,gGGGgrrrrrGGGggrrrr,9413.0
9415,2,yyyyyrrrrryyyyyrrrr,9416.0
9420,3,rrrrrgGGggrrrrrGrGr,9421.0
9425,4,rrrrrgGGggrrrrrrrrr,9426.0
9430,0,gGGGgrrrrrGGGggrGrG,9434.0
9435,1,gGGGgrrrrrGGGggrrrr,9439.0
9440,2,yyyyyrrrrryyyyyrrrr,9442.0
9445,3,rrrrrgGGggrrrrrGrGr,9447.0
9450,4,rrrrrgGGggrrrrrrrrr,9452.0
9455,0,gGGGgrrrrrGGGggrGrG,9460.0
9460,1,gGGGgrrrrrGGGggrrrr,9465.0
9465,2,yyyyyrrrrryyyyyrrrr,9468.0
9470,3,rrrrrgGGggrrrrrGrGr,9473.0
9475,4,rrrrrgGGggrrrrrrrrr,9478.0
9480,5,rrrrryyyyyrrrrrrrrr,9481.0
9485,0,gGGGgrrrrrGGGggrGrG,9486.0
9490,1,gGGGgrrrrrGGGggrrrr,9491.0
9495,3,rrrrrgGGggrrrrrGrGr,9499.0
9500,4,rrrrrgGGggrrrrrrrrr,9504.0
9505,5,rrrrryyyyyrrrrrrrrr,9507.0
9510,0,gGGGgrrrrrGGGggrGrG,9512.0
9515,1,gGGGgrrrrrGGGggrrrr,9517.0
9520,3,rrrrrgGGggrrrrrGrGr,9525.0
9525,4,rrrrrgGGggrrrrrrrrr,9530.0
9530,5,rrrrryyyyyrrrrrrrrr,9533.0
9535,0,gGGGgrrrrrGGGggrGrG,9538.0
9540,1,gGGGgrrrrrGGGggrrrr,9543.0
9545,2,yyyyyrrrrryyyyyrrrr,9546.0
9550,3,rrrrrgGGggrrrrrGrGr,9551.0
9555,4,rrrrrgGGggrrrrrrrrr,9556.0
9560,0,gGGGgrrrrrGGGggrGrG,9564.0
9565,1,gGGGgrrrrrGGGggrrrr,9569.0
9570,2,yyyyyrrrrryyyyyrrrr,9572.0
9575,3,rrrrrgGGggrrrrrGrGr,9577.0
9580,4,rrrrrgGGggrrrrrrrrr,9582.0
9585,0,gGGGgrrrrrGGGggrGrG,9590.0
9590,1,gGGGgrrrrrGGGggrrrr,9595.0
9595,2,yyyyyrrrrryyyyyrrrr,9598.0
9600,3,rrrrrgGGggrrrrrGrGr,9603.0
9605,4,rrrrrgGGggrrrrrrrrr,9608.0
9610,5,rrrrryyyyyrrrrrrrrr,9611.0
9615,0,gGGGgrrrrrGGGggrGrG,9616.0
9620,1,gGGGgrrrrrGGGggrrrr,9621.0
9625,3,rrrrrgGGggrrrrrGrGr,9629.0
9630,4,rrrrrgGGggrrrrrrrrr,9634.0
9635,5,rrrrryyyyyrrrrrrrrr,9637.0
9640,0,gGGGgrrrrrGGGggrGrG,9642.0
9645,1,gGGGgrrrrrGGGggrrrr,9647.0
9650,3,rrrrrgGGggrrrrrGrGr,9655.0
9655,4,rrrrrgGGggrrrrrrrrr,9660.0
9660,5,rrrrryyyyyrrrrrrrrr,9663.0
9665,0,gGGGgrrrrrGGGggrGrG,9668.0
9670,1,gGGGgrrrrrGGGggrrrr,9673.0
9675,2,yyyyyrrrrryyyyyrrrr,9676.0
9680,3,rrrrrgGGggrrrrrGrGr,9681.0
9685,4,rrrrrgGGggrrrrrrrrr,9686.0
9690,0,gGGGgrrrrrGGGggrGrG,9694.0
9695,1,gGGGgrrrrrGGGggrrrr,9699.0
9700,2,yyyyyrrrrryyyyyrrrr,9702.0
9705,3,rrrrrgGGggrrrrrGrGr,9707.0
9710,4,rrrrrgGGggrrrrrrrrr,9712.0
9715,0,gGGGgrrrrrGGGggrGrG,9720.0
9720,1,gGGGgrrrrrGGGggrrrr,9725.0
9725,2,yyyyyrrrrryyyyyrrrr,9728.0
9730,3,rrrrrgGGggrrrrrGrGr,9733.0
9735,4,rrrrrgGGggrrrrrrrrr,9738.0
9740,5,rrrrryyyyyrrrrrrrrr,9741.0
9745,0,gGGGgrrrrrGGGggrGrG,9746.0
9750,1,gGGGgrrrrrGGGggrrrr,9751.0
9755,3,rrrrrgGGggrrrrrGrGr,9759.0
9760,4,rrrrrgGGggrrrrrrrrr,9764.0
9765,5,rrrrryyyyyrrrrrrrrr,9767.0
9770,0,gGGGgrrrrrGGGggrGrG,9772.0
9775,1,gGGGgrrrrrGGGggrrrr,9777.0
9780,3,rrrrrgGGggrrrrrGrGr,9785.0
9785,4,rrrrrgGGggrrrrrrrrr,9790.0
9790,5,rrrrryyyyyrrrrrrrrr,9793.0
9795,0,gGGGgrrrrrGGGggrGrG,9798.0
9800,1,gGGGgrrrrrGGGggrrrr,9803.0
9805,2,yyyyyrrrrryyyyyrrrr,9806.0
9810,3,rrrrrgGGggrrrrrGrGr,9811.0
9815,4,rrrrrgGGggrrrrrrrrr,9816.0
9820,0,gGGGgrrrrrGGGggrGrG,9824.0
9825,1,gGGGgrrrrrGGGggrrrr,9829.0
9830,2,yyyyyrrrrryyyyyrrrr,9832.0
9835,3,rrrrrgGGggrrrrrGrGr,9837.0
9840,4,rrrrrgGGggrrrrrrrrr,9842.0
9845,0,gGGGgrrrrrGGGggrGrG,9850.0
9850,1,gGGGgrrrrrGGGggrrrr,9855.0
9855,2,yyyyyrrrrryyyyyrrrr,9858.0
9860,3,rrrrrgGGggrrrrrGrGr,9863.0
9865,4,rrrrrgGGggrrrrrrrrr,9868.0
9870,5,rrrrryyyyyrrrrrrrrr,9871.0
9875,0,gGGGgrrrrrGGGggrGrG,9876.0
9880,1,gGGGgrrrrrGGGggrrrr,9881.0
9885,3,rrrrrgGGggrrrrrGrGr,9889.0
9890,4,rrrrrgGGggrrrrrrrrr,9894.0
9895,5,rrrrryyyyyrrrrrrrrr,9897.0
9900,0,gGGGgrrrrrGGGggrGrG,9902.0
9905,1,gGGGgrrrrrGGGggrrrr,9907.0
9910,3,rrrrrgGGggrrrrrGrGr,9915.0
9915,4,rrrrrgGGggrrrrrrrrr,9920.0
9920,5,rrrrryyyyyrrrrrrrrr,9923.0
9925,0,gGGGgrrrrrGGGggrGrG,9928.0
9930,1,gGGGgrrrrrGGGggrrrr,9933.0
9935,2,yyyyyrrrrryyyyyrrrr,9936.0
9940,3,rrrrrgGGggrrrrrGrGr,9941.0
9945,4,rrrrrgGGggrrrrrrrrr,9946.0
9950,0,gGGGgrrrrrGGGggrGrG,9954.0
9955,1,gGGGgrrrrrGGGggrrrr,9959.0
9960,2,yyyyyrrrrryyyyyrrrr,9962.0
9965,3,rrrrrgGGggrrrrrGrGr,9967.0
9970,4,rrrrrgGGggrrrrrrrrr,9972.0
9975,0,gGGGgrrrrrGGGggrGrG,9980.0
9980,1,gGGGgrrrrrGGGggrrrr,9985.0
9985,2,yyyyyrrrrryyyyyrrrr,9988.0
9990,3,rrrrrgGGggrrrrrGrGr,9993.0
9995,4,rrrrrgGGggrrrrrrrrr,9998.0
