0,0,GGGggrrrrrrG,5.0
5,1,GGGggrrrrrrr,10.0
10,2,yyyyyrrrrrrr,13.0
15,3,rrrrrGgGrGGr,18.0
20,4,rrrrrGgrrrrr,23.0
25,5,rrrrryyrrrrr,26.0
30,6,rrrrrrrGGGGG,31.0
35,7,rrrrrrrrrrrr,36.0
40,0,GGGggrrrrrrG,41.0
45,1,GGGggrrrrrrr,46.0
50,3,rrrrrGgGrGGr,54.0
55,4,rrrrrGgrrrrr,59.0
60,5,rrrrryyrrrrr,62.0
65,6,rrrrrrrGGGGG,67.0
70,7,rrrrrrrrrrrr,72.0
75,0,GGGggrrrrrrG,77.0
80,1,GGGggrrrrrrr,82.0
85,3,rrrrrGgGrGGr,90.0
90,4,rrrrrGgrrrrr,95.0
95,5,rrrrryyrrrrr,98.0
100,6,rrrrrrrGGGGG,103.0
105,7,rrrrrrrrrrrr,108.0
110,0,GGGggrrrrrrG,113.0
115,1,GGGggrrrrrrr,118.0
120,2,yyyyyrrrrrrr,121.0
125,3,rrrrrGgGrGGr,126.0
130,4,rrrrrGgrrrrr,131.0
135,6,rrrrrrrGGGGG,139.0
140,7,rrrrrrrrrrrr,144.0
145,0,GGGggrrrrrrG,149.0
150,1,GGGggrrrrrrr,154.0
155,2,yyyyyrrrrrrr,157.0
160,3,rrrrrGgGrGGr,162.0
165,4,rrrrrGgrrrrr,167.0
170,6,rrrrrrrGGGGG,175.0
175,7,rrrrrrrrrrrr,180.0
180,0,GGGggrrrrrrG,185.0
185,1,GGGggrrrrrrr,190.0
190,2,yyyyyrrrrrrr,193.0
195,3,rrrrrGgGrGGr,198.0
200,4,rrrrrGgrrrrr,203.0
205,5,rrrrryyrrrrr,206.0
210,6,rrrrrrrGGGGG,211.0
215,7,rrrrrrrrrrrr,216.0
220,0,GGGggrrrrrrG,221.0
225,1,GGGggrrrrrrr,226.0
230,3,rrrrrGgGrGGr,234.0
235,4,rrrrrGgrrrrr,239.0
240,5,rrrrryyrrrrr,242.0
245,6,rrrrrrrGGGGG,247.0
250,7,rrrrrrrrrrrr,252.0
255,0,GGGggrrrrrrG,257.0
260,1,GGGggrrrrrrr,262.0
265,3,rrrrrGgGrGGr,270.0
270,4,rrrrrGgrrrrr,275.0
275,5,rrrrryyrrrrr,278.0
280,6,rrrrrrrGGGGG,283.0
285,7,rrrrrrrrrrrr,288.0
290,0,GGGggrrrrrrG,293.0
295,1,GGGggrrrrrrr,298.0
300,2,yyyyyrrrrrrr,301.0
305,3,rrrrrGgGrGGr,306.0
310,4,rrrrrGgrrrrr,311.0
315,6,rrrrrrrGGGGG,319.0
320,7,rrrrrrrrrrrr,324.0
325,0,GGGggrrrrrrG,329.0
330,1,GGGggrrrrrrr,334.0
335,2,yyyyyrrrrrrr,337.0
340,3,rrrrrGgGrGGr,342.0
345,4,rrrrrGgrrrrr,347.0
350,6,rrrrrrrGGGGG,355.0
355,7,rrrrrrrrrrrr,360.0
360,0,GGGggrrrrrrG,365.0
365,1,GGGggrrrrrrr,370.0
370,2,yyyyyrrrrrrr,373.0
375,3,rrrrrGgGrGGr,378.0
380,4,rrrrrGgrrrrr,383.0
385,5,rrrrryyrrrrr,386.0
390,6,rrrrrrrGGGGG,391.0
395,7,rrrrrrrrrrrr,396.0
400,0,GGGggrrrrrrG,401.0
405,1,GGGggrrrrrrr,406.0
410,3,rrrrrGgGrGGr,414.0
415,4,rrrrrGgrrrrr,419.0
420,5,rrrrryyrrrrr,422.0
425,6,rrrrrrrGGGGG,427.0
430,7,rrrrrrrrrrrr,432.0
435,0,GGGggrrrrrrG,437.0
440,1,GGGggrrrrrrr,442.0
445,3,rrrrrGgGrGGr,450.0
450,4,rrrrrGgrrrrr,455.0
455,5,rrrrryyrrrrr,458.0
460,6,rrrrrrrGGGGG,463.0
465,7,rrrrrrrrrrrr,468.0
470,0,GGGggrrrrrrG,473.0
475,1,GGGggrrrrrrr,478.0
480,2,yyyyyrrrrrrr,481.0
485,3,rrrrrGgGrGGr,486.0
490,4,rrrrrGgrrrrr,491.0
495,6,rrrrrrrGGGGG,499.0
500,7,rrrrrrrrrrrr,504.0
505,0,GGGggrrrrrrG,509.0
510,1,GGGggrrrrrrr,514.0
515,2,yyyyyrrrrrrr,517.0
520,3,rrrrrGgGrGGr,522.0
525,4,rrrrrGgrrrrr,527.0
530,6,rrrrrrrGGGGG,535.0
535,7,rrrrrrrrrrrr,540.0
540,0,GGGggrrrrrrG,545.0
545,1,GGGggrrrrrrr,550.0
550,2,yyyyyrrrrrrr,553.0
555,3,rrrrrGgGrGGr,558.0
560,4,rrrrrGgrrrrr,563.0
565,5,rrrrryyrrrrr,566.0
570,6,rrrrrrrGGGGG,571.0
575,7,rrrrrrrrrrrr,576.0
580,0,GGGggrrrrrrG,581.0
585,1,GGGggrrrrrrr,586.0
590,3,rrrrrGgGrGGr,594.0
595,4,rrrrrGgrrrrr,599.0
600,5,rrrrryyrrrrr,602.0
605,6,rrrrrrrGGGGG,607.0
610,7,rrrrrrrrrrrr,612.0
615,0,GGGggrrrrrrG,617.0
620,1,GGGggrrrrrrr,622.0
625,3,rrrrrGgGrGGr,630.0
630,4,rrrrrGgrrrrr,635.0
635,5,rrrrryyrrrrr,638.0
640,6,rrrrrrrGGGGG,643.0
645,7,rrrrrrrrrrrr,648.0
650,0,GGGggrrrrrrG,653.0
655,1,GGGggrrrrrrr,658.0
660,2,yyyyyrrrrrrr,661.0
665,3,rrrrrGgGrGGr,666.0
670,4,rrrrrGgrrrrr,671.0
675,6,rrrrrrrGGGGG,679.0
680,7,rrrrrrrrrrrr,684.0
685,0,GGGggrrrrrrG,689.0
690,1,GGGggrrrrrrr,694.0
695,2,yyyyyrrrrrrr,697.0
700,3,rrrrrGgGrGGr,702.0
705,4,rrrrrGgrrrrr,707.0
710,6,rrrrrrrGGGGG,715.0
715,7,rrrrrrrrrrrr,720.0
720,0,GGGggrrrrrrG,725.0
725,1,GGGggrrrrrrr,730.0
730,2,yyyyyrrrrrrr,733.0
735,3,rrrrrGgGrGGr,738.0
740,4,rrrrrGgrrrrr,743.0
745,5,rrrrryyrrrrr,746.0
750,6,rrrrrrrGGGGG,751.0
755,7,rrrrrrrrrrrr,756.0
760,0,GGGggrrrrrrG,761.0
765,1,GGGggrrrrrrr,766.0
770,3,rrrrrGgGrGGr,774.0
775,4,rrrrrGgrrrrr,779.0
780,5,rrrrryyrrrrr,782.0
785,6,rrrrrrrGGGGG,787.0
790,7,rrrrrrrrrrrr,792.0
795,0,GGGggrrrrrrG,797.0
800,1,GGGggrrrrrrr,802.0
805,3,rrrrrGgGrGGr,810.0
810,4,rrrrrGgrrrrr,815.0
815,5,rrrrryyrrrrr,818.0
820,6,rrrrrrrGGGGG,823.0
825,7,rrrrrrrrrrrr,828.0
830,0,GGGggrrrrrrG,833.0
835,1,GGGggrrrrrrr,838.0
840,2,yyyyyrrrrrrr,841.0
845,3,rrrrrGgGrGGr,846.0
850,4,rrrrrGgrrrrr,851.0
855,6,rrrrrrrGGGGG,859.0
860,7,rrrrrrrrrrrr,864.0
865,0,GGGggrrrrrrG,869.0
870,1,GGGggrrrrrrr,874.0
875,2,yyyyyrrrrrrr,877.0
880,3,rrrrrGgGrGGr,882.0
885,4,rrrrrGgrrrrr,887.0
890,6,rrrrrrrGGGGG,895.0
895,7,rrrrrrrrrrrr,900.0
900,0,GGGggrrrrrrG,905.0
905,1,GGGggrrrrrrr,910.0
910,2,yyyyyrrrrrrr,913.0
915,3,rrrrrGgGrGGr,918.0
920,4,rrrrrGgrrrrr,923.0
925,5,rrrrryyrrrrr,926.0
930,6,rrrrrrrGGGGG,931.0
935,7,rrrrrrrrrrrr,936.0
940,0,GGGggrrrrrrG,941.0
945,1,GGGggrrrrrrr,946.0
950,3,rrrrrGgGrGGr,954.0
955,4,rrrrrGgrrrrr,959.0
960,5,rrrrryyrrrrr,962.0
965,6,rrrrrrrGGGGG,967.0
970,7,rrrrrrrrrrrr,972.0
975,0,GGGggrrrrrrG,977.0
980,1,GGGggrrrrrrr,982.0
985,3,rrrrrGgGrGGr,990.0
990,4,rrrrrGgrrrrr,995.0
995,5,rrrrryyrrrrr,998.0
1000,6,rrrrrrrGGGGG,1003.0
1005,7,rrrrrrrrrrrr,1008.0
1010,0,GGGggrrrrrrG,1013.0
1015,1,GGGggrrrrrrr,1018.0
1020,2,yyyyyrrrrrrr,1021.0
1025,3,rrrrrGgGrGGr,1026.0
1030,4,rrrrrGgrrrrr,1031.0
1035,6,rrrrrrrGGGGG,1039.0
1040,7,rrrrrrrrrrrr,1044.0
1045,0,GGGggrrrrrrG,1049.0
1050,1,GGGggrrrrrrr,1054.0
1055,2,yyyyyrrrrrrr,1057.0
1060,3,rrrrrGgGrGGr,1062.0
1065,4,rrrrrGgrrrrr,1070.0
1070,5,rrrrryyrrrrr,1073.0
1075,6,rrrrrrrGGGGG,1078.0
1080,7,rrrrrrrrrrrr,1083.0
1085,0,GGGggrrrrrrG,1088.0
1090,1,GGGggrrrrrrr,1093.0
1095,2,yyyyyrrrrrrr,1096.0
1100,3,rrrrrGgGrGGr,1101.0
1105,4,rrrrrGgrrrrr,1106.0
1110,6,rrrrrrrGGGGG,1114.0
1115,7,rrrrrrrrrrrr,1119.0
1120,0,GGGggrrrrrrG,1124.0
1125,1,GGGggrrrrrrr,1129.0
1130,2,yyyyyrrrrrrr,1132.0
1135,3,rrrrrGgGrGGr,1137.0
1140,4,rrrrrGgrrrrr,1142.0
1145,6,rrrrrrrGGGGG,1150.0
1150,7,rrrrrrrrrrrr,1155.0
1155,0,GGGggrrrrrrG,1160.0
1160,1,GGGggrrrrrrr,1165.0
1165,2,yyyyyrrrrrrr,1168.0
1170,3,rrrrrGgGrGGr,1173.0
1175,4,rrrrrGgrrrrr,1178.0
1180,5,rrrrryyrrrrr,1181.0
1185,6,rrrrrrrGGGGG,1186.0
1190,7,rrrrrrrrrrrr,1191.0
1195,0,GGGggrrrrrrG,1196.0
1200,1,GGGggrrrrrrr,1201.0
1205,3,rrrrrGgGrGGr,1209.0
1210,4,rrrrrGgrrrrr,1214.0
1215,5,rrrrryyrrrrr,1217.0
1220,6,rrrrrrrGGGGG,1222.0
1225,7,rrrrrrrrrrrr,1227.0
1230,0,GGGggrrrrrrG,1232.0
1235,1,GGGggrrrrrrr,1237.0
1240,3,rrrrrGgGrGGr,1245.0
1245,4,rrrrrGgrrrrr,1250.0
1250,5,rrrrryyrrrrr,1253.0
1255,6,rrrrrrrGGGGG,1258.0
1260,7,rrrrrrrrrrrr,1263.0
1265,0,GGGggrrrrrrG,1268.0
1270,1,GGGggrrrrrrr,1273.0
1275,2,yyyyyrrrrrrr,1276.0
1280,3,rrrrrGgGrGGr,1281.0
1285,4,rrrrrGgrrrrr,1286.0
1290,6,rrrrrrrGGGGG,1294.0
1295,7,rrrrrrrrrrrr,1299.0
1300,0,GGGggrrrrrrG,1304.0
1305,1,GGGggrrrrrrr,1309.0
1310,2,yyyyyrrrrrrr,1312.0
1315,3,rrrrrGgGrGGr,1317.0
1320,4,rrrrrGgrrrrr,1322.0
1325,6,rrrrrrrGGGGG,1330.0
1330,7,rrrrrrrrrrrr,1335.0
1335,0,GGGggrrrrrrG,1340.0
1340,1,GGGggrrrrrrr,1345.0
1345,2,yyyyyrrrrrrr,1348.0
1350,3,rrrrrGgGrGGr,1353.0
1355,4,rrrrrGgrrrrr,1358.0
1360,5,rrrrryyrrrrr,1361.0
1365,6,rrrrrrrGGGGG,1366.0
1370,7,rrrrrrrrrrrr,1371.0
1375,0,GGGggrrrrrrG,1376.0
1380,1,GGGggrrrrrrr,1381.0
1385,3,rrrrrGgGrGGr,1389.0
1390,4,rrrrrGgrrrrr,1394.0
1395,5,rrrrryyrrrrr,1397.0
1400,6,rrrrrrrGGGGG,1402.0
1405,7,rrrrrrrrrrrr,1407.0
1410,0,GGGggrrrrrrG,1412.0
1415,1,GGGggrrrrrrr,1417.0
1420,3,rrrrrGgGrGGr,1425.0
1425,4,rrrrrGgrrrrr,1430.0
1430,5,rrrrryyrrrrr,1433.0
1435,6,rrrrrrrGGGGG,1438.0
1440,7,rrrrrrrrrrrr,1443.0
1445,0,GGGggrrrrrrG,1448.0
1450,1,GGGggrrrrrrr,1453.0
1455,2,yyyyyrrrrrrr,1456.0
1460,3,rrrrrGgGrGGr,1461.0
1465,4,rrrrrGgrrrrr,1466.0
1470,6,rrrrrrrGGGGG,1474.0
1475,7,rrrrrrrrrrrr,1479.0
1480,0,GGGggrrrrrrG,1484.0
1485,1,GGGggrrrrrrr,1489.0
1490,2,yyyyyrrrrrrr,1492.0
1495,3,rrrrrGgGrGGr,1497.0
1500,4,rrrrrGgrrrrr,1502.0
1505,6,rrrrrrrGGGGG,1510.0
1510,7,rrrrrrrrrrrr,1515.0
1515,0,GGGggrrrrrrG,1520.0
1520,1,GGGggrrrrrrr,1525.0
1525,2,yyyyyrrrrrrr,1528.0
1530,3,rrrrrGgGrGGr,1533.0
1535,4,rrrrrGgrrrrr,1538.0
1540,5,rrrrryyrrrrr,1541.0
1545,6,rrrrrrrGGGGG,1546.0
1550,7,rrrrrrrrrrrr,1551.0
1555,0,GGGggrrrrrrG,1556.0
1560,1,GGGggrrrrrrr,1561.0
1565,3,rrrrrGgGrGGr,1569.0
1570,4,rrrrrGgrrrrr,1574.0
1575,5,rrrrryyrrrrr,1577.0
1580,6,rrrrrrrGGGGG,1582.0
1585,7,rrrrrrrrrrrr,1587.0
1590,0,GGGggrrrrrrG,1592.0
1595,1,GGGggrrrrrrr,1597.0
1600,3,rrrrrGgGrGGr,1605.0
1605,4,rrrrrGgrrrrr,1610.0
1610,5,rrrrryyrrrrr,1613.0
1615,6,rrrrrrrGGGGG,1618.0
1620,7,rrrrrrrrrrrr,1623.0
1625,0,GGGggrrrrrrG,1628.0
1630,1,GGGggrrrrrrr,1633.0
1635,2,yyyyyrrrrrrr,1636.0
1640,3,rrrrrGgGrGGr,1641.0
1645,4,rrrrrGgrrrrr,1646.0
1650,6,rrrrrrrGGGGG,1654.0
1655,7,rrrrrrrrrrrr,1659.0
1660,0,GGGggrrrrrrG,1664.0
1665,1,GGGggrrrrrrr,1669.0
1670,2,yyyyyrrrrrrr,1672.0
1675,3,rrrrrGgGrGGr,1677.0
1680,4,rrrrrGgrrrrr,1682.0
1685,6,rrrrrrrGGGGG,1690.0
1690,7,rrrrrrrrrrrr,1695.0
1695,0,GGGggrrrrrrG,1700.0
1700,1,GGGggrrrrrrr,1705.0
1705,2,yyyyyrrrrrrr,1708.0
1710,3,rrrrrGgGrGGr,1713.0
1715,4,rrrrrGgrrrrr,1718.0
1720,5,rrrrryyrrrrr,1721.0
1725,6,rrrrrrrGGGGG,1726.0
1730,7,rrrrrrrrrrrr,1731.0
1735,0,GGGggrrrrrrG,1736.0
1740,1,GGGggrrrrrrr,1741.0
1745,3,rrrrrGgGrGGr,1749.0
1750,4,rrrrrGgrrrrr,1754.0
1755,5,rrrrryyrrrrr,1757.0
1760,6,rrrrrrrGGGGG,1762.0
1765,7,rrrrrrrrrrrr,1767.0
1770,0,GGGggrrrrrrG,1772.0
1775,1,GGGggrrrrrrr,1777.0
1780,3,rrrrrGgGrGGr,1785.0
1785,4,rrrrrGgrrrrr,1790.0
1790,5,rrrrryyrrrrr,1793.0
1795,6,rrrrrrrGGGGG,1798.0
1800,7,rrrrrrrrrrrr,1803.0
1805,0,GGGggrrrrrrG,1808.0
1810,1,GGGggrrrrrrr,1813.0
1815,2,yyyyyrrrrrrr,1816.0
1820,3,rrrrrGgGrGGr,1821.0
1825,4,rrrrrGgrrrrr,1826.0
1830,6,rrrrrrrGGGGG,1834.0
1835,7,rrrrrrrrrrrr,1839.0
1840,0,GGGggrrrrrrG,1844.0
1845,1,GGGggrrrrrrr,1849.0
1850,2,yyyyyrrrrrrr,1852.0
1855,3,rrrrrGgGrGGr,1857.0
1860,4,rrrrrGgrrrrr,1862.0
1865,6,rrrrrrrGGGGG,1870.0
1870,7,rrrrrrrrrrrr,1875.0
1875,0,GGGggrrrrrrG,1880.0
1880,1,GGGggrrrrrrr,1885.0
1885,2,yyyyyrrrrrrr,1888.0
1890,3,rrrrrGgGrGGr,1893.0
1895,4,rrrrrGgrrrrr,1898.0
1900,5,rrrrryyrrrrr,1901.0
1905,6,rrrrrrrGGGGG,1906.0
1910,7,rrrrrrrrrrrr,1911.0
1915,0,GGGggrrrrrrG,1916.0
1920,1,GGGggrrrrrrr,1921.0
1925,3,rrrrrGgGrGGr,1929.0
1930,4,rrrrrGgrrrrr,1934.0
1935,5,rrrrryyrrrrr,1937.0
1940,6,rrrrrrrGGGGG,1942.0
1945,7,rrrrrrrrrrrr,1947.0
1950,0,GGGggrrrrrrG,1952.0
1955,1,GGGggrrrrrrr,1957.0
1960,3,rrrrrGgGrGGr,1965.0
1965,4,rrrrrGgrrrrr,1970.0
1970,5,rrrrryyrrrrr,1973.0
1975,6,rrrrrrrGGGGG,1978.0
1980,7,rrrrrrrrrrrr,1983.0
1985,0,GGGggrrrrrrG,1988.0
1990,1,GGGggrrrrrrr,1993.0
1995,2,yyyyyrrrrrrr,1996.0
2000,3,rrrrrGgGrGGr,2001.0
2005,4,rrrrrGgrrrrr,2006.0
2010,6,rrrrrrrGGGGG,2014.0
2015,7,rrrrrrrrrrrr,2019.0
2020,0,GGGggrrrrrrG,2024.0
2025,1,GGGggrrrrrrr,2029.0
2030,2,yyyyyrrrrrrr,2032.0
2035,3,rrrrrGgGrGGr,2037.0
2040,4,rrrrrGgrrrrr,2042.0
2045,6,rrrrrrrGGGGG,2050.0
2050,7,rrrrrrrrrrrr,2055.0
2055,0,GGGggrrrrrrG,2060.0
2060,1,GGGggrrrrrrr,2065.0
2065,2,yyyyyrrrrrrr,2068.0
2070,3,rrrrrGgGrGGr,2073.0
2075,4,rrrrrGgrrrrr,2078.0
2080,5,rrrrryyrrrrr,2081.0
2085,6,rrrrrrrGGGGG,2086.0
2090,7,rrrrrrrrrrrr,2091.0
2095,0,GGGggrrrrrrG,2096.0
2100,1,GGGggrrrrrrr,2101.0
2105,3,rrrrrGgGrGGr,2109.0
2110,4,rrrrrGgrrrrr,2114.0
2115,5,rrrrryyrrrrr,2117.0
2120,6,rrrrrrrGGGGG,2122.0
2125,7,rrrrrrrrrrrr,2127.0
2130,0,GGGggrrrrrrG,2132.0
2135,1,GGGggrrrrrrr,2137.0
2140,3,rrrrrGgGrGGr,2145.0
2145,4,rrrrrGgrrrrr,2150.0
2150,5,rrrrryyrrrrr,2153.0
2155,6,rrrrrrrGGGGG,2158.0
2160,7,rrrrrrrrrrrr,2163.0
2165,0,GGGggrrrrrrG,2168.0
2170,1,GGGggrrrrrrr,2173.0
2175,2,yyyyyrrrrrrr,2176.0
2180,3,rrrrrGgGrGGr,2181.0
2185,4,rrrrrGgrrrrr,2186.0
2190,6,rrrrrrrGGGGG,2194.0
2195,7,rrrrrrrrrrrr,2199.0
2200,0,GGGggrrrrrrG,2204.0
2205,0,GGGggrrrrrrG,2206.0
2210,1,GGGggrrrrrrr,2212.0
2215,3,rrrrrGgGrGGr,2220.0
2220,4,rrrrrGgrrrrr,2225.0
2225,5,rrrrryyrrrrr,2228.0
2230,6,rrrrrrrGGGGG,2233.0
2235,7,rrrrrrrrrrrr,2238.0
2240,0,GGGggrrrrrrG,2243.0
2245,1,GGGggrrrrrrr,2248.0
2250,2,yyyyyrrrrrrr,2251.0
2255,3,rrrrrGgGrGGr,2256.0
2260,4,rrrrrGgrrrrr,2261.0
2265,6,rrrrrrrGGGGG,2269.0
2270,7,rrrrrrrrrrrr,2274.0
2275,0,GGGggrrrrrrG,2279.0
2280,1,GGGggrrrrrrr,2284.0
2285,2,yyyyyrrrrrrr,2287.0
2290,3,rrrrrGgGrGGr,2292.0
2295,4,rrrrrGgrrrrr,2297.0
2300,6,rrrrrrrGGGGG,2305.0
2305,7,rrrrrrrrrrrr,2310.0
2310,0,GGGggrrrrrrG,2315.0
2315,1,GGGggrrrrrrr,2320.0
2320,2,yyyyyrrrrrrr,2323.0
2325,3,rrrrrGgGrGGr,2328.0
2330,4,rrrrrGgrrrrr,2333.0
2335,5,rrrrryyrrrrr,2336.0
2340,6,rrrrrrrGGGGG,2341.0
2345,7,rrrrrrrrrrrr,2346.0
2350,0,GGGggrrrrrrG,2351.0
2355,1,GGGggrrrrrrr,2356.0
2360,3,rrrrrGgGrGGr,2364.0
2365,4,rrrrrGgrrrrr,2369.0
2370,5,rrrrryyrrrrr,2372.0
2375,6,rrrrrrrGGGGG,2377.0
2380,7,rrrrrrrrrrrr,2382.0
2385,0,GGGggrrrrrrG,2387.0
2390,0,GGGggrrrrrrG,2391.0
2395,1,GGGggrrrrrrr,2396.0
2400,3,rrrrrGgGrGGr,2404.0
2405,4,rrrrrGgrrrrr,2409.0
2410,5,rrrrryyrrrrr,2412.0
2415,6,rrrrrrrGGGGG,2417.0
2420,7,rrrrrrrrrrrr,2422.0
2425,0,GGGggrrrrrrG,2427.0
2430,1,GGGggrrrrrrr,2432.0
2435,3,rrrrrGgGrGGr,2440.0
2440,4,rrrrrGgrrrrr,2445.0
2445,5,rrrrryyrrrrr,2448.0
2450,6,rrrrrrrGGGGG,2453.0
2455,7,rrrrrrrrrrrr,2458.0
2460,0,GGGggrrrrrrG,2463.0
2465,1,GGGggrrrrrrr,2468.0
2470,2,yyyyyrrrrrrr,2471.0
2475,3,rrrrrGgGrGGr,2476.0
2480,4,rrrrrGgrrrrr,2481.0
2485,6,rrrrrrrGGGGG,2489.0
2490,7,rrrrrrrrrrrr,2494.0
2495,0,GGGggrrrrrrG,2499.0
2500,1,GGGggrrrrrrr,2504.0
2505,2,yyyyyrrrrrrr,2507.0
2510,3,rrrrrGgGrGGr,2512.0
2515,4,rrrrrGgrrrrr,2517.0
2520,6,rrrrrrrGGGGG,2525.0
2525,7,rrrrrrrrrrrr,2530.0
2530,0,GGGggrrrrrrG,2535.0
2535,1,GGGggrrrrrrr,2540.0
2540,2,yyyyyrrrrrrr,2543.0
2545,3,rrrrrGgGrGGr,2548.0
2550,4,rrrrrGgrrrrr,2553.0
2555,5,rrrrryyrrrrr,2556.0
2560,6,rrrrrrrGGGGG,2561.0
2565,7,rrrrrrrrrrrr,2566.0
2570,0,GGGggrrrrrrG,2571.0
2575,1,GGGggrrrrrrr,2576.0
2580,3,rrrrrGgGrGGr,2584.0
2585,4,rrrrrGgrrrrr,2589.0
2590,5,rrrrryyrrrrr,2592.0
2595,6,rrrrrrrGGGGG,2597.0
2600,7,rrrrrrrrrrrr,2602.0
2605,0,GGGggrrrrrrG,2607.0
2610,1,GGGggrrrrrrr,2612.0
2615,3,rrrrrGgGrGGr,2620.0
2620,4,rrrrrGgrrrrr,2625.0
2625,5,rrrrryyrrrrr,2628.0
2630,6,rrrrrrrGGGGG,2633.0
2635,7,rrrrrrrrrrrr,2638.0
2640,0,GGGggrrrrrrG,2643.0
2645,1,GGGggrrrrrrr,2648.0
2650,2,yyyyyrrrrrrr,2651.0
2655,3,rrrrrGgGrGGr,2656.0
2660,4,rrrrrGgrrrrr,2661.0
2665,6,rrrrrrrGGGGG,2669.0
2670,7,rrrrrrrrrrrr,2674.0
2675,0,GGGggrrrrrrG,2679.0
2680,1,GGGggrrrrrrr,2684.0
2685,2,yyyyyrrrrrrr,2687.0
2690,3,rrrrrGgGrGGr,2692.0
2695,4,rrrrrGgrrrrr,2697.0
2700,6,rrrrrrrGGGGG,2705.0
2705,7,rrrrrrrrrrrr,2710.0
2710,0,GGGggrrrrrrG,2715.0
2715,1,GGGggrrrrrrr,2720.0
2720,2,yyyyyrrrrrrr,2723.0
2725,3,rrrrrGgGrGGr,2728.0
2730,4,rrrrrGgrrrrr,2733.0
2735,5,rrrrryyrrrrr,2736.0
2740,6,rrrrrrrGGGGG,2741.0
2745,7,rrrrrrrrrrrr,2746.0
2750,0,GGGggrrrrrrG,2751.0
2755,1,GGGggrrrrrrr,2756.0
2760,3,rrrrrGgGrGGr,2764.0
2765,4,rrrrrGgrrrrr,2769.0
2770,5,rrrrryyrrrrr,2772.0
2775,6,rrrrrrrGGGGG,2777.0
2780,7,rrrrrrrrrrrr,2782.0
2785,0,GGGggrrrrrrG,2787.0
2790,1,GGGggrrrrrrr,2792.0
2795,3,rrrrrGgGrGGr,2800.0
2800,4,rrrrrGgrrrrr,2805.0
2805,5,rrrrryyrrrrr,2808.0
2810,6,rrrrrrrGGGGG,2813.0
2815,7,rrrrrrrrrrrr,2818.0
2820,0,GGGggrrrrrrG,2823.0
2825,1,GGGggrrrrrrr,2828.0
2830,2,yyyyyrrrrrrr,2831.0
2835,3,rrrrrGgGrGGr,2836.0
2840,4,rrrrrGgrrrrr,2841.0
2845,6,rrrrrrrGGGGG,2849.0
2850,7,rrrrrrrrrrrr,2854.0
2855,0,GGGggrrrrrrG,2859.0
2860,1,GGGggrrrrrrr,2864.0
2865,2,yyyyyrrrrrrr,2867.0
2870,3,rrrrrGgGrGGr,2872.0
2875,4,rrrrrGgrrrrr,2877.0
2880,6,rrrrrrrGGGGG,2885.0
2885,7,rrrrrrrrrrrr,2890.0
2890,0,GGGggrrrrrrG,2895.0
2895,1,GGGggrrrrrrr,2900.0
2900,2,yyyyyrrrrrrr,2903.0
2905,3,rrrrrGgGrGGr,2908.0
2910,4,rrrrrGgrrrrr,2913.0
2915,5,rrrrryyrrrrr,2916.0
2920,6,rrrrrrrGGGGG,2921.0
2925,7,rrrrrrrrrrrr,2926.0
2930,0,GGGggrrrrrrG,2931.0
2935,1,GGGggrrrrrrr,2936.0
2940,3,rrrrrGgGrGGr,2944.0
2945,4,rrrrrGgrrrrr,2949.0
2950,5,rrrrryyrrrrr,2952.0
2955,6,rrrrrrrGGGGG,2957.0
2960,7,rrrrrrrrrrrr,2962.0
2965,0,GGGggrrrrrrG,2967.0
2970,1,GGGggrrrrrrr,2972.0
2975,3,rrrrrGgGrGGr,2980.0
2980,4,rrrrrGgrrrrr,2985.0
2985,5,rrrrryyrrrrr,2988.0
2990,6,rrrrrrrGGGGG,2993.0
2995,7,rrrrrrrrrrrr,2998.0
3000,0,GGGggrrrrrrG,3003.0
3005,1,GGGggrrrrrrr,3008.0
3010,2,yyyyyrrrrrrr,3011.0
3015,3,rrrrrGgGrGGr,3016.0
3020,4,rrrrrGgrrrrr,3021.0
3025,6,rrrrrrrGGGGG,3029.0
3030,7,rrrrrrrrrrrr,3034.0
3035,0,GGGggrrrrrrG,3039.0
3040,1,GGGggrrrrrrr,3044.0
3045,2,yyyyyrrrrrrr,3047.0
3050,3,rrrrrGgGrGGr,3052.0
3055,4,rrrrrGgrrrrr,3057.0
3060,6,rrrrrrrGGGGG,3065.0
3065,7,rrrrrrrrrrrr,3070.0
3070,0,GGGggrrrrrrG,3075.0
3075,1,GGGggrrrrrrr,3080.0
3080,2,yyyyyrrrrrrr,3083.0
3085,3,rrrrrGgGrGGr,3088.0
3090,4,rrrrrGgrrrrr,3093.0
3095,5,rrrrryyrrrrr,3096.0
3100,6,rrrrrrrGGGGG,3101.0
3105,7,rrrrrrrrrrrr,3106.0
3110,0,GGGggrrrrrrG,3111.0
3115,1,GGGggrrrrrrr,3116.0
3120,3,rrrrrGgGrGGr,3124.0
3125,4,rrrrrGgrrrrr,3129.0
3130,5,rrrrryyrrrrr,3132.0
3135,6,rrrrrrrGGGGG,3137.0
3140,7,rrrrrrrrrrrr,3142.0
3145,0,GGGggrrrrrrG,3147.0
3150,1,GGGggrrrrrrr,3152.0
3155,3,rrrrrGgGrGGr,3160.0
3160,4,rrrrrGgrrrrr,3165.0
3165,5,rrrrryyrrrrr,3168.0
3170,6,rrrrrrrGGGGG,3173.0
3175,7,rrrrrrrrrrrr,3178.0
3180,0,GGGggrrrrrrG,3183.0
3185,1,GGGggrrrrrrr,3188.0
3190,2,yyyyyrrrrrrr,3191.0
3195,3,rrrrrGgGrGGr,3196.0
3200,4,rrrrrGgrrrrr,3201.0
3205,6,rrrrrrrGGGGG,3209.0
3210,7,rrrrrrrrrrrr,3214.0
3215,0,GGGggrrrrrrG,3219.0
3220,1,GGGggrrrrrrr,3224.0
3225,2,yyyyyrrrrrrr,3227.0
3230,3,rrrrrGgGrGGr,3232.0
3235,4,rrrrrGgrrrrr,3237.0
3240,6,rrrrrrrGGGGG,3245.0
3245,7,rrrrrrrrrrrr,3250.0
3250,0,GGGggrrrrrrG,3255.0
3255,1,GGGggrrrrrrr,3260.0
3260,2,yyyyyrrrrrrr,3263.0
3265,3,rrrrrGgGrGGr,3268.0
3270,4,rrrrrGgrrrrr,3273.0
3275,5,rrrrryyrrrrr,3276.0
3280,6,rrrrrrrGGGGG,3281.0
3285,7,rrrrrrrrrrrr,3286.0
3290,0,GGGggrrrrrrG,3291.0
3295,1,GGGggrrrrrrr,3296.0
3300,3,rrrrrGgGrGGr,3304.0
3305,4,rrrrrGgrrrrr,3309.0
3310,5,rrrrryyrrrrr,3312.0
3315,6,rrrrrrrGGGGG,3317.0
3320,7,rrrrrrrrrrrr,3322.0
3325,0,GGGggrrrrrrG,3327.0
3330,1,GGGggrrrrrrr,3332.0
3335,3,rrrrrGgGrGGr,3340.0
3340,4,rrrrrGgrrrrr,3345.0
3345,5,rrrrryyrrrrr,3348.0
3350,6,rrrrrrrGGGGG,3353.0
3355,7,rrrrrrrrrrrr,3358.0
3360,0,GGGggrrrrrrG,3363.0
3365,1,GGGggrrrrrrr,3368.0
3370,2,yyyyyrrrrrrr,3371.0
3375,3,rrrrrGgGrGGr,3376.0
3380,4,rrrrrGgrrrrr,3381.0
3385,6,rrrrrrrGGGGG,3389.0
3390,7,rrrrrrrrrrrr,3394.0
3395,0,GGGggrrrrrrG,3399.0
3400,1,GGGggrrrrrrr,3404.0
3405,2,yyyyyrrrrrrr,3407.0
3410,3,rrrrrGgGrGGr,3412.0
3415,4,rrrrrGgrrrrr,3417.0
3420,6,rrrrrrrGGGGG,3425.0
3425,7,rrrrrrrrrrrr,3430.0
3430,0,GGGggrrrrrrG,3435.0
3435,1,GGGggrrrrrrr,3440.0
3440,2,yyyyyrrrrrrr,3443.0
3445,3,rrrrrGgGrGGr,3448.0
3450,4,rrrrrGgrrrrr,3453.0
3455,5,rrrrryyrrrrr,3456.0
3460,6,rrrrrrrGGGGG,3461.0
3465,7,rrrrrrrrrrrr,3466.0
3470,0,GGGggrrrrrrG,3471.0
3475,1,GGGggrrrrrrr,3476.0
3480,3,rrrrrGgGrGGr,3484.0
3485,4,rrrrrGgrrrrr,3489.0
3490,5,rrrrryyrrrrr,3492.0
3495,6,rrrrrrrGGGGG,3497.0
3500,7,rrrrrrrrrrrr,3502.0
3505,0,GGGggrrrrrrG,3507.0
3510,1,GGGggrrrrrrr,3512.0
3515,3,rrrrrGgGrGGr,3520.0
3520,4,rrrrrGgrrrrr,3525.0
3525,5,rrrrryyrrrrr,3528.0
3530,6,rrrrrrrGGGGG,3533.0
3535,7,rrrrrrrrrrrr,3538.0
3540,0,GGGggrrrrrrG,3543.0
3545,1,GGGggrrrrrrr,3548.0
3550,2,yyyyyrrrrrrr,3551.0
3555,3,rrrrrGgGrGGr,3556.0
3560,4,rrrrrGgrrrrr,3561.0
3565,6,rrrrrrrGGGGG,3569.0
3570,7,rrrrrrrrrrrr,3574.0
3575,0,GGGggrrrrrrG,3579.0
3580,1,GGGggrrrrrrr,3584.0
3585,2,yyyyyrrrrrrr,3587.0
3590,3,rrrrrGgGrGGr,3592.0
3595,4,rrrrrGgrrrrr,3597.0
3600,6,rrrrrrrGGGGG,3605.0
3605,7,rrrrrrrrrrrr,3610.0
3610,0,GGGggrrrrrrG,3615.0
3615,1,GGGggrrrrrrr,3620.0
3620,2,yyyyyrrrrrrr,3623.0
3625,3,rrrrrGgGrGGr,3628.0
3630,4,rrrrrGgrrrrr,3633.0
3635,5,rrrrryyrrrrr,3636.0
3640,6,rrrrrrrGGGGG,3641.0
3645,7,rrrrrrrrrrrr,3646.0
3650,0,GGGggrrrrrrG,3651.0
3655,1,GGGggrrrrrrr,3656.0
3660,3,rrrrrGgGrGGr,3664.0
3665,4,rrrrrGgrrrrr,3669.0
3670,5,rrrrryyrrrrr,3672.0
3675,6,rrrrrrrGGGGG,3677.0
3680,7,rrrrrrrrrrrr,3682.0
3685,0,GGGggrrrrrrG,3687.0
3690,1,GGGggrrrrrrr,3692.0
3695,3,rrrrrGgGrGGr,3700.0
3700,4,rrrrrGgrrrrr,3705.0
3705,5,rrrrryyrrrrr,3708.0
3710,6,rrrrrrrGGGGG,3713.0
3715,7,rrrrrrrrrrrr,3718.0
3720,0,GGGggrrrrrrG,3723.0
3725,1,GGGggrrrrrrr,3728.0
3730,2,yyyyyrrrrrrr,3731.0
3735,3,rrrrrGgGrGGr,3736.0
3740,4,rrrrrGgrrrrr,3741.0
3745,6,rrrrrrrGGGGG,3749.0
3750,7,rrrrrrrrrrrr,3754.0
3755,0,GGGggrrrrrrG,3759.0
3760,1,GGGggrrrrrrr,3764.0
3765,2,yyyyyrrrrrrr,3767.0
3770,3,rrrrrGgGrGGr,3772.0
3775,4,rrrrrGgrrrrr,3777.0
3780,6,rrrrrrrGGGGG,3785.0
3785,7,rrrrrrrrrrrr,3790.0
3790,0,GGGggrrrrrrG,3795.0
3795,1,GGGggrrrrrrr,3800.0
3800,2,yyyyyrrrrrrr,3803.0
3805,3,rrrrrGgGrGGr,3808.0
3810,4,rrrrrGgrrrrr,3813.0
3815,5,rrrrryyrrrrr,3816.0
3820,6,rrrrrrrGGGGG,3821.0
3825,7,rrrrrrrrrrrr,3826.0
3830,0,GGGggrrrrrrG,3831.0
3835,1,GGGggrrrrrrr,3836.0
3840,3,rrrrrGgGrGGr,3844.0
3845,4,rrrrrGgrrrrr,3849.0
3850,5,rrrrryyrrrrr,3852.0
3855,6,rrrrrrrGGGGG,3857.0
3860,7,rrrrrrrrrrrr,3862.0
3865,0,GGGggrrrrrrG,3867.0
3870,1,GGGggrrrrrrr,3872.0
3875,3,rrrrrGgGrGGr,3880.0
3880,4,rrrrrGgrrrrr,3885.0
3885,5,rrrrryyrrrrr,3888.0
3890,6,rrrrrrrGGGGG,3893.0
3895,7,rrrrrrrrrrrr,3898.0
3900,0,GGGggrrrrrrG,3903.0
3905,1,GGGggrrrrrrr,3908.0
3910,2,yyyyyrrrrrrr,3911.0
3915,3,rrrrrGgGrGGr,3916.0
3920,4,rrrrrGgrrrrr,3921.0
3925,6,rrrrrrrGGGGG,3929.0
3930,7,rrrrrrrrrrrr,3934.0
3935,0,GGGggrrrrrrG,3939.0
3940,1,GGGggrrrrrrr,3944.0
3945,2,yyyyyrrrrrrr,3947.0
3950,3,rrrrrGgGrGGr,3952.0
3955,4,rrrrrGgrrrrr,3957.0
3960,6,rrrrrrrGGGGG,3965.0
3965,7,rrrrrrrrrrrr,3970.0
3970,0,GGGggrrrrrrG,3975.0
3975,1,GGGggrrrrrrr,3980.0
3980,2,yyyyyrrrrrrr,3983.0
3985,3,rrrrrGgGrGGr,3988.0
3990,3,rrrrrGgGrGGr,3991.0
3995,4,rrrrrGgrrrrr,3996.0
4000,6,rrrrrrrGGGGG,4004.0
4005,7,rrrrrrrrrrrr,4009.0
4010,0,GGGggrrrrrrG,4014.0
4015,1,GGGggrrrrrrr,4019.0
4020,2,yyyyyrrrrrrr,4022.0
4025,3,rrrrrGgGrGGr,4027.0
4030,4,rrrrrGgrrrrr,4032.0
4035,6,rrrrrrrGGGGG,4040.0
4040,7,rrrrrrrrrrrr,4045.0
4045,0,GGGggrrrrrrG,4050.0
4050,1,GGGggrrrrrrr,4055.0
4055,2,yyyyyrrrrrrr,4058.0
4060,3,rrrrrGgGrGGr,4063.0
4065,4,rrrrrGgrrrrr,4068.0
4070,5,rrrrryyrrrrr,4071.0
4075,6,rrrrrrrGGGGG,4076.0
4080,7,rrrrrrrrrrrr,4081.0
4085,0,GGGggrrrrrrG,4086.0
4090,1,GGGggrrrrrrr,4091.0
4095,3,rrrrrGgGrGGr,4099.0
4100,4,rrrrrGgrrrrr,4104.0
4105,5,rrrrryyrrrrr,4107.0
4110,6,rrrrrrrGGGGG,4112.0
4115,7,rrrrrrrrrrrr,4117.0
4120,0,GGGggrrrrrrG,4122.0
4125,1,GGGggrrrrrrr,4127.0
4130,3,rrrrrGgGrGGr,4135.0
4135,4,rrrrrGgrrrrr,4140.0
4140,5,rrrrryyrrrrr,4143.0
4145,6,rrrrrrrGGGGG,4148.0
4150,7,rrrrrrrrrrrr,4153.0
4155,0,GGGggrrrrrrG,4158.0
4160,1,GGGggrrrrrrr,4163.0
4165,2,yyyyyrrrrrrr,4166.0
4170,3,rrrrrGgGrGGr,4171.0
4175,4,rrrrrGgrrrrr,4176.0
4180,6,rrrrrrrGGGGG,4184.0
4185,7,rrrrrrrrrrrr,4189.0
4190,0,GGGggrrrrrrG,4194.0
4195,1,GGGggrrrrrrr,4199.0
4200,2,yyyyyrrrrrrr,4202.0
4205,3,rrrrrGgGrGGr,4207.0
4210,4,rrrrrGgrrrrr,4212.0
4215,6,rrrrrrrGGGGG,4220.0
4220,7,rrrrrrrrrrrr,4225.0
4225,0,GGGggrrrrrrG,4230.0
4230,1,GGGggrrrrrrr,4235.0
4235,2,yyyyyrrrrrrr,4238.0
4240,3,rrrrrGgGrGGr,4243.0
4245,4,rrrrrGgrrrrr,4248.0
4250,5,rrrrryyrrrrr,4251.0
4255,6,rrrrrrrGGGGG,4256.0
4260,7,rrrrrrrrrrrr,4261.0
4265,0,GGGggrrrrrrG,4266.0
4270,1,GGGggrrrrrrr,4271.0
4275,3,rrrrrGgGrGGr,4279.0
4280,4,rrrrrGgrrrrr,4284.0
4285,5,rrrrryyrrrrr,4287.0
4290,6,rrrrrrrGGGGG,4292.0
4295,7,rrrrrrrrrrrr,4297.0
4300,0,GGGggrrrrrrG,4302.0
4305,1,GGGggrrrrrrr,4307.0
4310,3,rrrrrGgGrGGr,4315.0
4315,4,rrrrrGgrrrrr,4320.0
4320,5,rrrrryyrrrrr,4323.0
4325,6,rrrrrrrGGGGG,4328.0
4330,7,rrrrrrrrrrrr,4333.0
4335,0,GGGggrrrrrrG,4338.0
4340,1,GGGggrrrrrrr,4343.0
4345,2,yyyyyrrrrrrr,4346.0
4350,3,rrrrrGgGrGGr,4351.0
4355,4,rrrrrGgrrrrr,4356.0
4360,6,rrrrrrrGGGGG,4364.0
4365,7,rrrrrrrrrrrr,4369.0
4370,0,GGGggrrrrrrG,4374.0
4375,1,GGGggrrrrrrr,4379.0
4380,2,yyyyyrrrrrrr,4382.0
4385,3,rrrrrGgGrGGr,4387.0
4390,4,rrrrrGgrrrrr,4392.0
4395,6,rrrrrrrGGGGG,4400.0
4400,7,rrrrrrrrrrrr,4405.0
4405,0,GGGggrrrrrrG,4410.0
4410,1,GGGggrrrrrrr,4415.0
4415,2,yyyyyrrrrrrr,4418.0
4420,3,rrrrrGgGrGGr,4423.0
4425,4,rrrrrGgrrrrr,4428.0
4430,5,rrrrryyrrrrr,4431.0
4435,6,rrrrrrrGGGGG,4436.0
4440,7,rrrrrrrrrrrr,4441.0
4445,0,GGGggrrrrrrG,4446.0
4450,1,GGGggrrrrrrr,4451.0
4455,3,rrrrrGgGrGGr,4459.0
4460,4,rrrrrGgrrrrr,4464.0
4465,5,rrrrryyrrrrr,4467.0
4470,6,rrrrrrrGGGGG,4472.0
4475,7,rrrrrrrrrrrr,4477.0
4480,0,GGGggrrrrrrG,4482.0
4485,1,GGGggrrrrrrr,4487.0
4490,3,rrrrrGgGrGGr,4495.0
4495,4,rrrrrGgrrrrr,4500.0
4500,5,rrrrryyrrrrr,4503.0
4505,6,rrrrrrrGGGGG,4508.0
4510,7,rrrrrrrrrrrr,4513.0
4515,0,GGGggrrrrrrG,4518.0
4520,1,GGGggrrrrrrr,4523.0
4525,2,yyyyyrrrrrrr,4526.0
4530,3,rrrrrGgGrGGr,4531.0
4535,4,rrrrrGgrrrrr,4536.0
4540,6,rrrrrrrGGGGG,4544.0
4545,7,rrrrrrrrrrrr,4549.0
4550,0,GGGggrrrrrrG,4554.0
4555,1,GGGggrrrrrrr,4559.0
4560,2,yyyyyrrrrrrr,4562.0
4565,3,rrrrrGgGrGGr,4567.0
4570,4,rrrrrGgrrrrr,4572.0
4575,6,rrrrrrrGGGGG,4580.0
4580,7,rrrrrrrrrrrr,4585.0
4585,0,GGGggrrrrrrG,4590.0
4590,1,GGGggrrrrrrr,4595.0
4595,2,yyyyyrrrrrrr,4598.0
4600,3,rrrrrGgGrGGr,4603.0
4605,4,rrrrrGgrrrrr,4608.0
4610,5,rrrrryyrrrrr,4611.0
4615,6,rrrrrrrGGGGG,4616.0
4620,7,rrrrrrrrrrrr,4621.0
4625,0,GGGggrrrrrrG,4626.0
4630,1,GGGggrrrrrrr,4631.0
4635,3,rrrrrGgGrGGr,4639.0
4640,3,rrrrrGgGrGGr,4641.0
4645,4,rrrrrGgrrrrr,4647.0
4650,6,rrrrrrrGGGGG,4655.0
4655,7,rrrrrrrrrrrr,4660.0
4660,0,GGGggrrrrrrG,4665.0
4665,1,GGGggrrrrrrr,4670.0
4670,2,yyyyyrrrrrrr,4673.0
4675,3,rrrrrGgGrGGr,4678.0
4680,4,rrrrrGgrrrrr,4683.0
4685,5,rrrrryyrrrrr,4686.0
4690,6,rrrrrrrGGGGG,4691.0
4695,7,rrrrrrrrrrrr,4696.0
4700,0,GGGggrrrrrrG,4701.0
4705,1,GGGggrrrrrrr,4706.0
4710,3,rrrrrGgGrGGr,4714.0
4715,4,rrrrrGgrrrrr,4719.0
4720,5,rrrrryyrrrrr,4722.0
4725,6,rrrrrrrGGGGG,4727.0
4730,7,rrrrrrrrrrrr,4732.0
4735,0,GGGggrrrrrrG,4737.0
4740,1,GGGggrrrrrrr,4742.0
4745,3,rrrrrGgGrGGr,4750.0
4750,4,rrrrrGgrrrrr,4755.0
4755,5,rrrrryyrrrrr,4758.0
4760,6,rrrrrrrGGGGG,4763.0
4765,7,rrrrrrrrrrrr,4768.0
4770,0,GGGggrrrrrrG,4773.0
4775,1,GGGggrrrrrrr,4778.0
4780,2,yyyyyrrrrrrr,4781.0
4785,3,rrrrrGgGrGGr,4786.0
4790,4,rrrrrGgrrrrr,4791.0
4795,6,rrrrrrrGGGGG,4799.0
4800,7,rrrrrrrrrrrr,4804.0
4805,0,GGGggrrrrrrG,4809.0
4810,1,GGGggrrrrrrr,4814.0
4815,2,yyyyyrrrrrrr,4817.0
4820,3,rrrrrGgGrGGr,4822.0
4825,4,rrrrrGgrrrrr,4827.0
4830,6,rrrrrrrGGGGG,4835.0
4835,7,rrrrrrrrrrrr,4840.0
4840,0,GGGggrrrrrrG,4845.0
4845,1,GGGggrrrrrrr,4850.0
4850,2,yyyyyrrrrrrr,4853.0
4855,3,rrrrrGgGrGGr,4858.0
4860,4,rrrrrGgrrrrr,4863.0
4865,5,rrrrryyrrrrr,4866.0
4870,6,rrrrrrrGGGGG,4871.0
4875,7,rrrrrrrrrrrr,4876.0
4880,0,GGGggrrrrrrG,4881.0
4885,1,GGGggrrrrrrr,4886.0
4890,3,rrrrrGgGrGGr,4894.0
4895,4,rrrrrGgrrrrr,4899.0
4900,5,rrrrryyrrrrr,4902.0
4905,6,rrrrrrrGGGGG,4907.0
4910,7,rrrrrrrrrrrr,4912.0
4915,0,GGGggrrrrrrG,4917.0
4920,1,GGGggrrrrrrr,4922.0
4925,3,rrrrrGgGrGGr,4930.0
4930,4,rrrrrGgrrrrr,4935.0
4935,5,rrrrryyrrrrr,4938.0
4940,6,rrrrrrrGGGGG,4943.0
4945,7,rrrrrrrrrrrr,4948.0
4950,0,GGGggrrrrrrG,4953.0
4955,1,GGGggrrrrrrr,4958.0
4960,2,yyyyyrrrrrrr,4961.0
4965,3,rrrrrGgGrGGr,4966.0
4970,4,rrrrrGgrrrrr,4971.0
4975,6,rrrrrrrGGGGG,4979.0
4980,7,rrrrrrrrrrrr,4984.0
4985,0,GGGggrrrrrrG,4989.0
4990,1,GGGggrrrrrrr,4994.0
4995,2,yyyyyrrrrrrr,4997.0
5000,3,rrrrrGgGrGGr,5002.0
5005,4,rrrrrGgrrrrr,5007.0
5010,6,rrrrrrrGGGGG,5015.0
5015,7,rrrrrrrrrrrr,5020.0
5020,0,GGGggrrrrrrG,5025.0
5025,1,GGGggrrrrrrr,5030.0
5030,2,yyyyyrrrrrrr,5033.0
5035,3,rrrrrGgGrGGr,5038.0
5040,4,rrrrrGgrrrrr,5043.0
5045,5,rrrrryyrrrrr,5046.0
5050,6,rrrrrrrGGGGG,5051.0
5055,7,rrrrrrrrrrrr,5056.0
5060,0,GGGggrrrrrrG,5061.0
5065,1,GGGggrrrrrrr,5066.0
5070,3,rrrrrGgGrGGr,5074.0
5075,4,rrrrrGgrrrrr,5079.0
5080,5,rrrrryyrrrrr,5082.0
5085,6,rrrrrrrGGGGG,5087.0
5090,7,rrrrrrrrrrrr,5092.0
5095,0,GGGggrrrrrrG,5097.0
5100,1,GGGggrrrrrrr,5102.0
5105,3,rrrrrGgGrGGr,5110.0
5110,4,rrrrrGgrrrrr,5115.0
5115,5,rrrrryyrrrrr,5118.0
5120,6,rrrrrrrGGGGG,5123.0
5125,7,rrrrrrrrrrrr,5128.0
5130,0,GGGggrrrrrrG,5133.0
5135,1,GGGggrrrrrrr,5138.0
5140,2,yyyyyrrrrrrr,5141.0
5145,3,rrrrrGgGrGGr,5146.0
5150,4,rrrrrGgrrrrr,5151.0
5155,6,rrrrrrrGGGGG,5159.0
5160,7,rrrrrrrrrrrr,5164.0
5165,0,GGGggrrrrrrG,5169.0
5170,1,GGGggrrrrrrr,5174.0
5175,2,yyyyyrrrrrrr,5177.0
5180,3,rrrrrGgGrGGr,5182.0
5185,4,rrrrrGgrrrrr,5187.0
5190,6,rrrrrrrGGGGG,5195.0
5195,7,rrrrrrrrrrrr,5200.0
5200,0,GGGggrrrrrrG,5205.0
5205,1,GGGggrrrrrrr,5210.0
5210,2,yyyyyrrrrrrr,5213.0
5215,3,rrrrrGgGrGGr,5218.0
5220,4,rrrrrGgrrrrr,5223.0
5225,5,rrrrryyrrrrr,5226.0
5230,6,rrrrrrrGGGGG,5231.0
5235,7,rrrrrrrrrrrr,5236.0
5240,0,GGGggrrrrrrG,5241.0
5245,1,GGGggrrrrrrr,5246.0
5250,3,rrrrrGgGrGGr,5254.0
5255,4,rrrrrGgrrrrr,5259.0
5260,5,rrrrryyrrrrr,5262.0
5265,6,rrrrrrrGGGGG,5267.0
5270,7,rrrrrrrrrrrr,5272.0
5275,0,GGGggrrrrrrG,5277.0
5280,1,GGGggrrrrrrr,5282.0
5285,3,rrrrrGgGrGGr,5290.0
5290,4,rrrrrGgrrrrr,5295.0
5295,5,rrrrryyrrrrr,5298.0
5300,6,rrrrrrrGGGGG,5303.0
5305,7,rrrrrrrrrrrr,5308.0
5310,0,GGGggrrrrrrG,5313.0
5315,1,GGGggrrrrrrr,5318.0
5320,2,yyyyyrrrrrrr,5321.0
5325,3,rrrrrGgGrGGr,5326.0
5330,4,rrrrrGgrrrrr,5331.0
5335,6,rrrrrrrGGGGG,5339.0
5340,7,rrrrrrrrrrrr,5344.0
5345,0,GGGggrrrrrrG,5349.0
5350,1,GGGggrrrrrrr,5354.0
5355,2,yyyyyrrrrrrr,5357.0
5360,3,rrrrrGgGrGGr,5362.0
5365,4,rrrrrGgrrrrr,5367.0
5370,6,rrrrrrrGGGGG,5375.0
5375,7,rrrrrrrrrrrr,5380.0
5380,0,GGGggrrrrrrG,5385.0
5385,1,GGGggrrrrrrr,5390.0
5390,2,yyyyyrrrrrrr,5393.0
5395,3,rrrrrGgGrGGr,5398.0
5400,4,rrrrrGgrrrrr,5403.0
5405,5,rrrrryyrrrrr,5406.0
5410,6,rrrrrrrGGGGG,5411.0
5415,7,rrrrrrrrrrrr,5416.0
5420,0,GGGggrrrrrrG,5421.0
5425,1,GGGggrrrrrrr,5426.0
5430,3,rrrrrGgGrGGr,5434.0
5435,4,rrrrrGgrrrrr,5439.0
5440,5,rrrrryyrrrrr,5442.0
5445,6,rrrrrrrGGGGG,5447.0
5450,7,rrrrrrrrrrrr,5452.0
5455,0,GGGggrrrrrrG,5457.0
5460,1,GGGggrrrrrrr,5462.0
5465,3,rrrrrGgGrGGr,5470.0
5470,4,rrrrrGgrrrrr,5475.0
5475,5,rrrrryyrrrrr,5478.0
5480,6,rrrrrrrGGGGG,5483.0
5485,7,rrrrrrrrrrrr,5488.0
5490,0,GGGggrrrrrrG,5493.0
5495,1,GGGggrrrrrrr,5498.0
5500,2,yyyyyrrrrrrr,5501.0
5505,3,rrrrrGgGrGGr,5506.0
5510,4,rrrrrGgrrrrr,5511.0
5515,6,rrrrrrrGGGGG,5519.0
5520,7,rrrrrrrrrrrr,5524.0
5525,0,GGGggrrrrrrG,5529.0
5530,1,GGGggrrrrrrr,5534.0
5535,2,yyyyyrrrrrrr,5537.0
5540,3,rrrrrGgGrGGr,5542.0
5545,4,rrrrrGgrrrrr,5547.0
5550,6,rrrrrrrGGGGG,5555.0
5555,7,rrrrrrrrrrrr,5560.0
5560,0,GGGggrrrrrrG,5565.0
5565,1,GGGggrrrrrrr,5570.0
5570,2,yyyyyrrrrrrr,5573.0
5575,3,rrrrrGgGrGGr,5578.0
5580,4,rrrrrGgrrrrr,5583.0
5585,5,rrrrryyrrrrr,5586.0
5590,6,rrrrrrrGGGGG,5591.0
5595,7,rrrrrrrrrrrr,5596.0
5600,0,GGGggrrrrrrG,5601.0
5605,1,GGGggrrrrrrr,5606.0
5610,3,rrrrrGgGrGGr,5614.0
5615,4,rrrrrGgrrrrr,5619.0
5620,5,rrrrryyrrrrr,5622.0
5625,6,rrrrrrrGGGGG,5627.0
5630,7,rrrrrrrrrrrr,5632.0
5635,0,GGGggrrrrrrG,5637.0
5640,1,GGGggrrrrrrr,5642.0
5645,3,rrrrrGgGrGGr,5650.0
5650,4,rrrrrGgrrrrr,5655.0
5655,5,rrrrryyrrrrr,5658.0
5660,6,rrrrrrrGGGGG,5663.0
5665,7,rrrrrrrrrrrr,5668.0
5670,0,GGGggrrrrrrG,5673.0
5675,1,GGGggrrrrrrr,5678.0
5680,2,yyyyyrrrrrrr,5681.0
5685,3,rrrrrGgGrGGr,5686.0
5690,4,rrrrrGgrrrrr,5691.0
5695,6,rrrrrrrGGGGG,5699.0
5700,7,rrrrrrrrrrrr,5704.0
5705,0,GGGggrrrrrrG,5709.0
5710,1,GGGggrrrrrrr,5714.0
5715,2,yyyyyrrrrrrr,5717.0
5720,3,rrrrrGgGrGGr,5722.0
5725,4,rrrrrGgrrrrr,5727.0
5730,6,rrrrrrrGGGGG,5735.0
5735,7,rrrrrrrrrrrr,5740.0
5740,0,GGGggrrrrrrG,5745.0
5745,1,GGGggrrrrrrr,5750.0
5750,2,yyyyyrrrrrrr,5753.0
5755,3,rrrrrGgGrGGr,5758.0
5760,4,rrrrrGgrrrrr,5763.0
5765,5,rrrrryyrrrrr,5766.0
5770,6,rrrrrrrGGGGG,5771.0
5775,7,rrrrrrrrrrrr,5776.0
5780,0,GGGggrrrrrrG,5781.0
5785,1,GGGggrrrrrrr,5786.0
5790,3,rrrrrGgGrGGr,5794.0
5795,4,rrrrrGgrrrrr,5799.0
5800,5,rrrrryyrrrrr,5802.0
5805,6,rrrrrrrGGGGG,5807.0
5810,7,rrrrrrrrrrrr,5812.0
5815,0,GGGggrrrrrrG,5817.0
5820,1,GGGggrrrrrrr,5822.0
5825,3,rrrrrGgGrGGr,5830.0
5830,4,rrrrrGgrrrrr,5835.0
5835,5,rrrrryyrrrrr,5838.0
5840,6,rrrrrrrGGGGG,5843.0
5845,7,rrrrrrrrrrrr,5848.0
5850,0,GGGggrrrrrrG,5853.0
5855,1,GGGggrrrrrrr,5858.0
5860,2,yyyyyrrrrrrr,5861.0
5865,3,rrrrrGgGrGGr,5866.0
5870,4,rrrrrGgrrrrr,5871.0
5875,6,rrrrrrrGGGGG,5879.0
5880,7,rrrrrrrrrrrr,5884.0
5885,0,GGGggrrrrrrG,5889.0
5890,1,GGGggrrrrrrr,5894.0
5895,2,yyyyyrrrrrrr,5897.0
5900,3,rrrrrGgGrGGr,5902.0
5905,4,rrrrrGgrrrrr,5907.0
5910,6,rrrrrrrGGGGG,5915.0
5915,7,rrrrrrrrrrrr,5920.0
5920,0,GGGggrrrrrrG,5925.0
5925,1,GGGggrrrrrrr,5930.0
5930,2,yyyyyrrrrrrr,5933.0
5935,3,rrrrrGgGrGGr,5938.0
5940,4,rrrrrGgrrrrr,5943.0
5945,5,rrrrryyrrrrr,5946.0
5950,6,rrrrrrrGGGGG,5951.0
5955,7,rrrrrrrrrrrr,5956.0
5960,0,GGGggrrrrrrG,5961.0
5965,1,GGGggrrrrrrr,5966.0
5970,3,rrrrrGgGrGGr,5974.0
5975,4,rrrrrGgrrrrr,5979.0
5980,5,rrrrryyrrrrr,5982.0
5985,6,rrrrrrrGGGGG,5987.0
5990,7,rrrrrrrrrrrr,5992.0
5995,0,GGGggrrrrrrG,5997.0
6000,1,GGGggrrrrrrr,6002.0
6005,3,rrrrrGgGrGGr,6010.0
6010,4,rrrrrGgrrrrr,6015.0
6015,5,rrrrryyrrrrr,6018.0
6020,6,rrrrrrrGGGGG,6023.0
6025,7,rrrrrrrrrrrr,6028.0
6030,0,GGGggrrrrrrG,6033.0
6035,1,GGGggrrrrrrr,6038.0
6040,2,yyyyyrrrrrrr,6041.0
6045,3,rrrrrGgGrGGr,6046.0
6050,4,rrrrrGgrrrrr,6051.0
6055,6,rrrrrrrGGGGG,6059.0
6060,7,rrrrrrrrrrrr,6064.0
6065,0,GGGggrrrrrrG,6069.0
6070,1,GGGggrrrrrrr,6074.0
6075,2,yyyyyrrrrrrr,6077.0
6080,3,rrrrrGgGrGGr,6082.0
6085,4,rrrrrGgrrrrr,6087.0
6090,6,rrrrrrrGGGGG,6095.0
6095,7,rrrrrrrrrrrr,6100.0
6100,0,GGGggrrrrrrG,6105.0
6105,1,GGGggrrrrrrr,6110.0
6110,2,yyyyyrrrrrrr,6113.0
6115,3,rrrrrGgGrGGr,6118.0
6120,4,rrrrrGgrrrrr,6123.0
6125,5,rrrrryyrrrrr,6126.0
6130,6,rrrrrrrGGGGG,6131.0
6135,7,rrrrrrrrrrrr,6136.0
6140,0,GGGggrrrrrrG,6141.0
6145,1,GGGggrrrrrrr,6146.0
6150,3,rrrrrGgGrGGr,6154.0
6155,4,rrrrrGgrrrrr,6159.0
6160,5,rrrrryyrrrrr,6162.0
6165,6,rrrrrrrGGGGG,6167.0
6170,7,rrrrrrrrrrrr,6172.0
6175,0,GGGggrrrrrrG,6177.0
6180,1,GGGggrrrrrrr,6182.0
6185,3,rrrrrGgGrGGr,6190.0
6190,4,rrrrrGgrrrrr,6195.0
6195,5,rrrrryyrrrrr,6198.0
6200,6,rrrrrrrGGGGG,6203.0
6205,7,rrrrrrrrrrrr,6208.0
6210,0,GGGggrrrrrrG,6213.0
6215,1,GGGggrrrrrrr,6218.0
6220,2,yyyyyrrrrrrr,6221.0
6225,3,rrrrrGgGrGGr,6226.0
6230,4,rrrrrGgrrrrr,6231.0
6235,6,rrrrrrrGGGGG,6239.0
6240,7,rrrrrrrrrrrr,6244.0
6245,0,GGGggrrrrrrG,6249.0
6250,1,GGGggrrrrrrr,6254.0
6255,2,yyyyyrrrrrrr,6257.0
6260,3,rrrrrGgGrGGr,6262.0
6265,4,rrrrrGgrrrrr,6267.0
6270,6,rrrrrrrGGGGG,6275.0
6275,7,rrrrrrrrrrrr,6280.0
6280,0,GGGggrrrrrrG,6285.0
6285,1,GGGggrrrrrrr,6290.0
6290,2,yyyyyrrrrrrr,6293.0
6295,3,rrrrrGgGrGGr,6298.0
6300,4,rrrrrGgrrrrr,6303.0
6305,5,rrrrryyrrrrr,6306.0
6310,6,rrrrrrrGGGGG,6311.0
6315,7,rrrrrrrrrrrr,6316.0
6320,0,GGGggrrrrrrG,6321.0
6325,1,GGGggrrrrrrr,6326.0
6330,3,rrrrrGgGrGGr,6334.0
6335,4,rrrrrGgrrrrr,6339.0
6340,5,rrrrryyrrrrr,6342.0
6345,6,rrrrrrrGGGGG,6347.0
6350,7,rrrrrrrrrrrr,6352.0
6355,0,GGGggrrrrrrG,6357.0
6360,1,GGGggrrrrrrr,6362.0
6365,3,rrrrrGgGrGGr,6370.0
6370,4,rrrrrGgrrrrr,6375.0
6375,5,rrrrryyrrrrr,6378.0
6380,6,rrrrrrrGGGGG,6383.0
6385,7,rrrrrrrrrrrr,6388.0
6390,0,GGGggrrrrrrG,6393.0
6395,1,GGGggrrrrrrr,6398.0
6400,2,yyyyyrrrrrrr,6401.0
6405,3,rrrrrGgGrGGr,6406.0
6410,4,rrrrrGgrrrrr,6411.0
6415,6,rrrrrrrGGGGG,6419.0
6420,7,rrrrrrrrrrrr,6424.0
6425,0,GGGggrrrrrrG,6429.0
6430,1,GGGggrrrrrrr,6434.0
6435,2,yyyyyrrrrrrr,6437.0
6440,3,rrrrrGgGrGGr,6442.0
6445,4,rrrrrGgrrrrr,6447.0
6450,6,rrrrrrrGGGGG,6455.0
6455,7,rrrrrrrrrrrr,6460.0
6460,0,GGGggrrrrrrG,6465.0
6465,1,GGGggrrrrrrr,6470.0
6470,2,yyyyyrrrrrrr,6473.0
6475,3,rrrrrGgGrGGr,6478.0
6480,4,rrrrrGgrrrrr,6483.0
6485,5,rrrrryyrrrrr,6486.0
6490,6,rrrrrrrGGGGG,6491.0
6495,7,rrrrrrrrrrrr,6496.0
6500,0,GGGggrrrrrrG,6501.0
6505,1,GGGggrrrrrrr,6506.0
6510,3,rrrrrGgGrGGr,6514.0
6515,4,rrrrrGgrrrrr,6519.0
6520,5,rrrrryyrrrrr,6522.0
6525,6,rrrrrrrGGGGG,6527.0
6530,7,rrrrrrrrrrrr,6532.0
6535,0,GGGggrrrrrrG,6537.0
6540,1,GGGggrrrrrrr,6542.0
6545,3,rrrrrGgGrGGr,6550.0
6550,4,rrrrrGgrrrrr,6555.0
6555,5,rrrrryyrrrrr,6558.0
6560,6,rrrrrrrGGGGG,6563.0
6565,7,rrrrrrrrrrrr,6568.0
6570,0,GGGggrrrrrrG,6573.0
6575,1,GGGggrrrrrrr,6578.0
6580,2,yyyyyrrrrrrr,6581.0
6585,3,rrrrrGgGrGGr,6586.0
6590,4,rrrrrGgrrrrr,6591.0
6595,6,rrrrrrrGGGGG,6599.0
6600,7,rrrrrrrrrrrr,6604.0
6605,0,GGGggrrrrrrG,6609.0
6610,1,GGGggrrrrrrr,6614.0
6615,2,yyyyyrrrrrrr,6617.0
6620,3,rrrrrGgGrGGr,6622.0
6625,4,rrrrrGgrrrrr,6627.0
6630,6,rrrrrrrGGGGG,6635.0
6635,7,rrrrrrrrrrrr,6640.0
6640,0,GGGggrrrrrrG,6645.0
6645,1,GGGggrrrrrrr,6650.0
6650,2,yyyyyrrrrrrr,6653.0
6655,3,rrrrrGgGrGGr,6658.0
6660,4,rrrrrGgrrrrr,6663.0
6665,5,rrrrryyrrrrr,6666.0
6670,6,rrrrrrrGGGGG,6671.0
6675,7,rrrrrrrrrrrr,6676.0
6680,0,GGGggrrrrrrG,6681.0
6685,1,GGGggrrrrrrr,6686.0
6690,3,rrrrrGgGrGGr,6694.0
6695,4,rrrrrGgrrrrr,6699.0
6700,5,rrrrryyrrrrr,6702.0
6705,6,rrrrrrrGGGGG,6707.0
6710,7,rrrrrrrrrrrr,6712.0
6715,0,GGGggrrrrrrG,6717.0
6720,1,GGGggrrrrrrr,6722.0
6725,3,rrrrrGgGrGGr,6730.0
6730,4,rrrrrGgrrrrr,6735.0
6735,5,rrrrryyrrrrr,6738.0
6740,6,rrrrrrrGGGGG,6743.0
6745,7,rrrrrrrrrrrr,6748.0
6750,0,GGGggrrrrrrG,6753.0
6755,1,GGGggrrrrrrr,6758.0
6760,2,yyyyyrrrrrrr,6761.0
6765,3,rrrrrGgGrGGr,6766.0
6770,4,rrrrrGgrrrrr,6771.0
6775,6,rrrrrrrGGGGG,6779.0
6780,7,rrrrrrrrrrrr,6784.0
6785,0,GGGggrrrrrrG,6789.0
6790,1,GGGggrrrrrrr,6794.0
6795,2,yyyyyrrrrrrr,6797.0
6800,3,rrrrrGgGrGGr,6802.0
6805,4,rrrrrGgrrrrr,6807.0
6810,6,rrrrrrrGGGGG,6815.0
6815,7,rrrrrrrrrrrr,6820.0
6820,0,GGGggrrrrrrG,6825.0
6825,1,GGGggrrrrrrr,6830.0
6830,2,yyyyyrrrrrrr,6833.0
6835,3,rrrrrGgGrGGr,6838.0
6840,4,rrrrrGgrrrrr,6843.0
6845,5,rrrrryyrrrrr,6846.0
6850,6,rrrrrrrGGGGG,6851.0
6855,7,rrrrrrrrrrrr,6856.0
6860,0,GGGggrrrrrrG,6861.0
6865,1,GGGggrrrrrrr,6866.0
6870,3,rrrrrGgGrGGr,6874.0
6875,4,rrrrrGgrrrrr,6879.0
6880,5,rrrrryyrrrrr,6882.0
6885,6,rrrrrrrGGGGG,6887.0
6890,7,rrrrrrrrrrrr,6892.0
6895,0,GGGggrrrrrrG,6897.0
6900,1,GGGggrrrrrrr,6902.0
6905,3,rrrrrGgGrGGr,6910.0
6910,4,rrrrrGgrrrrr,6915.0
6915,5,rrrrryyrrrrr,6918.0
6920,6,rrrrrrrGGGGG,6923.0
6925,7,rrrrrrrrrrrr,6928.0
6930,0,GGGggrrrrrrG,6933.0
6935,1,GGGggrrrrrrr,6938.0
6940,2,yyyyyrrrrrrr,6941.0
6945,3,rrrrrGgGrGGr,6946.0
6950,4,rrrrrGgrrrrr,6951.0
6955,6,rrrrrrrGGGGG,6959.0
6960,7,rrrrrrrrrrrr,6964.0
6965,0,GGGggrrrrrrG,6969.0
6970,1,GGGggrrrrrrr,6974.0
6975,2,yyyyyrrrrrrr,6977.0
6980,3,rrrrrGgGrGGr,6982.0
6985,4,rrrrrGgrrrrr,6987.0
6990,6,rrrrrrrGGGGG,6995.0
6995,7,rrrrrrrrrrrr,7000.0
7000,0,GGGggrrrrrrG,7005.0
7005,1,GGGggrrrrrrr,7010.0
7010,2,yyyyyrrrrrrr,7013.0
7015,3,rrrrrGgGrGGr,7018.0
7020,4,rrrrrGgrrrrr,7023.0
7025,5,rrrrryyrrrrr,7026.0
7030,6,rrrrrrrGGGGG,7031.0
7035,7,rrrrrrrrrrrr,7036.0
7040,0,GGGggrrrrrrG,7041.0
7045,1,GGGggrrrrrrr,7046.0
7050,3,rrrrrGgGrGGr,7054.0
7055,4,rrrrrGgrrrrr,7059.0
7060,5,rrrrryyrrrrr,7062.0
7065,6,rrrrrrrGGGGG,7067.0
7070,7,rrrrrrrrrrrr,7072.0
7075,0,GGGggrrrrrrG,7077.0
7080,1,GGGggrrrrrrr,7082.0
7085,3,rrrrrGgGrGGr,7090.0
7090,4,rrrrrGgrrrrr,7095.0
7095,5,rrrrryyrrrrr,7098.0
7100,6,rrrrrrrGGGGG,7103.0
7105,7,rrrrrrrrrrrr,7108.0
7110,0,GGGggrrrrrrG,7113.0
7115,1,GGGggrrrrrrr,7118.0
7120,2,yyyyyrrrrrrr,7121.0
7125,3,rrrrrGgGrGGr,7126.0
7130,4,rrrrrGgrrrrr,7131.0
7135,6,rrrrrrrGGGGG,7139.0
7140,7,rrrrrrrrrrrr,7144.0
7145,0,GGGggrrrrrrG,7149.0
7150,1,GGGggrrrrrrr,7154.0
7155,2,yyyyyrrrrrrr,7157.0
7160,3,rrrrrGgGrGGr,7162.0
7165,4,rrrrrGgrrrrr,7167.0
7170,6,rrrrrrrGGGGG,7175.0
7175,7,rrrrrrrrrrrr,7180.0
7180,0,GGGggrrrrrrG,7185.0
7185,1,GGGggrrrrrrr,7190.0
7190,2,yyyyyrrrrrrr,7193.0
7195,3,rrrrrGgGrGGr,7198.0
7200,4,rrrrrGgrrrrr,7203.0
7205,5,rrrrryyrrrrr,7206.0
7210,6,rrrrrrrGGGGG,7211.0
7215,7,rrrrrrrrrrrr,7216.0
7220,0,GGGggrrrrrrG,7221.0
7225,1,GGGggrrrrrrr,7226.0
7230,3,rrrrrGgGrGGr,7234.0
7235,4,rrrrrGgrrrrr,7239.0
7240,5,rrrrryyrrrrr,7242.0
7245,6,rrrrrrrGGGGG,7247.0
7250,7,rrrrrrrrrrrr,7252.0
7255,0,GGGggrrrrrrG,7257.0
7260,1,GGGggrrrrrrr,7262.0
7265,3,rrrrrGgGrGGr,7270.0
7270,4,rrrrrGgrrrrr,7275.0
7275,5,rrrrryyrrrrr,7278.0
7280,6,rrrrrrrGGGGG,7283.0
7285,7,rrrrrrrrrrrr,7288.0
7290,0,GGGggrrrrrrG,7293.0
7295,1,GGGggrrrrrrr,7298.0
7300,2,yyyyyrrrrrrr,7301.0
7305,3,rrrrrGgGrGGr,7306.0
7310,4,rrrrrGgrrrrr,7311.0
7315,6,rrrrrrrGGGGG,7319.0
7320,7,rrrrrrrrrrrr,7324.0
7325,0,GGGggrrrrrrG,7329.0
7330,1,GGGggrrrrrrr,7334.0
7335,2,yyyyyrrrrrrr,7337.0
7340,3,rrrrrGgGrGGr,7342.0
7345,4,rrrrrGgrrrrr,7347.0
7350,6,rrrrrrrGGGGG,7355.0
7355,7,rrrrrrrrrrrr,7360.0
7360,0,GGGggrrrrrrG,7365.0
7365,1,GGGggrrrrrrr,7370.0
7370,2,yyyyyrrrrrrr,7373.0
7375,3,rrrrrGgGrGGr,7378.0
7380,4,rrrrrGgrrrrr,7383.0
7385,5,rrrrryyrrrrr,7386.0
7390,6,rrrrrrrGGGGG,7391.0
7395,7,rrrrrrrrrrrr,7396.0
7400,0,GGGggrrrrrrG,7401.0
7405,1,GGGggrrrrrrr,7406.0
7410,3,rrrrrGgGrGGr,7414.0
7415,4,rrrrrGgrrrrr,7419.0
7420,5,rrrrryyrrrrr,7422.0
7425,6,rrrrrrrGGGGG,7427.0
7430,7,rrrrrrrrrrrr,7432.0
7435,0,GGGggrrrrrrG,7437.0
7440,1,GGGggrrrrrrr,7442.0
7445,3,rrrrrGgGrGGr,7450.0
7450,4,rrrrrGgrrrrr,7455.0
7455,5,rrrrryyrrrrr,7458.0
7460,6,rrrrrrrGGGGG,7463.0
7465,7,rrrrrrrrrrrr,7468.0
7470,0,GGGggrrrrrrG,7473.0
7475,1,GGGggrrrrrrr,7478.0
7480,2,yyyyyrrrrrrr,7481.0
7485,3,rrrrrGgGrGGr,7486.0
7490,4,rrrrrGgrrrrr,7491.0
7495,6,rrrrrrrGGGGG,7499.0
7500,7,rrrrrrrrrrrr,7504.0
7505,0,GGGggrrrrrrG,7509.0
7510,1,GGGggrrrrrrr,7514.0
7515,2,yyyyyrrrrrrr,7517.0
7520,3,rrrrrGgGrGGr,7522.0
7525,4,rrrrrGgrrrrr,7527.0
7530,6,rrrrrrrGGGGG,7535.0
7535,7,rrrrrrrrrrrr,7540.0
7540,0,GGGggrrrrrrG,7545.0
7545,1,GGGggrrrrrrr,7550.0
7550,2,yyyyyrrrrrrr,7553.0
7555,3,rrrrrGgGrGGr,7558.0
7560,4,rrrrrGgrrrrr,7563.0
7565,5,rrrrryyrrrrr,7566.0
7570,6,rrrrrrrGGGGG,7571.0
7575,7,rrrrrrrrrrrr,7576.0
7580,0,GGGggrrrrrrG,7581.0
7585,1,GGGggrrrrrrr,7586.0
7590,3,rrrrrGgGrGGr,7594.0
7595,4,rrrrrGgrrrrr,7599.0
7600,5,rrrrryyrrrrr,7602.0
7605,6,rrrrrrrGGGGG,7607.0
7610,7,rrrrrrrrrrrr,7612.0
7615,0,GGGggrrrrrrG,7617.0
7620,1,GGGggrrrrrrr,7622.0
7625,3,rrrrrGgGrGGr,7630.0
7630,4,rrrrrGgrrrrr,7635.0
7635,5,rrrrryyrrrrr,7638.0
7640,6,rrrrrrrGGGGG,7643.0
7645,7,rrrrrrrrrrrr,7648.0
7650,0,GGGggrrrrrrG,7653.0
7655,1,GGGggrrrrrrr,7658.0
7660,2,yyyyyrrrrrrr,7661.0
7665,3,rrrrrGgGrGGr,7666.0
7670,4,rrrrrGgrrrrr,7671.0
7675,6,rrrrrrrGGGGG,7679.0
7680,7,rrrrrrrrrrrr,7684.0
7685,0,GGGggrrrrrrG,7689.0
7690,1,GGGggrrrrrrr,7694.0
7695,2,yyyyyrrrrrrr,7697.0
7700,3,rrrrrGgGrGGr,7702.0
7705,4,rrrrrGgrrrrr,7707.0
7710,6,rrrrrrrGGGGG,7715.0
7715,7,rrrrrrrrrrrr,7720.0
7720,0,GGGggrrrrrrG,7725.0
7725,1,GGGggrrrrrrr,7730.0
7730,2,yyyyyrrrrrrr,7733.0
7735,3,rrrrrGgGrGGr,7738.0
7740,4,rrrrrGgrrrrr,7743.0
7745,5,rrrrryyrrrrr,7746.0
7750,6,rrrrrrrGGGGG,7751.0
7755,7,rrrrrrrrrrrr,7756.0
7760,0,GGGggrrrrrrG,7761.0
7765,1,GGGggrrrrrrr,7766.0
7770,3,rrrrrGgGrGGr,7774.0
7775,4,rrrrrGgrrrrr,7779.0
7780,5,rrrrryyrrrrr,7782.0
7785,6,rrrrrrrGGGGG,7787.0
7790,7,rrrrrrrrrrrr,7792.0
7795,0,GGGggrrrrrrG,7797.0
7800,1,GGGggrrrrrrr,7802.0
7805,3,rrrrrGgGrGGr,7810.0
7810,4,rrrrrGgrrrrr,7815.0
7815,5,rrrrryyrrrrr,7818.0
7820,6,rrrrrrrGGGGG,7823.0
7825,7,rrrrrrrrrrrr,7828.0
7830,0,GGGggrrrrrrG,7833.0
7835,1,GGGggrrrrrrr,7838.0
7840,2,yyyyyrrrrrrr,7841.0
7845,3,rrrrrGgGrGGr,7846.0
7850,4,rrrrrGgrrrrr,7851.0
7855,6,rrrrrrrGGGGG,7859.0
7860,7,rrrrrrrrrrrr,7864.0
7865,0,GGGggrrrrrrG,7869.0
7870,1,GGGggrrrrrrr,7874.0
7875,2,yyyyyrrrrrrr,7877.0
7880,3,rrrrrGgGrGGr,7882.0
7885,4,rrrrrGgrrrrr,7887.0
7890,6,rrrrrrrGGGGG,7895.0
7895,7,rrrrrrrrrrrr,7900.0
7900,0,GGGggrrrrrrG,7905.0
7905,1,GGGggrrrrrrr,7910.0
7910,2,yyyyyrrrrrrr,7913.0
7915,3,rrrrrGgGrGGr,7918.0
7920,4,rrrrrGgrrrrr,7923.0
7925,5,rrrrryyrrrrr,7926.0
7930,6,rrrrrrrGGGGG,7931.0
7935,7,rrrrrrrrrrrr,7936.0
7940,0,GGGggrrrrrrG,7941.0
7945,1,GGGggrrrrrrr,7946.0
7950,3,rrrrrGgGrGGr,7954.0
7955,4,rrrrrGgrrrrr,7959.0
7960,5,rrrrryyrrrrr,7962.0
7965,6,rrrrrrrGGGGG,7967.0
7970,7,rrrrrrrrrrrr,7972.0
7975,0,GGGggrrrrrrG,7977.0
7980,1,GGGggrrrrrrr,7982.0
7985,3,rrrrrGgGrGGr,7990.0
7990,4,rrrrrGgrrrrr,7995.0
7995,5,rrrrryyrrrrr,7998.0
8000,6,rrrrrrrGGGGG,8003.0
8005,7,rrrrrrrrrrrr,8008.0
8010,0,GGGggrrrrrrG,8013.0
8015,1,GGGggrrrrrrr,8018.0
8020,2,yyyyyrrrrrrr,8021.0
8025,3,rrrrrGgGrGGr,8026.0
8030,4,rrrrrGgrrrrr,8031.0
8035,6,rrrrrrrGGGGG,8039.0
8040,7,rrrrrrrrrrrr,8044.0
8045,0,GGGggrrrrrrG,8049.0
8050,1,GGGggrrrrrrr,8054.0
8055,2,yyyyyrrrrrrr,8057.0
8060,3,rrrrrGgGrGGr,8062.0
8065,4,rrrrrGgrrrrr,8067.0
8070,6,rrrrrrrGGGGG,8075.0
8075,7,rrrrrrrrrrrr,8080.0
8080,0,GGGggrrrrrrG,8085.0
8085,1,GGGggrrrrrrr,8090.0
8090,2,yyyyyrrrrrrr,8093.0
8095,3,rrrrrGgGrGGr,8098.0
8100,4,rrrrrGgrrrrr,8103.0
8105,5,rrrrryyrrrrr,8106.0
8110,6,rrrrrrrGGGGG,8111.0
8115,7,rrrrrrrrrrrr,8116.0
8120,0,GGGggrrrrrrG,8121.0
8125,1,GGGggrrrrrrr,8126.0
8130,3,rrrrrGgGrGGr,8134.0
8135,4,rrrrrGgrrrrr,8139.0
8140,5,rrrrryyrrrrr,8142.0
8145,6,rrrrrrrGGGGG,8147.0
8150,7,rrrrrrrrrrrr,8152.0
8155,0,GGGggrrrrrrG,8157.0
8160,1,GGGggrrrrrrr,8162.0
8165,3,rrrrrGgGrGGr,8170.0
8170,4,rrrrrGgrrrrr,8175.0
8175,5,rrrrryyrrrrr,8178.0
8180,6,rrrrrrrGGGGG,8183.0
8185,7,rrrrrrrrrrrr,8188.0
8190,0,GGGggrrrrrrG,8193.0
8195,1,GGGggrrrrrrr,8198.0
8200,2,yyyyyrrrrrrr,8201.0
8205,3,rrrrrGgGrGGr,8206.0
8210,4,rrrrrGgrrrrr,8211.0
8215,6,rrrrrrrGGGGG,8219.0
8220,7,rrrrrrrrrrrr,8224.0
8225,0,GGGggrrrrrrG,8229.0
8230,1,GGGggrrrrrrr,8234.0
8235,2,yyyyyrrrrrrr,8237.0
8240,3,rrrrrGgGrGGr,8242.0
8245,4,rrrrrGgrrrrr,8247.0
8250,6,rrrrrrrGGGGG,8255.0
8255,7,rrrrrrrrrrrr,8260.0
8260,0,GGGggrrrrrrG,8265.0
8265,1,GGGggrrrrrrr,8270.0
8270,2,yyyyyrrrrrrr,8273.0
8275,3,rrrrrGgGrGGr,8278.0
8280,4,rrrrrGgrrrrr,8283.0
8285,5,rrrrryyrrrrr,8286.0
8290,6,rrrrrrrGGGGG,8291.0
8295,7,rrrrrrrrrrrr,8296.0
8300,0,GGGggrrrrrrG,8301.0
8305,1,GGGggrrrrrrr,8306.0
8310,3,rrrrrGgGrGGr,8314.0
8315,4,rrrrrGgrrrrr,8319.0
8320,5,rrrrryyrrrrr,8322.0
8325,6,rrrrrrrGGGGG,8327.0
8330,7,rrrrrrrrrrrr,8332.0
8335,0,GGGggrrrrrrG,8337.0
8340,1,GGGggrrrrrrr,8342.0
8345,3,rrrrrGgGrGGr,8350.0
8350,4,rrrrrGgrrrrr,8355.0
8355,5,rrrrryyrrrrr,8358.0
8360,6,rrrrrrrGGGGG,8363.0
8365,7,rrrrrrrrrrrr,8368.0
8370,0,GGGggrrrrrrG,8373.0
8375,1,GGGggrrrrrrr,8378.0
8380,2,yyyyyrrrrrrr,8381.0
8385,3,rrrrrGgGrGGr,8386.0
8390,4,rrrrrGgrrrrr,8391.0
8395,6,rrrrrrrGGGGG,8399.0
8400,7,rrrrrrrrrrrr,8404.0
8405,0,GGGggrrrrrrG,8409.0
8410,1,GGGggrrrrrrr,8414.0
8415,2,yyyyyrrrrrrr,8417.0
8420,3,rrrrrGgGrGGr,8422.0
8425,4,rrrrrGgrrrrr,8427.0
8430,6,rrrrrrrGGGGG,8435.0
8435,7,rrrrrrrrrrrr,8440.0
8440,0,GGGggrrrrrrG,8445.0
8445,1,GGGggrrrrrrr,8450.0
8450,2,yyyyyrrrrrrr,8453.0
8455,3,rrrrrGgGrGGr,8458.0
8460,4,rrrrrGgrrrrr,8463.0
8465,5,rrrrryyrrrrr,8466.0
8470,6,rrrrrrrGGGGG,8471.0
8475,7,rrrrrrrrrrrr,8476.0
8480,0,GGGggrrrrrrG,8481.0
8485,1,GGGggrrrrrrr,8486.0
8490,3,rrrrrGgGrGGr,8494.0
8495,4,rrrrrGgrrrrr,8499.0
8500,5,rrrrryyrrrrr,8502.0
8505,6,rrrrrrrGGGGG,8507.0
8510,7,rrrrrrrrrrrr,8512.0
8515,0,GGGggrrrrrrG,8517.0
8520,1,GGGggrrrrrrr,8522.0
8525,3,rrrrrGgGrGGr,8530.0
8530,4,rrrrrGgrrrrr,8535.0
8535,5,rrrrryyrrrrr,8538.0
8540,6,rrrrrrrGGGGG,8543.0
8545,7,rrrrrrrrrrrr,8548.0
8550,0,GGGggrrrrrrG,8553.0
8555,1,GGGggrrrrrrr,8558.0
8560,2,yyyyyrrrrrrr,8561.0
8565,3,rrrrrGgGrGGr,8566.0
8570,4,rrrrrGgrrrrr,8571.0
8575,6,rrrrrrrGGGGG,8579.0
8580,7,rrrrrrrrrrrr,8584.0
8585,0,GGGggrrrrrrG,8589.0
8590,1,GGGggrrrrrrr,8594.0
8595,2,yyyyyrrrrrrr,8597.0
8600,3,rrrrrGgGrGGr,8602.0
8605,4,rrrrrGgrrrrr,8607.0
8610,6,rrrrrrrGGGGG,8615.0
8615,7,rrrrrrrrrrrr,8620.0
8620,0,GGGggrrrrrrG,8625.0
8625,1,GGGggrrrrrrr,8630.0
8630,2,yyyyyrrrrrrr,8633.0
8635,3,rrrrrGgGrGGr,8638.0
8640,4,rrrrrGgrrrrr,8643.0
8645,5,rrrrryyrrrrr,8646.0
8650,6,rrrrrrrGGGGG,8651.0
8655,7,rrrrrrrrrrrr,8656.0
8660,0,GGGggrrrrrrG,8661.0
8665,1,GGGggrrrrrrr,8666.0
8670,3,rrrrrGgGrGGr,8674.0
8675,4,rrrrrGgrrrrr,8679.0
8680,5,rrrrryyrrrrr,8682.0
8685,6,rrrrrrrGGGGG,8687.0
8690,7,rrrrrrrrrrrr,8692.0
8695,0,GGGggrrrrrrG,8697.0
8700,1,GGGggrrrrrrr,8702.0
8705,3,rrrrrGgGrGGr,8710.0
8710,4,rrrrrGgrrrrr,8715.0
8715,5,rrrrryyrrrrr,8718.0
8720,6,rrrrrrrGGGGG,8723.0
8725,7,rrrrrrrrrrrr,8728.0
8730,0,GGGggrrrrrrG,8733.0
8735,1,GGGggrrrrrrr,8738.0
8740,2,yyyyyrrrrrrr,8741.0
8745,3,rrrrrGgGrGGr,8746.0
8750,4,rrrrrGgrrrrr,8751.0
8755,6,rrrrrrrGGGGG,8759.0
8760,7,rrrrrrrrrrrr,8764.0
8765,0,GGGggrrrrrrG,8769.0
8770,1,GGGggrrrrrrr,8774.0
8775,2,yyyyyrrrrrrr,8777.0
8780,3,rrrrrGgGrGGr,8782.0
8785,4,rrrrrGgrrrrr,8787.0
8790,6,rrrrrrrGGGGG,8795.0
8795,7,rrrrrrrrrrrr,8800.0
8800,0,GGGggrrrrrrG,8805.0
8805,1,GGGggrrrrrrr,8810.0
8810,2,yyyyyrrrrrrr,8813.0
8815,3,rrrrrGgGrGGr,8818.0
8820,4,rrrrrGgrrrrr,8823.0
8825,5,rrrrryyrrrrr,8826.0
8830,6,rrrrrrrGGGGG,8831.0
8835,7,rrrrrrrrrrrr,8836.0
8840,0,GGGggrrrrrrG,8841.0
8845,1,GGGggrrrrrrr,8846.0
8850,3,rrrrrGgGrGGr,8854.0
8855,4,rrrrrGgrrrrr,8859.0
8860,5,rrrrryyrrrrr,8862.0
8865,6,rrrrrrrGGGGG,8867.0
8870,7,rrrrrrrrrrrr,8872.0
8875,0,GGGggrrrrrrG,8877.0
8880,1,GGGggrrrrrrr,8882.0
8885,3,rrrrrGgGrGGr,8890.0
8890,4,rrrrrGgrrrrr,8895.0
8895,5,rrrrryyrrrrr,8898.0
8900,6,rrrrrrrGGGGG,8903.0
8905,7,rrrrrrrrrrrr,8908.0
8910,0,GGGggrrrrrrG,8913.0
8915,1,GGGggrrrrrrr,8918.0
8920,2,yyyyyrrrrrrr,8921.0
8925,3,rrrrrGgGrGGr,8926.0
8930,4,rrrrrGgrrrrr,8931.0
8935,6,rrrrrrrGGGGG,8939.0
8940,7,rrrrrrrrrrrr,8944.0
8945,0,GGGggrrrrrrG,8949.0
8950,1,GGGggrrrrrrr,8954.0
8955,2,yyyyyrrrrrrr,8957.0
8960,3,rrrrrGgGrGGr,8962.0
8965,4,rrrrrGgrrrrr,8967.0
8970,6,rrrrrrrGGGGG,8975.0
8975,7,rrrrrrrrrrrr,8980.0
8980,0,GGGggrrrrrrG,8985.0
8985,1,GGGggrrrrrrr,8990.0
8990,2,yyyyyrrrrrrr,8993.0
8995,3,rrrrrGgGrGGr,8998.0
9000,4,rrrrrGgrrrrr,9003.0
9005,5,rrrrryyrrrrr,9006.0
9010,6,rrrrrrrGGGGG,9011.0
9015,7,rrrrrrrrrrrr,9016.0
9020,0,GGGggrrrrrrG,9021.0
9025,1,GGGggrrrrrrr,9026.0
9030,3,rrrrrGgGrGGr,9034.0
9035,4,rrrrrGgrrrrr,9039.0
9040,5,rrrrryyrrrrr,9042.0
9045,6,rrrrrrrGGGGG,9047.0
9050,7,rrrrrrrrrrrr,9052.0
9055,0,GGGggrrrrrrG,9057.0
9060,1,GGGggrrrrrrr,9062.0
9065,3,rrrrrGgGrGGr,9070.0
9070,4,rrrrrGgrrrrr,9075.0
9075,5,rrrrryyrrrrr,9078.0
9080,6,rrrrrrrGGGGG,9083.0
9085,7,rrrrrrrrrrrr,9088.0
9090,0,GGGggrrrrrrG,9093.0
9095,1,GGGggrrrrrrr,9098.0
9100,2,yyyyyrrrrrrr,9101.0
9105,3,rrrrrGgGrGGr,9106.0
9110,4,rrrrrGgrrrrr,9111.0
9115,6,rrrrrrrGGGGG,9119.0
9120,7,rrrrrrrrrrrr,9124.0
9125,0,GGGggrrrrrrG,9129.0
9130,1,GGGggrrrrrrr,9134.0
9135,2,yyyyyrrrrrrr,9137.0
9140,3,rrrrrGgGrGGr,9142.0
9145,4,rrrrrGgrrrrr,9147.0
9150,6,rrrrrrrGGGGG,9155.0
9155,7,rrrrrrrrrrrr,9160.0
9160,0,GGGggrrrrrrG,9165.0
9165,1,GGGggrrrrrrr,9170.0
9170,2,yyyyyrrrrrrr,9173.0
9175,3,rrrrrGgGrGGr,9178.0
9180,4,rrrrrGgrrrrr,9183.0
9185,5,rrrrryyrrrrr,9186.0
9190,6,rrrrrrrGGGGG,9191.0
9195,7,rrrrrrrrrrrr,9196.0
9200,0,GGGggrrrrrrG,9201.0
9205,1,GGGggrrrrrrr,9206.0
9210,3,rrrrrGgGrGGr,9214.0
9215,4,rrrrrGgrrrrr,9219.0
9220,5,rrrrryyrrrrr,9222.0
9225,6,rrrrrrrGGGGG,9227.0
9230,7,rrrrrrrrrrrr,9232.0
9235,0,GGGggrrrrrrG,9237.0
9240,1,GGGggrrrrrrr,9242.0
9245,3,rrrrrGgGrGGr,9250.0
9250,4,rrrrrGgrrrrr,9255.0
9255,5,rrrrryyrrrrr,9258.0
9260,6,rrrrrrrGGGGG,9263.0
9265,7,rrrrrrrrrrrr,9268.0
9270,0,GGGggrrrrrrG,9273.0
9275,1,GGGggrrrrrrr,9278.0
9280,2,yyyyyrrrrrrr,9281.0
9285,3,rrrrrGgGrGGr,9286.0
9290,4,rrrrrGgrrrrr,9291.0
9295,6,rrrrrrrGGGGG,9299.0
9300,7,rrrrrrrrrrrr,9304.0
9305,0,GGGggrrrrrrG,9309.0
9310,1,GGGggrrrrrrr,9314.0
9315,2,yyyyyrrrrrrr,9317.0
9320,3,rrrrrGgGrGGr,9322.0
9325,4,rrrrrGgrrrrr,9327.0
9330,6,rrrrrrrGGGGG,9335.0
9335,7,rrrrrrrrrrrr,9340.0
9340,0,GGGggrrrrrrG,9345.0
9345,1,GGGggrrrrrrr,9350.0
9350,2,yyyyyrrrrrrr,9353.0
9355,3,rrrrrGgGrGGr,9358.0
9360,4,rrrrrGgrrrrr,9363.0
9365,5,rrrrryyrrrrr,9366.0
9370,6,rrrrrrrGGGGG,9371.0
9375,7,rrrrrrrrrrrr,9376.0
9380,0,GGGggrrrrrrG,9381.0
9385,1,GGGggrrrrrrr,9386.0
9390,3,rrrrrGgGrGGr,9394.0
9395,4,rrrrrGgrrrrr,9399.0
9400,5,rrrrryyrrrrr,9402.0
9405,6,rrrrrrrGGGGG,9407.0
9410,7,rrrrrrrrrrrr,9412.0
9415,0,GGGggrrrrrrG,9417.0
9420,1,GGGggrrrrrrr,9422.0
9425,3,rrrrrGgGrGGr,9430.0
9430,4,rrrrrGgrrrrr,9435.0
9435,5,rrrrryyrrrrr,9438.0
9440,6,rrrrrrrGGGGG,9443.0
9445,7,rrrrrrrrrrrr,9448.0
9450,0,GGGggrrrrrrG,9453.0
9455,1,GGGggrrrrrrr,9458.0
9460,2,yyyyyrrrrrrr,9461.0
9465,3,rrrrrGgGrGGr,9466.0
9470,4,rrrrrGgrrrrr,9471.0
9475,6,rrrrrrrGGGGG,9479.0
9480,7,rrrrrrrrrrrr,9484.0
9485,0,GGGggrrrrrrG,9489.0
9490,1,GGGggrrrrrrr,9494.0
9495,2,yyyyyrrrrrrr,9497.0
9500,3,rrrrrGgGrGGr,9502.0
9505,4,rrrrrGgrrrrr,9507.0
9510,6,rrrrrrrGGGGG,9515.0
9515,7,rrrrrrrrrrrr,9520.0
9520,0,GGGggrrrrrrG,9525.0
9525,1,GGGggrrrrrrr,9530.0
9530,2,yyyyyrrrrrrr,9533.0
9535,3,rrrrrGgGrGGr,9538.0
9540,4,rrrrrGgrrrrr,9543.0
9545,5,rrrrryyrrrrr,9546.0
9550,6,rrrrrrrGGGGG,9551.0
9555,7,rrrrrrrrrrrr,9556.0
9560,0,GGGggrrrrrrG,9561.0
9565,1,GGGggrrrrrrr,9566.0
9570,3,rrrrrGgGrGGr,9574.0
9575,4,rrrrrGgrrrrr,9579.0
9580,5,rrrrryyrrrrr,9582.0
9585,6,rrrrrrrGGGGG,9587.0
9590,7,rrrrrrrrrrrr,9592.0
9595,0,GGGggrrrrrrG,9597.0
9600,1,GGGggrrrrrrr,9602.0
9605,3,rrrrrGgGrGGr,9610.0
9610,4,rrrrrGgrrrrr,9615.0
9615,5,rrrrryyrrrrr,9618.0
9620,6,rrrrrrrGGGGG,9623.0
9625,7,rrrrrrrrrrrr,9628.0
9630,0,GGGggrrrrrrG,9633.0
9635,1,GGGggrrrrrrr,9638.0
9640,2,yyyyyrrrrrrr,9641.0
9645,3,rrrrrGgGrGGr,9646.0
9650,4,rrrrrGgrrrrr,9651.0
9655,6,rrrrrrrGGGGG,9659.0
9660,7,rrrrrrrrrrrr,9664.0
9665,0,GGGggrrrrrrG,9669.0
9670,1,GGGggrrrrrrr,9674.0
9675,2,yyyyyrrrrrrr,9677.0
9680,3,rrrrrGgGrGGr,9682.0
9685,4,rrrrrGgrrrrr,9687.0
9690,6,rrrrrrrGGGGG,9695.0
9695,7,rrrrrrrrrrrr,9700.0
9700,0,GGGggrrrrrrG,9705.0
9705,1,GGGggrrrrrrr,9710.0
9710,2,yyyyyrrrrrrr,9713.0
9715,3,rrrrrGgGrGGr,9718.0
9720,4,rrrrrGgrrrrr,9723.0
9725,5,rrrrryyrrrrr,9726.0
9730,6,rrrrrrrGGGGG,9731.0
9735,7,rrrrrrrrrrrr,9736.0
9740,0,GGGggrrrrrrG,9741.0
9745,1,GGGggrrrrrrr,9746.0
9750,3,rrrrrGgGrGGr,9754.0
9755,4,rrrrrGgrrrrr,9759.0
9760,5,rrrrryyrrrrr,9762.0
9765,6,rrrrrrrGGGGG,9767.0
9770,7,rrrrrrrrrrrr,9772.0
9775,0,GGGggrrrrrrG,9777.0
9780,1,GGGggrrrrrrr,9782.0
9785,3,rrrrrGgGrGGr,9790.0
9790,4,rrrrrGgrrrrr,9795.0
9795,5,rrrrryyrrrrr,9798.0
9800,6,rrrrrrrGGGGG,9803.0
9805,7,rrrrrrrrrrrr,9808.0
9810,0,GGGggrrrrrrG,9813.0
9815,1,GGGggrrrrrrr,9818.0
9820,2,yyyyyrrrrrrr,9821.0
9825,3,rrrrrGgGrGGr,9826.0
9830,4,rrrrrGgrrrrr,9831.0
9835,6,rrrrrrrGGGGG,9839.0
9840,7,rrrrrrrrrrrr,9844.0
9845,0,GGGggrrrrrrG,9849.0
9850,1,GGGggrrrrrrr,9854.0
9855,2,yyyyyrrrrrrr,9857.0
9860,3,rrrrrGgGrGGr,9862.0
9865,4,rrrrrGgrrrrr,9867.0
9870,6,rrrrrrrGGGGG,9875.0
9875,7,rrrrrrrrrrrr,9880.0
9880,0,GGGggrrrrrrG,9885.0
9885,1,GGGggrrrrrrr,9890.0
9890,2,yyyyyrrrrrrr,9893.0
9895,3,rrrrrGgGrGGr,9898.0
9900,4,rrrrrGgrrrrr,9903.0
9905,5,rrrrryyrrrrr,9906.0
9910,6,rrrrrrrGGGGG,9911.0
9915,7,rrrrrrrrrrrr,9916.0
9920,0,GGGggrrrrrrG,9921.0
9925,1,GGGggrrrrrrr,9926.0
9930,3,rrrrrGgGrGGr,9934.0
9935,4,rrrrrGgrrrrr,9939.0
9940,5,rrrrryyrrrrr,9942.0
9945,6,rrrrrrrGGGGG,9947.0
9950,7,rrrrrrrrrrrr,9952.0
9955,0,GGGggrrrrrrG,9957.0
9960,1,GGGggrrrrrrr,9962.0
9965,3,rrrrrGgGrGGr,9970.0
9970,4,rrrrrGgrrrrr,9975.0
9975,5,rrrrryyrrrrr,9978.0
9980,6,rrrrrrrGGGGG,9983.0
9985,7,rrrrrrrrrrrr,9988.0
9990,0,GGGggrrrrrrG,9993.0
9995,1,GGGggrrrrrrr,9998.0
