0,0,ggGGGGrrr,5.0
5,1,ggyyyyrrr,8.0
10,2,GGrrrrrrr,13.0
15,3,yyrrrrrrr,16.0
20,4,rrrrrrGGG,21.0
25,5,rrrrrrrrr,26.0
30,0,ggGGGGrrr,31.0
35,2,GGrrrrrrr,39.0
40,3,yyrrrrrrr,42.0
45,4,rrrrrrGGG,47.0
50,5,rrrrrrrrr,52.0
55,0,ggGGGGrrr,57.0
60,2,GGrrrrrrr,65.0
65,3,yyrrrrrrr,68.0
70,4,rrrrrrGGG,73.0
75,5,rrrrrrrrr,78.0
80,0,ggGGGGrrr,83.0
85,1,ggyyyyrrr,86.0
90,2,GGrrrrrrr,91.0
95,4,rrrrrrGGG,99.0
100,5,rrrrrrrrr,104.0
105,0,ggGGGGrrr,109.0
110,1,ggyyyyrrr,112.0
115,2,GGrrrrrrr,117.0
120,4,rrrrrrGGG,125.0
125,5,rrrrrrrrr,130.0
130,0,ggGGGGrrr,135.0
135,1,ggyyyyrrr,138.0
140,2,GGrrrrrrr,143.0
145,3,yyrrrrrrr,146.0
150,4,rrrrrrGGG,151.0
155,5,rrrrrrrrr,156.0
160,0,ggGGGGrrr,161.0
165,2,GGrrrrrrr,169.0
170,3,yyrrrrrrr,172.0
175,4,rrrrrrGGG,177.0
180,5,rrrrrrrrr,182.0
185,0,ggGGGGrrr,187.0
190,2,GGrrrrrrr,195.0
195,3,yyrrrrrrr,198.0
200,4,rrrrrrGGG,203.0
205,5,rrrrrrrrr,208.0
210,0,ggGGGGrrr,213.0
215,1,ggyyyyrrr,216.0
220,2,GGrrrrrrr,221.0
225,4,rrrrrrGGG,229.0
230,5,rrrrrrrrr,234.0
235,0,ggGGGGrrr,239.0
240,1,ggyyyyrrr,242.0
245,2,GGrrrrrrr,247.0
250,4,rrrrrrGGG,255.0
255,5,rrrrrrrrr,260.0
260,0,ggGGGGrrr,265.0
265,1,ggyyyyrrr,268.0
270,2,GGrrrrrrr,273.0
275,3,yyrrrrrrr,276.0
280,4,rrrrrrGGG,281.0
285,5,rrrrrrrrr,286.0
290,0,ggGGGGrrr,291.0
295,2,GGrrrrrrr,299.0
300,3,yyrrrrrrr,302.0
305,4,rrrrrrGGG,307.0
310,5,rrrrrrrrr,312.0
315,0,ggGGGGrrr,317.0
320,2,GGrrrrrrr,325.0
325,3,yyrrrrrrr,328.0
330,4,rrrrrrGGG,333.0
335,5,rrrrrrrrr,338.0
340,0,ggGGGGrrr,343.0
345,1,ggyyyyrrr,346.0
350,2,GGrrrrrrr,351.0
355,4,rrrrrrGGG,359.0
360,5,rrrrrrrrr,364.0
365,0,ggGGGGrrr,369.0
370,1,ggyyyyrrr,372.0
375,2,GGrrrrrrr,377.0
380,4,rrrrrrGGG,385.0
385,5,rrrrrrrrr,390.0
390,0,ggGGGGrrr,395.0
395,1,ggyyyyrrr,398.0
400,2,GGrrrrrrr,403.0
405,3,yyrrrrrrr,406.0
410,4,rrrrrrGGG,411.0
415,5,rrrrrrrrr,416.0
420,0,ggGGGGrrr,421.0
425,2,GGrrrrrrr,429.0
430,3,yyrrrrrrr,432.0
435,4,rrrrrrGGG,437.0
440,5,rrrrrrrrr,442.0
445,0,ggGGGGrrr,447.0
450,2,GGrrrrrrr,455.0
455,3,yyrrrrrrr,458.0
460,4,rrrrrrGGG,463.0
465,5,rrrrrrrrr,468.0
470,0,ggGGGGrrr,473.0
475,1,ggyyyyrrr,476.0
480,2,GGrrrrrrr,481.0
485,4,rrrrrrGGG,489.0
490,5,rrrrrrrrr,494.0
495,0,ggGGGGrrr,499.0
500,1,ggyyyyrrr,502.0
505,2,GGrrrrrrr,507.0
510,4,rrrrrrGGG,515.0
515,5,rrrrrrrrr,520.0
520,0,ggGGGGrrr,525.0
525,1,ggyyyyrrr,528.0
530,2,GGrrrrrrr,533.0
535,3,yyrrrrrrr,536.0
540,4,rrrrrrGGG,541.0
545,5,rrrrrrrrr,546.0
550,0,ggGGGGrrr,551.0
555,2,GGrrrrrrr,559.0
560,3,yyrrrrrrr,562.0
565,4,rrrrrrGGG,567.0
570,5,rrrrrrrrr,572.0
575,0,ggGGGGrrr,577.0
580,2,GGrrrrrrr,585.0
585,3,yyrrrrrrr,588.0
590,4,rrrrrrGGG,593.0
595,5,rrrrrrrrr,598.0
600,0,ggGGGGrrr,603.0
605,0,ggGGGGrrr,606.0
610,2,GGrrrrrrr,615.0
615,3,yyrrrrrrr,618.0
620,4,rrrrrrGGG,623.0
625,5,rrrrrrrrr,628.0
630,0,ggGGGGrrr,633.0
635,0,ggGGGGrrr,636.0
640,0,ggGGGGrrr,642.0
645,1,ggyyyyrrr,646.0
650,2,GGrrrrrrr,651.0
655,4,rrrrrrGGG,659.0
660,5,rrrrrrrrr,664.0
665,0,ggGGGGrrr,669.0
670,0,ggGGGGrrr,671.0
675,1,ggyyyyrrr,678.0
680,2,GGrrrrrrr,683.0
685,3,yyrrrrrrr,686.0
690,4,rrrrrrGGG,691.0
695,5,rrrrrrrrr,696.0
700,0,ggGGGGrrr,701.0
705,0,ggGGGGrrr,707.0
710,0,ggGGGGrrr,711.0
715,2,GGrrrrrrr,719.0
720,3,yyrrrrrrr,722.0
725,4,rrrrrrGGG,727.0
730,5,rrrrrrrrr,732.0
735,0,ggGGGGrrr,737.0
740,2,GGrrrrrrr,745.0
745,3,yyrrrrrrr,748.0
750,4,rrrrrrGGG,753.0
755,5,rrrrrrrrr,758.0
760,0,ggGGGGrrr,763.0
765,0,ggGGGGrrr,766.0
770,2,GGrrrrrrr,774.0
775,3,yyrrrrrrr,777.0
780,4,rrrrrrGGG,782.0
785,5,rrrrrrrrr,787.0
790,0,ggGGGGrrr,792.0
795,2,GGrrrrrrr,800.0
800,3,yyrrrrrrr,803.0
805,4,rrrrrrGGG,808.0
810,5,rrrrrrrrr,813.0
815,0,ggGGGGrrr,818.0
820,0,ggGGGGrrr,822.0
825,0,ggGGGGrrr,827.0
830,1,ggyyyyrrr,833.0
835,2,GGrrrrrrr,838.0
840,3,yyrrrrrrr,841.0
845,4,rrrrrrGGG,846.0
850,5,rrrrrrrrr,851.0
855,0,ggGGGGrrr,856.0
860,2,GGrrrrrrr,864.0
865,3,yyrrrrrrr,867.0
870,4,rrrrrrGGG,872.0
875,5,rrrrrrrrr,877.0
880,0,ggGGGGrrr,882.0
885,2,GGrrrrrrr,890.0
890,3,yyrrrrrrr,893.0
895,4,rrrrrrGGG,898.0
900,5,rrrrrrrrr,903.0
905,0,ggGGGGrrr,908.0
910,0,ggGGGGrrr,912.0
915,0,ggGGGGrrr,916.0
920,0,ggGGGGrrr,921.0
925,0,ggGGGGrrr,927.0
930,0,ggGGGGrrr,931.0
935,0,ggGGGGrrr,937.0
940,1,ggyyyyrrr,941.0
945,2,GGrrrrrrr,946.0
950,4,rrrrrrGGG,954.0
955,5,rrrrrrrrr,959.0
960,0,ggGGGGrrr,964.0
965,0,ggGGGGrrr,966.0
970,2,GGrrrrrrr,974.0
975,3,yyrrrrrrr,977.0
980,4,rrrrrrGGG,982.0
985,5,rrrrrrrrr,987.0
990,0,ggGGGGrrr,992.0
995,1,ggyyyyrrr,996.0
1000,2,GGrrrrrrr,1001.0
1005,4,rrrrrrGGG,1009.0
1010,5,rrrrrrrrr,1014.0
1015,0,ggGGGGrrr,1019.0
1020,1,ggyyyyrrr,1023.0
1025,2,GGrrrrrrr,1028.0
1030,3,yyrrrrrrr,1031.0
1035,4,rrrrrrGGG,1036.0
1040,5,rrrrrrrrr,1041.0
1045,0,ggGGGGrrr,1046.0
1050,0,ggGGGGrrr,1052.0
1055,0,ggGGGGrrr,1057.0
1060,0,ggGGGGrrr,1061.0
1065,1,ggyyyyrrr,1067.0
1070,2,GGrrrrrrr,1072.0
1075,4,rrrrrrGGG,1080.0
1080,5,rrrrrrrrr,1085.0
1085,0,ggGGGGrrr,1090.0
1090,0,ggGGGGrrr,1091.0
1095,2,GGrrrrrrr,1099.0
1100,3,yyrrrrrrr,1102.0
1105,4,rrrrrrGGG,1107.0
1110,5,rrrrrrrrr,1112.0
1115,0,ggGGGGrrr,1117.0
1120,1,ggyyyyrrr,1122.0
1125,2,GGrrrrrrr,1127.0
1130,4,rrrrrrGGG,1135.0
1135,5,rrrrrrrrr,1140.0
1140,0,ggGGGGrrr,1145.0
1145,1,ggyyyyrrr,1148.0
1150,2,GGrrrrrrr,1153.0
1155,3,yyrrrrrrr,1156.0
1160,4,rrrrrrGGG,1161.0
1165,5,rrrrrrrrr,1166.0
1170,0,ggGGGGrrr,1171.0
1175,0,ggGGGGrrr,1177.0
1180,0,ggGGGGrrr,1181.0
1185,0,ggGGGGrrr,1186.0
1190,0,ggGGGGrrr,1192.0
1195,0,ggGGGGrrr,1196.0
1200,0,ggGGGGrrr,1201.0
1205,0,ggGGGGrrr,1206.0
1210,2,GGrrrrrrr,1214.0
1215,3,yyrrrrrrr,1217.0
1220,4,rrrrrrGGG,1222.0
1225,5,rrrrrrrrr,1227.0
1230,0,ggGGGGrrr,1232.0
1235,2,GGrrrrrrr,1240.0
1240,3,yyrrrrrrr,1243.0
1245,4,rrrrrrGGG,1248.0
1250,5,rrrrrrrrr,1253.0
1255,0,ggGGGGrrr,1258.0
1260,1,ggyyyyrrr,1261.0
1265,2,GGrrrrrrr,1266.0
1270,4,rrrrrrGGG,1274.0
1275,5,rrrrrrrrr,1279.0
1280,0,ggGGGGrrr,1284.0
1285,0,ggGGGGrrr,1286.0
1290,1,ggyyyyrrr,1291.0
1295,2,GGrrrrrrr,1296.0
1300,4,rrrrrrGGG,1304.0
1305,5,rrrrrrrrr,1309.0
1310,0,ggGGGGrrr,1314.0
1315,0,ggGGGGrrr,1316.0
1320,1,ggyyyyrrr,1321.0
1325,2,GGrrrrrrr,1326.0
1330,4,rrrrrrGGG,1334.0
1335,5,rrrrrrrrr,1339.0
1340,0,ggGGGGrrr,1344.0
1345,0,ggGGGGrrr,1346.0
1350,1,ggyyyyrrr,1352.0
1355,2,GGrrrrrrr,1357.0
1360,4,rrrrrrGGG,1365.0
1365,5,rrrrrrrrr,1370.0
1370,0,ggGGGGrrr,1375.0
1375,0,ggGGGGrrr,1377.0
1380,0,ggGGGGrrr,1381.0
1385,1,ggyyyyrrr,1386.0
1390,2,GGrrrrrrr,1391.0
1395,4,rrrrrrGGG,1399.0
1400,5,rrrrrrrrr,1404.0
1405,0,ggGGGGrrr,1409.0
1410,0,ggGGGGrrr,1411.0
1415,1,ggyyyyrrr,1416.0
1420,2,GGrrrrrrr,1421.0
1425,4,rrrrrrGGG,1429.0
1430,5,rrrrrrrrr,1434.0
1435,0,ggGGGGrrr,1439.0
1440,1,ggyyyyrrr,1442.0
1445,2,GGrrrrrrr,1447.0
1450,4,rrrrrrGGG,1455.0
1455,5,rrrrrrrrr,1460.0
1460,0,ggGGGGrrr,1465.0
1465,0,ggGGGGrrr,1467.0
1470,0,ggGGGGrrr,1471.0
1475,0,ggGGGGrrr,1476.0
1480,2,GGrrrrrrr,1484.0
1485,3,yyrrrrrrr,1487.0
1490,4,rrrrrrGGG,1492.0
1495,5,rrrrrrrrr,1497.0
1500,0,ggGGGGrrr,1502.0
1505,2,GGrrrrrrr,1510.0
1510,3,yyrrrrrrr,1513.0
1515,4,rrrrrrGGG,1518.0
1520,5,rrrrrrrrr,1523.0
1525,0,ggGGGGrrr,1528.0
1530,1,ggyyyyrrr,1531.0
1535,2,GGrrrrrrr,1536.0
1540,4,rrrrrrGGG,1544.0
1545,5,rrrrrrrrr,1549.0
1550,0,ggGGGGrrr,1554.0
1555,1,ggyyyyrrr,1557.0
1560,2,GGrrrrrrr,1562.0
1565,4,rrrrrrGGG,1570.0
1570,5,rrrrrrrrr,1575.0
1575,0,ggGGGGrrr,1580.0
1580,0,ggGGGGrrr,1581.0
1585,2,GGrrrrrrr,1590.0
1590,3,yyrrrrrrr,1593.0
1595,4,rrrrrrGGG,1598.0
1600,5,rrrrrrrrr,1603.0
1605,0,ggGGGGrrr,1608.0
1610,1,ggyyyyrrr,1611.0
1615,2,GGrrrrrrr,1616.0
1620,4,rrrrrrGGG,1624.0
1625,5,rrrrrrrrr,1629.0
1630,0,ggGGGGrrr,1634.0
1635,0,ggGGGGrrr,1636.0
1640,0,ggGGGGrrr,1642.0
1645,1,ggyyyyrrr,1646.0
1650,2,GGrrrrrrr,1651.0
1655,4,rrrrrrGGG,1659.0
1660,5,rrrrrrrrr,1664.0
1665,0,ggGGGGrrr,1669.0
1670,0,ggGGGGrrr,1671.0
1675,1,ggyyyyrrr,1676.0
1680,2,GGrrrrrrr,1681.0
1685,4,rrrrrrGGG,1689.0
1690,5,rrrrrrrrr,1694.0
1695,0,ggGGGGrrr,1699.0
1700,1,ggyyyyrrr,1702.0
1705,2,GGrrrrrrr,1707.0
1710,4,rrrrrrGGG,1715.0
1715,5,rrrrrrrrr,1720.0
1720,0,ggGGGGrrr,1725.0
1725,1,ggyyyyrrr,1728.0
1730,2,GGrrrrrrr,1733.0
1735,3,yyrrrrrrr,1736.0
1740,4,rrrrrrGGG,1741.0
1745,5,rrrrrrrrr,1746.0
1750,0,ggGGGGrrr,1751.0
1755,0,ggGGGGrrr,1757.0
1760,0,ggGGGGrrr,1761.0
1765,0,ggGGGGrrr,1767.0
1770,0,ggGGGGrrr,1771.0
1775,0,ggGGGGrrr,1777.0
1780,0,ggGGGGrrr,1781.0
1785,0,ggGGGGrrr,1786.0
1790,2,GGrrrrrrr,1794.0
1795,3,yyrrrrrrr,1797.0
1800,4,rrrrrrGGG,1802.0
1805,5,rrrrrrrrr,1807.0
1810,0,ggGGGGrrr,1812.0
1815,2,GGrrrrrrr,1820.0
1820,3,yyrrrrrrr,1823.0
1825,4,rrrrrrGGG,1828.0
1830,5,rrrrrrrrr,1833.0
1835,0,ggGGGGrrr,1838.0
1840,0,ggGGGGrrr,1842.0
1845,0,ggGGGGrrr,1846.0
1850,0,ggGGGGrrr,1851.0
1855,2,GGrrrrrrr,1859.0
1860,3,yyrrrrrrr,1862.0
1865,4,rrrrrrGGG,1867.0
1870,5,rrrrrrrrr,1872.0
1875,0,ggGGGGrrr,1877.0
1880,0,ggGGGGrrr,1881.0
1885,0,ggGGGGrrr,1886.0
1890,2,GGrrrrrrr,1895.0
1895,3,yyrrrrrrr,1898.0
1900,4,rrrrrrGGG,1903.0
1905,5,rrrrrrrrr,1908.0
1910,0,ggGGGGrrr,1913.0
1915,1,ggyyyyrrr,1916.0
1920,2,GGrrrrrrr,1921.0
1925,4,rrrrrrGGG,1929.0
1930,5,rrrrrrrrr,1934.0
1935,0,ggGGGGrrr,1939.0
1940,0,ggGGGGrrr,1941.0
1945,0,ggGGGGrrr,1947.0
1950,0,ggGGGGrrr,1951.0
1955,0,ggGGGGrrr,1957.0
1960,0,ggGGGGrrr,1961.0
1965,1,ggyyyyrrr,1968.0
1970,2,GGrrrrrrr,1973.0
1975,3,yyrrrrrrr,1976.0
1980,4,rrrrrrGGG,1981.0
1985,5,rrrrrrrrr,1986.0
1990,0,ggGGGGrrr,1991.0
1995,2,GGrrrrrrr,1999.0
2000,3,yyrrrrrrr,2002.0
2005,4,rrrrrrGGG,2007.0
2010,5,rrrrrrrrr,2012.0
2015,0,ggGGGGrrr,2017.0
2020,2,GGrrrrrrr,2025.0
2025,3,yyrrrrrrr,2028.0
2030,4,rrrrrrGGG,2033.0
2035,5,rrrrrrrrr,2038.0
2040,0,ggGGGGrrr,2043.0
2045,0,ggGGGGrrr,2047.0
2050,0,ggGGGGrrr,2051.0
2055,0,ggGGGGrrr,2056.0
2060,2,GGrrrrrrr,2065.0
2065,3,yyrrrrrrr,2068.0
2070,4,rrrrrrGGG,2073.0
2075,5,rrrrrrrrr,2078.0
2080,0,ggGGGGrrr,2083.0
2085,1,ggyyyyrrr,2086.0
2090,2,GGrrrrrrr,2091.0
2095,4,rrrrrrGGG,2099.0
2100,5,rrrrrrrrr,2104.0
2105,0,ggGGGGrrr,2109.0
2110,1,ggyyyyrrr,2112.0
2115,2,GGrrrrrrr,2117.0
2120,4,rrrrrrGGG,2125.0
2125,5,rrrrrrrrr,2130.0
2130,0,ggGGGGrrr,2135.0
2135,0,ggGGGGrrr,2137.0
2140,0,ggGGGGrrr,2141.0
2145,0,ggGGGGrrr,2146.0
2150,2,GGrrrrrrr,2155.0
2155,3,yyrrrrrrr,2158.0
2160,4,rrrrrrGGG,2163.0
2165,5,rrrrrrrrr,2168.0
2170,0,ggGGGGrrr,2173.0
2175,1,ggyyyyrrr,2176.0
2180,2,GGrrrrrrr,2181.0
2185,4,rrrrrrGGG,2189.0
2190,5,rrrrrrrrr,2194.0
2195,0,ggGGGGrrr,2199.0
2200,0,ggGGGGrrr,2202.0
2205,1,ggyyyyrrr,2207.0
2210,2,GGrrrrrrr,2212.0
2215,4,rrrrrrGGG,2220.0
2220,5,rrrrrrrrr,2225.0
2225,0,ggGGGGrrr,2230.0
2230,0,ggGGGGrrr,2232.0
2235,0,ggGGGGrrr,2236.0
2240,0,ggGGGGrrr,2241.0
2245,2,GGrrrrrrr,2250.0
2250,3,yyrrrrrrr,2253.0
2255,4,rrrrrrGGG,2258.0
2260,5,rrrrrrrrr,2263.0
2265,0,ggGGGGrrr,2268.0
2270,1,ggyyyyrrr,2271.0
2275,2,GGrrrrrrr,2276.0
2280,4,rrrrrrGGG,2284.0
2285,5,rrrrrrrrr,2289.0
2290,0,ggGGGGrrr,2294.0
2295,1,ggyyyyrrr,2297.0
2300,2,GGrrrrrrr,2302.0
2305,4,rrrrrrGGG,2310.0
2310,5,rrrrrrrrr,2315.0
2315,0,ggGGGGrrr,2320.0
2320,0,ggGGGGrrr,2322.0
2325,0,ggGGGGrrr,2326.0
2330,0,ggGGGGrrr,2332.0
2335,1,ggyyyyrrr,2338.0
2340,2,GGrrrrrrr,2343.0
2345,3,yyrrrrrrr,2346.0
2350,4,rrrrrrGGG,2351.0
2355,5,rrrrrrrrr,2356.0
2360,0,ggGGGGrrr,2361.0
2365,0,ggGGGGrrr,2366.0
2370,0,ggGGGGrrr,2371.0
2375,1,ggyyyyrrr,2376.0
2380,2,GGrrrrrrr,2381.0
2385,4,rrrrrrGGG,2389.0
2390,5,rrrrrrrrr,2394.0
2395,0,ggGGGGrrr,2399.0
2400,1,ggyyyyrrr,2402.0
2405,2,GGrrrrrrr,2407.0
2410,4,rrrrrrGGG,2415.0
2415,5,rrrrrrrrr,2420.0
2420,0,ggGGGGrrr,2425.0
2425,0,ggGGGGrrr,2427.0
2430,1,ggyyyyrrr,2432.0
2435,2,GGrrrrrrr,2437.0
2440,4,rrrrrrGGG,2445.0
2445,5,rrrrrrrrr,2450.0
2450,0,ggGGGGrrr,2455.0
2455,0,ggGGGGrrr,2457.0
2460,0,ggGGGGrrr,2461.0
2465,0,ggGGGGrrr,2466.0
2470,2,GGrrrrrrr,2475.0
2475,3,yyrrrrrrr,2478.0
2480,4,rrrrrrGGG,2483.0
2485,5,rrrrrrrrr,2488.0
2490,0,ggGGGGrrr,2493.0
2495,1,ggyyyyrrr,2496.0
2500,2,GGrrrrrrr,2501.0
2505,4,rrrrrrGGG,2509.0
2510,5,rrrrrrrrr,2514.0
2515,0,ggGGGGrrr,2519.0
2520,0,ggGGGGrrr,2522.0
2525,1,ggyyyyrrr,2527.0
2530,2,GGrrrrrrr,2532.0
2535,4,rrrrrrGGG,2540.0
2540,5,rrrrrrrrr,2545.0
2545,0,ggGGGGrrr,2550.0
2550,0,ggGGGGrrr,2552.0
2555,0,ggGGGGrrr,2556.0
2560,1,ggyyyyrrr,2562.0
2565,2,GGrrrrrrr,2567.0
2570,4,rrrrrrGGG,2575.0
2575,5,rrrrrrrrr,2580.0
2580,0,ggGGGGrrr,2585.0
2585,1,ggyyyyrrr,2588.0
2590,2,GGrrrrrrr,2593.0
2595,3,yyrrrrrrr,2596.0
2600,4,rrrrrrGGG,2601.0
2605,5,rrrrrrrrr,2606.0
2610,0,ggGGGGrrr,2611.0
2615,1,ggyyyyrrr,2617.0
2620,2,GGrrrrrrr,2622.0
2625,4,rrrrrrGGG,2630.0
2630,5,rrrrrrrrr,2635.0
2635,0,ggGGGGrrr,2640.0
2640,0,ggGGGGrrr,2641.0
2645,2,GGrrrrrrr,2649.0
2650,3,yyrrrrrrr,2652.0
2655,4,rrrrrrGGG,2657.0
2660,5,rrrrrrrrr,2662.0
2665,0,ggGGGGrrr,2667.0
2670,0,ggGGGGrrr,2671.0
2675,0,ggGGGGrrr,2677.0
2680,1,ggyyyyrrr,2681.0
2685,2,GGrrrrrrr,2686.0
2690,3,yyrrrrrrr,2692.0
2695,4,rrrrrrGGG,2697.0
2700,5,rrrrrrrrr,2702.0
2705,0,ggGGGGrrr,2707.0
2710,1,ggyyyyrrr,2712.0
2715,2,GGrrrrrrr,2717.0
2720,4,rrrrrrGGG,2725.0
2725,5,rrrrrrrrr,2730.0
2730,0,ggGGGGrrr,2735.0
2735,0,ggGGGGrrr,2737.0
2740,0,ggGGGGrrr,2742.0
2745,0,ggGGGGrrr,2746.0
2750,1,ggyyyyrrr,2753.0
2755,2,GGrrrrrrr,2758.0
2760,3,yyrrrrrrr,2761.0
2765,4,rrrrrrGGG,2766.0
2770,5,rrrrrrrrr,2771.0
2775,0,ggGGGGrrr,2776.0
2780,0,ggGGGGrrr,2782.0
2785,0,ggGGGGrrr,2786.0
2790,0,ggGGGGrrr,2791.0
2795,2,GGrrrrrrr,2800.0
2800,3,yyrrrrrrr,2803.0
2805,4,rrrrrrGGG,2808.0
2810,5,rrrrrrrrr,2813.0
2815,0,ggGGGGrrr,2818.0
2820,1,ggyyyyrrr,2821.0
2825,2,GGrrrrrrr,2826.0
2830,4,rrrrrrGGG,2834.0
2835,5,rrrrrrrrr,2839.0
2840,0,ggGGGGrrr,2844.0
2845,0,ggGGGGrrr,2846.0
2850,0,ggGGGGrrr,2852.0
2855,0,ggGGGGrrr,2857.0
2860,0,ggGGGGrrr,2862.0
2865,0,ggGGGGrrr,2866.0
2870,0,ggGGGGrrr,2871.0
2875,2,GGrrrrrrr,2879.0
2880,3,yyrrrrrrr,2882.0
2885,4,rrrrrrGGG,2887.0
2890,5,rrrrrrrrr,2892.0
2895,0,ggGGGGrrr,2897.0
2900,0,ggGGGGrrr,2901.0
2905,0,ggGGGGrrr,2907.0
2910,0,ggGGGGrrr,2911.0
2915,0,ggGGGGrrr,2917.0
2920,0,ggGGGGrrr,2921.0
2925,0,ggGGGGrrr,2927.0
2930,1,ggyyyyrrr,2933.0
2935,2,GGrrrrrrr,2938.0
2940,3,yyrrrrrrr,2941.0
2945,4,rrrrrrGGG,2946.0
2950,5,rrrrrrrrr,2951.0
2955,0,ggGGGGrrr,2956.0
2960,0,ggGGGGrrr,2961.0
2965,2,GGrrrrrrr,2970.0
2970,3,yyrrrrrrr,2973.0
2975,4,rrrrrrGGG,2978.0
2980,5,rrrrrrrrr,2983.0
2985,0,ggGGGGrrr,2988.0
2990,0,ggGGGGrrr,2992.0
2995,0,ggGGGGrrr,2996.0
3000,2,GGrrrrrrr,3004.0
3005,3,yyrrrrrrr,3007.0
3010,4,rrrrrrGGG,3012.0
3015,5,rrrrrrrrr,3017.0
3020,0,ggGGGGrrr,3022.0
3025,0,ggGGGGrrr,3026.0
3030,0,ggGGGGrrr,3032.0
3035,0,ggGGGGrrr,3036.0
3040,1,ggyyyyrrr,3041.0
3045,2,GGrrrrrrr,3046.0
3050,4,rrrrrrGGG,3054.0
3055,5,rrrrrrrrr,3059.0
3060,0,ggGGGGrrr,3064.0
3065,1,ggyyyyrrr,3067.0
3070,2,GGrrrrrrr,3072.0
3075,4,rrrrrrGGG,3080.0
3080,5,rrrrrrrrr,3085.0
3085,0,ggGGGGrrr,3090.0
3090,1,ggyyyyrrr,3093.0
3095,2,GGrrrrrrr,3098.0
3100,3,yyrrrrrrr,3101.0
3105,4,rrrrrrGGG,3106.0
3110,5,rrrrrrrrr,3111.0
3115,0,ggGGGGrrr,3116.0
3120,1,ggyyyyrrr,3121.0
3125,2,GGrrrrrrr,3126.0
3130,4,rrrrrrGGG,3134.0
3135,5,rrrrrrrrr,3139.0
3140,0,ggGGGGrrr,3144.0
3145,0,ggGGGGrrr,3146.0
3150,0,ggGGGGrrr,3152.0
3155,0,ggGGGGrrr,3156.0
3160,2,GGrrrrrrr,3165.0
3165,3,yyrrrrrrr,3168.0
3170,4,rrrrrrGGG,3173.0
3175,5,rrrrrrrrr,3178.0
3180,0,ggGGGGrrr,3183.0
3185,1,ggyyyyrrr,3186.0
3190,2,GGrrrrrrr,3191.0
3195,4,rrrrrrGGG,3199.0
3200,5,rrrrrrrrr,3204.0
3205,0,ggGGGGrrr,3209.0
3210,1,ggyyyyrrr,3212.0
3215,2,GGrrrrrrr,3217.0
3220,4,rrrrrrGGG,3225.0
3225,5,rrrrrrrrr,3230.0
3230,0,ggGGGGrrr,3235.0
3235,0,ggGGGGrrr,3236.0
3240,0,ggGGGGrrr,3242.0
3245,0,ggGGGGrrr,3246.0
3250,0,ggGGGGrrr,3251.0
3255,0,ggGGGGrrr,3257.0
3260,0,ggGGGGrrr,3261.0
3265,0,ggGGGGrrr,3267.0
3270,0,ggGGGGrrr,3271.0
3275,0,ggGGGGrrr,3276.0
3280,2,GGrrrrrrr,3285.0
3285,3,yyrrrrrrr,3288.0
3290,4,rrrrrrGGG,3293.0
3295,5,rrrrrrrrr,3298.0
3300,0,ggGGGGrrr,3303.0
3305,1,ggyyyyrrr,3306.0
3310,2,GGrrrrrrr,3311.0
3315,4,rrrrrrGGG,3319.0
3320,5,rrrrrrrrr,3324.0
3325,0,ggGGGGrrr,3329.0
3330,0,ggGGGGrrr,3331.0
3335,0,ggGGGGrrr,3337.0
3340,0,ggGGGGrrr,3341.0
3345,1,ggyyyyrrr,3347.0
3350,2,GGrrrrrrr,3352.0
3355,4,rrrrrrGGG,3360.0
3360,5,rrrrrrrrr,3365.0
3365,0,ggGGGGrrr,3370.0
3370,0,ggGGGGrrr,3372.0
3375,1,ggyyyyrrr,3376.0
3380,2,GGrrrrrrr,3381.0
3385,4,rrrrrrGGG,3389.0
3390,5,rrrrrrrrr,3394.0
3395,0,ggGGGGrrr,3399.0
3400,0,ggGGGGrrr,3401.0
3405,0,ggGGGGrrr,3407.0
3410,0,ggGGGGrrr,3411.0
3415,2,GGrrrrrrr,3419.0
3420,3,yyrrrrrrr,3422.0
3425,4,rrrrrrGGG,3427.0
3430,5,rrrrrrrrr,3432.0
3435,0,ggGGGGrrr,3437.0
3440,1,ggyyyyrrr,3443.0
3445,2,GGrrrrrrr,3448.0
3450,3,yyrrrrrrr,3451.0
3455,4,rrrrrrGGG,3456.0
3460,5,rrrrrrrrr,3461.0
3465,0,ggGGGGrrr,3466.0
3470,0,ggGGGGrrr,3472.0
3475,0,ggGGGGrrr,3476.0
3480,1,ggyyyyrrr,3481.0
3485,2,GGrrrrrrr,3486.0
3490,4,rrrrrrGGG,3494.0
3495,5,rrrrrrrrr,3499.0
3500,0,ggGGGGrrr,3504.0
3505,1,ggyyyyrrr,3507.0
3510,2,GGrrrrrrr,3512.0
3515,4,rrrrrrGGG,3520.0
3520,5,rrrrrrrrr,3525.0
3525,0,ggGGGGrrr,3530.0
3530,0,ggGGGGrrr,3531.0
3535,2,GGrrrrrrr,3540.0
3540,3,yyrrrrrrr,3543.0
3545,4,rrrrrrGGG,3548.0
3550,5,rrrrrrrrr,3553.0
3555,0,ggGGGGrrr,3558.0
3560,1,ggyyyyrrr,3561.0
3565,2,GGrrrrrrr,3566.0
3570,4,rrrrrrGGG,3574.0
3575,5,rrrrrrrrr,3579.0
3580,0,ggGGGGrrr,3584.0
3585,1,ggyyyyrrr,3587.0
3590,2,GGrrrrrrr,3592.0
3595,4,rrrrrrGGG,3600.0
3600,5,rrrrrrrrr,3605.0
3605,0,ggGGGGrrr,3610.0
3610,0,ggGGGGrrr,3612.0
3615,0,ggGGGGrrr,3616.0
3620,2,GGrrrrrrr,3625.0
3625,3,yyrrrrrrr,3628.0
3630,4,rrrrrrGGG,3633.0
3635,5,rrrrrrrrr,3638.0
3640,0,ggGGGGrrr,3643.0
3645,0,ggGGGGrrr,3647.0
3650,0,ggGGGGrrr,3651.0
3655,0,ggGGGGrrr,3657.0
3660,1,ggyyyyrrr,3662.0
3665,2,GGrrrrrrr,3667.0
3670,4,rrrrrrGGG,3675.0
3675,5,rrrrrrrrr,3680.0
3680,0,ggGGGGrrr,3685.0
3685,1,ggyyyyrrr,3688.0
3690,2,GGrrrrrrr,3693.0
3695,3,yyrrrrrrr,3696.0
3700,4,rrrrrrGGG,3701.0
3705,5,rrrrrrrrr,3706.0
3710,0,ggGGGGrrr,3711.0
3715,1,ggyyyyrrr,3717.0
3720,2,GGrrrrrrr,3722.0
3725,4,rrrrrrGGG,3730.0
3730,5,rrrrrrrrr,3735.0
3735,0,ggGGGGrrr,3740.0
3740,0,ggGGGGrrr,3741.0
3745,0,ggGGGGrrr,3747.0
3750,0,ggGGGGrrr,3752.0
3755,0,ggGGGGrrr,3757.0
3760,0,ggGGGGrrr,3761.0
3765,1,ggyyyyrrr,3766.0
3770,2,GGrrrrrrr,3771.0
3775,4,rrrrrrGGG,3779.0
3780,5,rrrrrrrrr,3784.0
3785,0,ggGGGGrrr,3789.0
3790,1,ggyyyyrrr,3792.0
3795,2,GGrrrrrrr,3797.0
3800,4,rrrrrrGGG,3805.0
3805,5,rrrrrrrrr,3810.0
3810,0,ggGGGGrrr,3815.0
3815,0,ggGGGGrrr,3817.0
3820,1,ggyyyyrrr,3822.0
3825,2,GGrrrrrrr,3827.0
3830,4,rrrrrrGGG,3835.0
3835,5,rrrrrrrrr,3840.0
3840,0,ggGGGGrrr,3845.0
3845,1,ggyyyyrrr,3848.0
3850,2,GGrrrrrrr,3853.0
3855,3,yyrrrrrrr,3856.0
3860,4,rrrrrrGGG,3861.0
3865,5,rrrrrrrrr,3866.0
3870,0,ggGGGGrrr,3871.0
3875,2,GGrrrrrrr,3879.0
3880,3,yyrrrrrrr,3882.0
3885,4,rrrrrrGGG,3887.0
3890,5,rrrrrrrrr,3892.0
3895,0,ggGGGGrrr,3897.0
3900,1,ggyyyyrrr,3902.0
3905,2,GGrrrrrrr,3907.0
3910,4,rrrrrrGGG,3915.0
3915,5,rrrrrrrrr,3920.0
3920,0,ggGGGGrrr,3925.0
3925,0,ggGGGGrrr,3927.0
3930,0,ggGGGGrrr,3931.0
3935,0,ggGGGGrrr,3936.0
3940,2,GGrrrrrrr,3944.0
3945,3,yyrrrrrrr,3947.0
3950,4,rrrrrrGGG,3952.0
3955,5,rrrrrrrrr,3957.0
3960,0,ggGGGGrrr,3962.0
3965,2,GGrrrrrrr,3970.0
3970,3,yyrrrrrrr,3973.0
3975,4,rrrrrrGGG,3978.0
3980,5,rrrrrrrrr,3983.0
3985,0,ggGGGGrrr,3988.0
3990,0,ggGGGGrrr,3991.0
3995,2,GGrrrrrrr,3999.0
4000,3,yyrrrrrrr,4002.0
4005,4,rrrrrrGGG,4007.0
4010,5,rrrrrrrrr,4012.0
4015,0,ggGGGGrrr,4017.0
4020,2,GGrrrrrrr,4025.0
4025,3,yyrrrrrrr,4028.0
4030,4,rrrrrrGGG,4033.0
4035,5,rrrrrrrrr,4038.0
4040,0,ggGGGGrrr,4043.0
4045,0,ggGGGGrrr,4047.0
4050,0,ggGGGGrrr,4051.0
4055,0,ggGGGGrrr,4056.0
4060,0,ggGGGGrrr,4062.0
4065,1,ggyyyyrrr,4066.0
4070,2,GGrrrrrrr,4071.0
4075,4,rrrrrrGGG,4079.0
4080,5,rrrrrrrrr,4084.0
4085,0,ggGGGGrrr,4089.0
4090,1,ggyyyyrrr,4092.0
4095,2,GGrrrrrrr,4097.0
4100,4,rrrrrrGGG,4105.0
4105,5,rrrrrrrrr,4110.0
4110,0,ggGGGGrrr,4115.0
4115,1,ggyyyyrrr,4118.0
4120,2,GGrrrrrrr,4123.0
4125,3,yyrrrrrrr,4126.0
4130,4,rrrrrrGGG,4131.0
4135,5,rrrrrrrrr,4136.0
4140,0,ggGGGGrrr,4141.0
4145,2,GGrrrrrrr,4149.0
4150,3,yyrrrrrrr,4152.0
4155,4,rrrrrrGGG,4157.0
4160,5,rrrrrrrrr,4162.0
4165,0,ggGGGGrrr,4167.0
4170,2,GGrrrrrrr,4175.0
4175,3,yyrrrrrrr,4178.0
4180,4,rrrrrrGGG,4183.0
4185,5,rrrrrrrrr,4188.0
4190,0,ggGGGGrrr,4193.0
4195,1,ggyyyyrrr,4196.0
4200,2,GGrrrrrrr,4201.0
4205,4,rrrrrrGGG,4209.0
4210,5,rrrrrrrrr,4214.0
4215,0,ggGGGGrrr,4219.0
4220,1,ggyyyyrrr,4222.0
4225,2,GGrrrrrrr,4227.0
4230,4,rrrrrrGGG,4235.0
4235,5,rrrrrrrrr,4240.0
4240,0,ggGGGGrrr,4245.0
4245,1,ggyyyyrrr,4248.0
4250,2,GGrrrrrrr,4253.0
4255,3,yyrrrrrrr,4256.0
4260,4,rrrrrrGGG,4261.0
4265,5,rrrrrrrrr,4266.0
4270,0,ggGGGGrrr,4271.0
4275,2,GGrrrrrrr,4279.0
4280,3,yyrrrrrrr,4282.0
4285,4,rrrrrrGGG,4287.0
4290,5,rrrrrrrrr,4292.0
4295,0,ggGGGGrrr,4297.0
4300,2,GGrrrrrrr,4305.0
4305,3,yyrrrrrrr,4308.0
4310,4,rrrrrrGGG,4313.0
4315,5,rrrrrrrrr,4318.0
4320,0,ggGGGGrrr,4323.0
4325,1,ggyyyyrrr,4326.0
4330,2,GGrrrrrrr,4331.0
4335,4,rrrrrrGGG,4339.0
4340,5,rrrrrrrrr,4344.0
4345,0,ggGGGGrrr,4349.0
4350,1,ggyyyyrrr,4352.0
4355,2,GGrrrrrrr,4357.0
4360,4,rrrrrrGGG,4365.0
4365,5,rrrrrrrrr,4370.0
4370,0,ggGGGGrrr,4375.0
4375,1,ggyyyyrrr,4378.0
4380,2,GGrrrrrrr,4383.0
4385,3,yyrrrrrrr,4386.0
4390,4,rrrrrrGGG,4391.0
4395,5,rrrrrrrrr,4396.0
4400,0,ggGGGGrrr,4401.0
4405,2,GGrrrrrrr,4409.0
4410,2,GGrrrrrrr,4411.0
4415,4,rrrrrrGGG,4420.0
4420,5,rrrrrrrrr,4425.0
4425,0,ggGGGGrrr,4430.0
4430,1,ggyyyyrrr,4433.0
4435,2,GGrrrrrrr,4438.0
4440,3,yyrrrrrrr,4441.0
4445,4,rrrrrrGGG,4446.0
4450,5,rrrrrrrrr,4451.0
4455,0,ggGGGGrrr,4456.0
4460,2,GGrrrrrrr,4464.0
4465,3,yyrrrrrrr,4467.0
4470,4,rrrrrrGGG,4472.0
4475,5,rrrrrrrrr,4477.0
4480,0,ggGGGGrrr,4482.0
4485,2,GGrrrrrrr,4490.0
4490,3,yyrrrrrrr,4493.0
4495,4,rrrrrrGGG,4498.0
4500,5,rrrrrrrrr,4503.0
4505,0,ggGGGGrrr,4508.0
4510,1,ggyyyyrrr,4511.0
4515,2,GGrrrrrrr,4516.0
4520,4,rrrrrrGGG,4524.0
4525,5,rrrrrrrrr,4529.0
4530,0,ggGGGGrrr,4534.0
4535,1,ggyyyyrrr,4537.0
4540,2,GGrrrrrrr,4542.0
4545,4,rrrrrrGGG,4550.0
4550,5,rrrrrrrrr,4555.0
4555,0,ggGGGGrrr,4560.0
4560,1,ggyyyyrrr,4563.0
4565,2,GGrrrrrrr,4568.0
4570,3,yyrrrrrrr,4571.0
4575,4,rrrrrrGGG,4576.0
4580,5,rrrrrrrrr,4581.0
4585,0,ggGGGGrrr,4586.0
4590,2,GGrrrrrrr,4594.0
4595,3,yyrrrrrrr,4597.0
4600,4,rrrrrrGGG,4602.0
4605,5,rrrrrrrrr,4607.0
4610,0,ggGGGGrrr,4612.0
4615,2,GGrrrrrrr,4620.0
4620,3,yyrrrrrrr,4623.0
4625,4,rrrrrrGGG,4628.0
4630,5,rrrrrrrrr,4633.0
4635,0,ggGGGGrrr,4638.0
4640,1,ggyyyyrrr,4641.0
4645,2,GGrrrrrrr,4646.0
4650,4,rrrrrrGGG,4654.0
4655,5,rrrrrrrrr,4659.0
4660,0,ggGGGGrrr,4664.0
4665,1,ggyyyyrrr,4667.0
4670,2,GGrrrrrrr,4672.0
4675,4,rrrrrrGGG,4680.0
4680,5,rrrrrrrrr,4685.0
4685,0,ggGGGGrrr,4690.0
4690,1,ggyyyyrrr,4693.0
4695,2,GGrrrrrrr,4698.0
4700,3,yyrrrrrrr,4701.0
4705,4,rrrrrrGGG,4706.0
4710,5,rrrrrrrrr,4711.0
4715,0,ggGGGGrrr,4716.0
4720,2,GGrrrrrrr,4724.0
4725,3,yyrrrrrrr,4727.0
4730,4,rrrrrrGGG,4732.0
4735,5,rrrrrrrrr,4737.0
4740,0,ggGGGGrrr,4742.0
4745,2,GGrrrrrrr,4750.0
4750,3,yyrrrrrrr,4753.0
4755,4,rrrrrrGGG,4758.0
4760,5,rrrrrrrrr,4763.0
4765,0,ggGGGGrrr,4768.0
4770,1,ggyyyyrrr,4771.0
4775,2,GGrrrrrrr,4776.0
4780,4,rrrrrrGGG,4784.0
4785,5,rrrrrrrrr,4789.0
4790,0,ggGGGGrrr,4794.0
4795,1,ggyyyyrrr,4797.0
4800,2,GGrrrrrrr,4802.0
4805,4,rrrrrrGGG,4810.0
4810,5,rrrrrrrrr,4815.0
4815,0,ggGGGGrrr,4820.0
4820,1,ggyyyyrrr,4823.0
4825,2,GGrrrrrrr,4828.0
4830,3,yyrrrrrrr,4831.0
4835,4,rrrrrrGGG,4836.0
4840,5,rrrrrrrrr,4841.0
4845,0,ggGGGGrrr,4846.0
4850,2,GGrrrrrrr,4854.0
4855,3,yyrrrrrrr,4857.0
4860,4,rrrrrrGGG,4862.0
4865,5,rrrrrrrrr,4867.0
4870,0,ggGGGGrrr,4872.0
4875,2,GGrrrrrrr,4880.0
4880,3,yyrrrrrrr,4883.0
4885,4,rrrrrrGGG,4888.0
4890,5,rrrrrrrrr,4893.0
4895,0,ggGGGGrrr,4898.0
4900,1,ggyyyyrrr,4901.0
4905,2,GGrrrrrrr,4906.0
4910,4,rrrrrrGGG,4914.0
4915,5,rrrrrrrrr,4919.0
4920,0,ggGGGGrrr,4924.0
4925,1,ggyyyyrrr,4927.0
4930,2,GGrrrrrrr,4932.0
4935,4,rrrrrrGGG,4940.0
4940,5,rrrrrrrrr,4945.0
4945,0,ggGGGGrrr,4950.0
4950,1,ggyyyyrrr,4953.0
4955,2,GGrrrrrrr,4958.0
4960,3,yyrrrrrrr,4961.0
4965,4,rrrrrrGGG,4966.0
4970,5,rrrrrrrrr,4971.0
4975,0,ggGGGGrrr,4976.0
4980,2,GGrrrrrrr,4984.0
4985,3,yyrrrrrrr,4987.0
4990,4,rrrrrrGGG,4992.0
4995,5,rrrrrrrrr,4997.0
5000,0,ggGGGGrrr,5002.0
5005,2,GGrrrrrrr,5010.0
5010,3,yyrrrrrrr,5013.0
5015,4,rrrrrrGGG,5018.0
5020,5,rrrrrrrrr,5023.0
5025,0,ggGGGGrrr,5028.0
5030,1,ggyyyyrrr,5031.0
5035,2,GGrrrrrrr,5036.0
5040,4,rrrrrrGGG,5044.0
5045,5,rrrrrrrrr,5049.0
5050,0,ggGGGGrrr,5054.0
5055,1,ggyyyyrrr,5057.0
5060,2,GGrrrrrrr,5062.0
5065,4,rrrrrrGGG,5070.0
5070,5,rrrrrrrrr,5075.0
5075,0,ggGGGGrrr,5080.0
5080,1,ggyyyyrrr,5083.0
5085,2,GGrrrrrrr,5088.0
5090,3,yyrrrrrrr,5091.0
5095,4,rrrrrrGGG,5096.0
5100,5,rrrrrrrrr,5101.0
5105,0,ggGGGGrrr,5106.0
5110,2,GGrrrrrrr,5114.0
5115,3,yyrrrrrrr,5117.0
5120,4,rrrrrrGGG,5122.0
5125,5,rrrrrrrrr,5127.0
5130,0,ggGGGGrrr,5132.0
5135,2,GGrrrrrrr,5140.0
5140,3,yyrrrrrrr,5143.0
5145,4,rrrrrrGGG,5148.0
5150,5,rrrrrrrrr,5153.0
5155,0,ggGGGGrrr,5158.0
5160,1,ggyyyyrrr,5161.0
5165,2,GGrrrrrrr,5166.0
5170,4,rrrrrrGGG,5174.0
5175,5,rrrrrrrrr,5179.0
5180,0,ggGGGGrrr,5184.0
5185,1,ggyyyyrrr,5187.0
5190,2,GGrrrrrrr,5192.0
5195,4,rrrrrrGGG,5200.0
5200,5,rrrrrrrrr,5205.0
5205,0,ggGGGGrrr,5210.0
5210,1,ggyyyyrrr,5213.0
5215,2,GGrrrrrrr,5218.0
5220,3,yyrrrrrrr,5221.0
5225,4,rrrrrrGGG,5226.0
5230,5,rrrrrrrrr,5231.0
5235,0,ggGGGGrrr,5236.0
5240,2,GGrrrrrrr,5244.0
5245,3,yyrrrrrrr,5247.0
5250,4,rrrrrrGGG,5252.0
5255,5,rrrrrrrrr,5257.0
5260,0,ggGGGGrrr,5262.0
5265,2,GGrrrrrrr,5270.0
5270,3,yyrrrrrrr,5273.0
5275,4,rrrrrrGGG,5278.0
5280,5,rrrrrrrrr,5283.0
5285,0,ggGGGGrrr,5288.0
5290,1,ggyyyyrrr,5291.0
5295,2,GGrrrrrrr,5296.0
5300,4,rrrrrrGGG,5304.0
5305,5,rrrrrrrrr,5309.0
5310,0,ggGGGGrrr,5314.0
5315,1,ggyyyyrrr,5317.0
5320,2,GGrrrrrrr,5322.0
5325,4,rrrrrrGGG,5330.0
5330,5,rrrrrrrrr,5335.0
5335,0,ggGGGGrrr,5340.0
5340,1,ggyyyyrrr,5343.0
5345,2,GGrrrrrrr,5348.0
5350,3,yyrrrrrrr,5351.0
5355,4,rrrrrrGGG,5356.0
5360,5,rrrrrrrrr,5361.0
5365,0,ggGGGGrrr,5366.0
5370,2,GGrrrrrrr,5374.0
5375,3,yyrrrrrrr,5377.0
5380,4,rrrrrrGGG,5382.0
5385,5,rrrrrrrrr,5387.0
5390,0,ggGGGGrrr,5392.0
5395,2,GGrrrrrrr,5400.0
5400,3,yyrrrrrrr,5403.0
5405,4,rrrrrrGGG,5408.0
5410,5,rrrrrrrrr,5413.0
5415,0,ggGGGGrrr,5418.0
5420,1,ggyyyyrrr,5421.0
5425,2,GGrrrrrrr,5426.0
5430,4,rrrrrrGGG,5434.0
5435,5,rrrrrrrrr,5439.0
5440,0,ggGGGGrrr,5444.0
5445,1,ggyyyyrrr,5447.0
5450,2,GGrrrrrrr,5452.0
5455,4,rrrrrrGGG,5460.0
5460,5,rrrrrrrrr,5465.0
5465,0,ggGGGGrrr,5470.0
5470,1,ggyyyyrrr,5473.0
5475,2,GGrrrrrrr,5478.0
5480,3,yyrrrrrrr,5481.0
5485,4,rrrrrrGGG,5486.0
5490,5,rrrrrrrrr,5491.0
5495,0,ggGGGGrrr,5496.0
5500,2,GGrrrrrrr,5504.0
5505,3,yyrrrrrrr,5507.0
5510,4,rrrrrrGGG,5512.0
5515,5,rrrrrrrrr,5517.0
5520,0,ggGGGGrrr,5522.0
5525,2,GGrrrrrrr,5530.0
5530,3,yyrrrrrrr,5533.0
5535,4,rrrrrrGGG,5538.0
5540,5,rrrrrrrrr,5543.0
5545,0,ggGGGGrrr,5548.0
5550,1,ggyyyyrrr,5551.0
5555,2,GGrrrrrrr,5556.0
5560,4,rrrrrrGGG,5564.0
5565,5,rrrrrrrrr,5569.0
5570,0,ggGGGGrrr,5574.0
5575,1,ggyyyyrrr,5577.0
5580,2,GGrrrrrrr,5582.0
5585,4,rrrrrrGGG,5590.0
5590,5,rrrrrrrrr,5595.0
5595,0,ggGGGGrrr,5600.0
5600,1,ggyyyyrrr,5603.0
5605,2,GGrrrrrrr,5608.0
5610,3,yyrrrrrrr,5611.0
5615,4,rrrrrrGGG,5616.0
5620,5,rrrrrrrrr,5621.0
5625,0,ggGGGGrrr,5626.0
5630,2,GGrrrrrrr,5634.0
5635,3,yyrrrrrrr,5637.0
5640,4,rrrrrrGGG,5642.0
5645,5,rrrrrrrrr,5647.0
5650,0,ggGGGGrrr,5652.0
5655,2,GGrrrrrrr,5660.0
5660,3,yyrrrrrrr,5663.0
5665,4,rrrrrrGGG,5668.0
5670,5,rrrrrrrrr,5673.0
5675,0,ggGGGGrrr,5678.0
5680,1,ggyyyyrrr,5681.0
5685,2,GGrrrrrrr,5686.0
5690,4,rrrrrrGGG,5694.0
5695,5,rrrrrrrrr,5699.0
5700,0,ggGGGGrrr,5704.0
5705,1,ggyyyyrrr,5707.0
5710,2,GGrrrrrrr,5712.0
5715,4,rrrrrrGGG,5720.0
5720,5,rrrrrrrrr,5725.0
5725,0,ggGGGGrrr,5730.0
5730,1,ggyyyyrrr,5733.0
5735,2,GGrrrrrrr,5738.0
5740,3,yyrrrrrrr,5741.0
5745,4,rrrrrrGGG,5746.0
5750,5,rrrrrrrrr,5751.0
5755,0,ggGGGGrrr,5756.0
5760,2,GGrrrrrrr,5764.0
5765,3,yyrrrrrrr,5767.0
5770,4,rrrrrrGGG,5772.0
5775,5,rrrrrrrrr,5777.0
5780,0,ggGGGGrrr,5782.0
5785,2,GGrrrrrrr,5790.0
5790,3,yyrrrrrrr,5793.0
5795,4,rrrrrrGGG,5798.0
5800,5,rrrrrrrrr,5803.0
5805,0,ggGGGGrrr,5808.0
5810,1,ggyyyyrrr,5811.0
5815,2,GGrrrrrrr,5816.0
5820,4,rrrrrrGGG,5824.0
5825,5,rrrrrrrrr,5829.0
5830,0,ggGGGGrrr,5834.0
5835,1,ggyyyyrrr,5837.0
5840,2,GGrrrrrrr,5842.0
5845,4,rrrrrrGGG,5850.0
5850,5,rrrrrrrrr,5855.0
5855,0,ggGGGGrrr,5860.0
5860,1,ggyyyyrrr,5863.0
5865,2,GGrrrrrrr,5868.0
5870,3,yyrrrrrrr,5871.0
5875,4,rrrrrrGGG,5876.0
5880,5,rrrrrrrrr,5881.0
5885,0,ggGGGGrrr,5886.0
5890,2,GGrrrrrrr,5894.0
5895,3,yyrrrrrrr,5897.0
5900,4,rrrrrrGGG,5902.0
5905,5,rrrrrrrrr,5907.0
5910,0,ggGGGGrrr,5912.0
5915,2,GGrrrrrrr,5920.0
5920,3,yyrrrrrrr,5923.0
5925,4,rrrrrrGGG,5928.0
5930,5,rrrrrrrrr,5933.0
5935,0,ggGGGGrrr,5938.0
5940,1,ggyyyyrrr,5941.0
5945,2,GGrrrrrrr,5946.0
5950,4,rrrrrrGGG,5954.0
5955,5,rrrrrrrrr,5959.0
5960,0,ggGGGGrrr,5964.0
5965,1,ggyyyyrrr,5967.0
5970,2,GGrrrrrrr,5972.0
5975,4,rrrrrrGGG,5980.0
5980,5,rrrrrrrrr,5985.0
5985,0,ggGGGGrrr,5990.0
5990,1,ggyyyyrrr,5993.0
5995,2,GGrrrrrrr,5998.0
6000,3,yyrrrrrrr,6001.0
6005,4,rrrrrrGGG,6006.0
6010,5,rrrrrrrrr,6011.0
6015,0,ggGGGGrrr,6016.0
6020,2,GGrrrrrrr,6024.0
6025,3,yyrrrrrrr,6027.0
6030,4,rrrrrrGGG,6032.0
6035,5,rrrrrrrrr,6037.0
6040,0,ggGGGGrrr,6042.0
6045,2,GGrrrrrrr,6050.0
6050,3,yyrrrrrrr,6053.0
6055,4,rrrrrrGGG,6058.0
6060,5,rrrrrrrrr,6063.0
6065,0,ggGGGGrrr,6068.0
6070,1,ggyyyyrrr,6071.0
6075,2,GGrrrrrrr,6076.0
6080,4,rrrrrrGGG,6084.0
6085,5,rrrrrrrrr,6089.0
6090,0,ggGGGGrrr,6094.0
6095,1,ggyyyyrrr,6097.0
6100,2,GGrrrrrrr,6102.0
6105,4,rrrrrrGGG,6110.0
6110,5,rrrrrrrrr,6115.0
6115,0,ggGGGGrrr,6120.0
6120,1,ggyyyyrrr,6123.0
6125,2,GGrrrrrrr,6128.0
6130,3,yyrrrrrrr,6131.0
6135,4,rrrrrrGGG,6136.0
6140,5,rrrrrrrrr,6141.0
6145,0,ggGGGGrrr,6146.0
6150,2,GGrrrrrrr,6154.0
6155,3,yyrrrrrrr,6157.0
6160,4,rrrrrrGGG,6162.0
6165,5,rrrrrrrrr,6167.0
6170,0,ggGGGGrrr,6172.0
6175,2,GGrrrrrrr,6180.0
6180,3,yyrrrrrrr,6183.0
6185,4,rrrrrrGGG,6188.0
6190,5,rrrrrrrrr,6193.0
6195,0,ggGGGGrrr,6198.0
6200,1,ggyyyyrrr,6201.0
6205,2,GGrrrrrrr,6206.0
6210,4,rrrrrrGGG,6214.0
6215,5,rrrrrrrrr,6219.0
6220,0,ggGGGGrrr,6224.0
6225,1,ggyyyyrrr,6227.0
6230,2,GGrrrrrrr,6232.0
6235,4,rrrrrrGGG,6240.0
6240,5,rrrrrrrrr,6245.0
6245,0,ggGGGGrrr,6250.0
6250,1,ggyyyyrrr,6253.0
6255,2,GGrrrrrrr,6258.0
6260,3,yyrrrrrrr,6261.0
6265,4,rrrrrrGGG,6266.0
6270,5,rrrrrrrrr,6271.0
6275,0,ggGGGGrrr,6276.0
6280,2,GGrrrrrrr,6284.0
6285,3,yyrrrrrrr,6287.0
6290,4,rrrrrrGGG,6292.0
6295,5,rrrrrrrrr,6297.0
6300,0,ggGGGGrrr,6302.0
6305,2,GGrrrrrrr,6310.0
6310,3,yyrrrrrrr,6313.0
6315,4,rrrrrrGGG,6318.0
6320,5,rrrrrrrrr,6323.0
6325,0,ggGGGGrrr,6328.0
6330,1,ggyyyyrrr,6331.0
6335,2,GGrrrrrrr,6336.0
6340,4,rrrrrrGGG,6344.0
6345,5,rrrrrrrrr,6349.0
6350,0,ggGGGGrrr,6354.0
6355,1,ggyyyyrrr,6357.0
6360,2,GGrrrrrrr,6362.0
6365,4,rrrrrrGGG,6370.0
6370,5,rrrrrrrrr,6375.0
6375,0,ggGGGGrrr,6380.0
6380,1,ggyyyyrrr,6383.0
6385,2,GGrrrrrrr,6388.0
6390,3,yyrrrrrrr,6391.0
6395,4,rrrrrrGGG,6396.0
6400,5,rrrrrrrrr,6401.0
6405,0,ggGGGGrrr,6406.0
6410,2,GGrrrrrrr,6414.0
6415,3,yyrrrrrrr,6417.0
6420,4,rrrrrrGGG,6422.0
6425,5,rrrrrrrrr,6427.0
6430,0,ggGGGGrrr,6432.0
6435,2,GGrrrrrrr,6440.0
6440,3,yyrrrrrrr,6443.0
6445,4,rrrrrrGGG,6448.0
6450,5,rrrrrrrrr,6453.0
6455,0,ggGGGGrrr,6458.0
6460,1,ggyyyyrrr,6461.0
6465,2,GGrrrrrrr,6466.0
6470,4,rrrrrrGGG,6474.0
6475,5,rrrrrrrrr,6479.0
6480,0,ggGGGGrrr,6484.0
6485,1,ggyyyyrrr,6487.0
6490,2,GGrrrrrrr,6492.0
6495,4,rrrrrrGGG,6500.0
6500,5,rrrrrrrrr,6505.0
6505,0,ggGGGGrrr,6510.0
6510,1,ggyyyyrrr,6513.0
6515,2,GGrrrrrrr,6518.0
6520,3,yyrrrrrrr,6521.0
6525,4,rrrrrrGGG,6526.0
6530,5,rrrrrrrrr,6531.0
6535,0,ggGGGGrrr,6536.0
6540,2,GGrrrrrrr,6544.0
6545,3,yyrrrrrrr,6547.0
6550,4,rrrrrrGGG,6552.0
6555,5,rrrrrrrrr,6557.0
6560,0,ggGGGGrrr,6562.0
6565,2,GGrrrrrrr,6570.0
6570,3,yyrrrrrrr,6573.0
6575,4,rrrrrrGGG,6578.0
6580,5,rrrrrrrrr,6583.0
6585,0,ggGGGGrrr,6588.0
6590,1,ggyyyyrrr,6591.0
6595,2,GGrrrrrrr,6596.0
6600,4,rrrrrrGGG,6604.0
6605,5,rrrrrrrrr,6609.0
6610,0,ggGGGGrrr,6614.0
6615,1,ggyyyyrrr,6617.0
6620,2,GGrrrrrrr,6622.0
6625,4,rrrrrrGGG,6630.0
6630,5,rrrrrrrrr,6635.0
6635,0,ggGGGGrrr,6640.0
6640,1,ggyyyyrrr,6643.0
6645,2,GGrrrrrrr,6648.0
6650,3,yyrrrrrrr,6651.0
6655,4,rrrrrrGGG,6656.0
6660,5,rrrrrrrrr,6661.0
6665,0,ggGGGGrrr,6666.0
6670,2,GGrrrrrrr,6674.0
6675,3,yyrrrrrrr,6677.0
6680,4,rrrrrrGGG,6682.0
6685,5,rrrrrrrrr,6687.0
6690,0,ggGGGGrrr,6692.0
6695,2,GGrrrrrrr,6700.0
6700,3,yyrrrrrrr,6703.0
6705,4,rrrrrrGGG,6708.0
6710,5,rrrrrrrrr,6713.0
6715,0,ggGGGGrrr,6718.0
6720,1,ggyyyyrrr,6721.0
6725,2,GGrrrrrrr,6726.0
6730,4,rrrrrrGGG,6734.0
6735,5,rrrrrrrrr,6739.0
6740,0,ggGGGGrrr,6744.0
6745,1,ggyyyyrrr,6747.0
6750,2,GGrrrrrrr,6752.0
6755,4,rrrrrrGGG,6760.0
6760,5,rrrrrrrrr,6765.0
6765,0,ggGGGGrrr,6770.0
6770,1,ggyyyyrrr,6773.0
6775,2,GGrrrrrrr,6778.0
6780,3,yyrrrrrrr,6781.0
6785,4,rrrrrrGGG,6786.0
6790,5,rrrrrrrrr,6791.0
6795,0,ggGGGGrrr,6796.0
6800,2,GGrrrrrrr,6804.0
6805,3,yyrrrrrrr,6807.0
6810,4,rrrrrrGGG,6812.0
6815,5,rrrrrrrrr,6817.0
6820,0,ggGGGGrrr,6822.0
6825,2,GGrrrrrrr,6830.0
6830,3,yyrrrrrrr,6833.0
6835,4,rrrrrrGGG,6838.0
6840,5,rrrrrrrrr,6843.0
6845,0,ggGGGGrrr,6848.0
6850,1,ggyyyyrrr,6851.0
6855,2,GGrrrrrrr,6856.0
6860,4,rrrrrrGGG,6864.0
6865,5,rrrrrrrrr,6869.0
6870,0,ggGGGGrrr,6874.0
6875,1,ggyyyyrrr,6877.0
6880,2,GGrrrrrrr,6882.0
6885,4,rrrrrrGGG,6890.0
6890,5,rrrrrrrrr,6895.0
6895,0,ggGGGGrrr,6900.0
6900,1,ggyyyyrrr,6903.0
6905,2,GGrrrrrrr,6908.0
6910,3,yyrrrrrrr,6911.0
6915,4,rrrrrrGGG,6916.0
6920,5,rrrrrrrrr,6921.0
6925,0,ggGGGGrrr,6926.0
6930,2,GGrrrrrrr,6934.0
6935,3,yyrrrrrrr,6937.0
6940,4,rrrrrrGGG,6942.0
6945,5,rrrrrrrrr,6947.0
6950,0,ggGGGGrrr,6952.0
6955,2,GGrrrrrrr,6960.0
6960,3,yyrrrrrrr,6963.0
6965,4,rrrrrrGGG,6968.0
6970,5,rrrrrrrrr,6973.0
6975,0,ggGGGGrrr,6978.0
6980,1,ggyyyyrrr,6981.0
6985,2,GGrrrrrrr,6986.0
6990,4,rrrrrrGGG,6994.0
6995,5,rrrrrrrrr,6999.0
7000,0,ggGGGGrrr,7004.0
7005,1,ggyyyyrrr,7007.0
7010,2,GGrrrrrrr,7012.0
7015,4,rrrrrrGGG,7020.0
7020,5,rrrrrrrrr,7025.0
7025,0,ggGGGGrrr,7030.0
7030,1,ggyyyyrrr,7033.0
7035,2,GGrrrrrrr,7038.0
7040,3,yyrrrrrrr,7041.0
7045,4,rrrrrrGGG,7046.0
7050,5,rrrrrrrrr,7051.0
7055,0,ggGGGGrrr,7056.0
7060,2,GGrrrrrrr,7064.0
7065,3,yyrrrrrrr,7067.0
7070,4,rrrrrrGGG,7072.0
7075,5,rrrrrrrrr,7077.0
7080,0,ggGGGGrrr,7082.0
7085,2,GGrrrrrrr,7090.0
7090,3,yyrrrrrrr,7093.0
7095,4,rrrrrrGGG,7098.0
7100,5,rrrrrrrrr,7103.0
7105,0,ggGGGGrrr,7108.0
7110,1,ggyyyyrrr,7111.0
7115,2,GGrrrrrrr,7116.0
7120,4,rrrrrrGGG,7124.0
7125,5,rrrrrrrrr,7129.0
7130,0,ggGGGGrrr,7134.0
7135,1,ggyyyyrrr,7137.0
7140,2,GGrrrrrrr,7142.0
7145,4,rrrrrrGGG,7150.0
7150,5,rrrrrrrrr,7155.0
7155,0,ggGGGGrrr,7160.0
7160,1,ggyyyyrrr,7163.0
7165,2,GGrrrrrrr,7168.0
7170,3,yyrrrrrrr,7171.0
7175,4,rrrrrrGGG,7176.0
7180,5,rrrrrrrrr,7181.0
7185,0,ggGGGGrrr,7186.0
7190,2,GGrrrrrrr,7194.0
7195,3,yyrrrrrrr,7197.0
7200,4,rrrrrrGGG,7202.0
7205,5,rrrrrrrrr,7207.0
7210,0,ggGGGGrrr,7212.0
7215,2,GGrrrrrrr,7220.0
7220,3,yyrrrrrrr,7223.0
7225,4,rrrrrrGGG,7228.0
7230,5,rrrrrrrrr,7233.0
7235,0,ggGGGGrrr,7238.0
7240,1,ggyyyyrrr,7241.0
7245,2,GGrrrrrrr,7246.0
7250,4,rrrrrrGGG,7254.0
7255,5,rrrrrrrrr,7259.0
7260,0,ggGGGGrrr,7264.0
7265,1,ggyyyyrrr,7267.0
7270,2,GGrrrrrrr,7272.0
7275,4,rrrrrrGGG,7280.0
7280,5,rrrrrrrrr,7285.0
7285,0,ggGGGGrrr,7290.0
7290,1,ggyyyyrrr,7293.0
7295,2,GGrrrrrrr,7298.0
7300,3,yyrrrrrrr,7301.0
7305,4,rrrrrrGGG,7306.0
7310,5,rrrrrrrrr,7311.0
7315,0,ggGGGGrrr,7316.0
7320,2,GGrrrrrrr,7324.0
7325,3,yyrrrrrrr,7327.0
7330,4,rrrrrrGGG,7332.0
7335,5,rrrrrrrrr,7337.0
7340,0,ggGGGGrrr,7342.0
7345,2,GGrrrrrrr,7350.0
7350,3,yyrrrrrrr,7353.0
7355,4,rrrrrrGGG,7358.0
7360,5,rrrrrrrrr,7363.0
7365,0,ggGGGGrrr,7368.0
7370,1,ggyyyyrrr,7371.0
7375,2,GGrrrrrrr,7376.0
7380,4,rrrrrrGGG,7384.0
7385,5,rrrrrrrrr,7389.0
7390,0,ggGGGGrrr,7394.0
7395,1,ggyyyyrrr,7397.0
7400,2,GGrrrrrrr,7402.0
7405,4,rrrrrrGGG,7410.0
7410,5,rrrrrrrrr,7415.0
7415,0,ggGGGGrrr,7420.0
7420,1,ggyyyyrrr,7423.0
7425,2,GGrrrrrrr,7428.0
7430,3,yyrrrrrrr,7431.0
7435,4,rrrrrrGGG,7436.0
7440,5,rrrrrrrrr,7441.0
7445,0,ggGGGGrrr,7446.0
7450,2,GGrrrrrrr,7454.0
7455,3,yyrrrrrrr,7457.0
7460,4,rrrrrrGGG,7462.0
7465,5,rrrrrrrrr,7467.0
7470,0,ggGGGGrrr,7472.0
7475,2,GGrrrrrrr,7480.0
7480,3,yyrrrrrrr,7483.0
7485,4,rrrrrrGGG,7488.0
7490,5,rrrrrrrrr,7493.0
7495,0,ggGGGGrrr,7498.0
7500,1,ggyyyyrrr,7501.0
7505,2,GGrrrrrrr,7506.0
7510,4,rrrrrrGGG,7514.0
7515,5,rrrrrrrrr,7519.0
7520,0,ggGGGGrrr,7524.0
7525,1,ggyyyyrrr,7527.0
7530,2,GGrrrrrrr,7532.0
7535,4,rrrrrrGGG,7540.0
7540,5,rrrrrrrrr,7545.0
7545,0,ggGGGGrrr,7550.0
7550,1,ggyyyyrrr,7553.0
7555,2,GGrrrrrrr,7558.0
7560,3,yyrrrrrrr,7561.0
7565,4,rrrrrrGGG,7566.0
7570,5,rrrrrrrrr,7571.0
7575,0,ggGGGGrrr,7576.0
7580,2,GGrrrrrrr,7584.0
7585,3,yyrrrrrrr,7587.0
7590,4,rrrrrrGGG,7592.0
7595,5,rrrrrrrrr,7597.0
7600,0,ggGGGGrrr,7602.0
7605,2,GGrrrrrrr,7610.0
7610,3,yyrrrrrrr,7613.0
7615,4,rrrrrrGGG,7618.0
7620,5,rrrrrrrrr,7623.0
7625,0,ggGGGGrrr,7628.0
7630,1,ggyyyyrrr,7631.0
7635,2,GGrrrrrrr,7636.0
7640,4,rrrrrrGGG,7644.0
7645,5,rrrrrrrrr,7649.0
7650,0,ggGGGGrrr,7654.0
7655,1,ggyyyyrrr,7657.0
7660,2,GGrrrrrrr,7662.0
7665,4,rrrrrrGGG,7670.0
7670,5,rrrrrrrrr,7675.0
7675,0,ggGGGGrrr,7680.0
7680,1,ggyyyyrrr,7683.0
7685,2,GGrrrrrrr,7688.0
7690,3,yyrrrrrrr,7691.0
7695,4,rrrrrrGGG,7696.0
7700,5,rrrrrrrrr,7701.0
7705,0,ggGGGGrrr,7706.0
7710,2,GGrrrrrrr,7714.0
7715,3,yyrrrrrrr,7717.0
7720,4,rrrrrrGGG,7722.0
7725,5,rrrrrrrrr,7727.0
7730,0,ggGGGGrrr,7732.0
7735,2,GGrrrrrrr,7740.0
7740,3,yyrrrrrrr,7743.0
7745,4,rrrrrrGGG,7748.0
7750,5,rrrrrrrrr,7753.0
7755,0,ggGGGGrrr,7758.0
7760,1,ggyyyyrrr,7761.0
7765,2,GGrrrrrrr,7766.0
7770,4,rrrrrrGGG,7774.0
7775,5,rrrrrrrrr,7779.0
7780,0,ggGGGGrrr,7784.0
7785,1,ggyyyyrrr,7787.0
7790,2,GGrrrrrrr,7792.0
7795,4,rrrrrrGGG,7800.0
7800,5,rrrrrrrrr,7805.0
7805,0,ggGGGGrrr,7810.0
7810,1,ggyyyyrrr,7813.0
7815,2,GGrrrrrrr,7818.0
7820,3,yyrrrrrrr,7821.0
7825,4,rrrrrrGGG,7826.0
7830,5,rrrrrrrrr,7831.0
7835,0,ggGGGGrrr,7836.0
7840,2,GGrrrrrrr,7844.0
7845,3,yyrrrrrrr,7847.0
7850,4,rrrrrrGGG,7852.0
7855,5,rrrrrrrrr,7857.0
7860,0,ggGGGGrrr,7862.0
7865,2,GGrrrrrrr,7870.0
7870,3,yyrrrrrrr,7873.0
7875,4,rrrrrrGGG,7878.0
7880,5,rrrrrrrrr,7883.0
7885,0,ggGGGGrrr,7888.0
7890,1,ggyyyyrrr,7891.0
7895,2,GGrrrrrrr,7896.0
7900,4,rrrrrrGGG,7904.0
7905,5,rrrrrrrrr,7909.0
7910,0,ggGGGGrrr,7914.0
7915,1,ggyyyyrrr,7917.0
7920,2,GGrrrrrrr,7922.0
7925,4,rrrrrrGGG,7930.0
7930,5,rrrrrrrrr,7935.0
7935,0,ggGGGGrrr,7940.0
7940,1,ggyyyyrrr,7943.0
7945,2,GGrrrrrrr,7948.0
7950,3,yyrrrrrrr,7951.0
7955,4,rrrrrrGGG,7956.0
7960,5,rrrrrrrrr,7961.0
7965,0,ggGGGGrrr,7966.0
7970,2,GGrrrrrrr,7974.0
7975,3,yyrrrrrrr,7977.0
7980,4,rrrrrrGGG,7982.0
7985,5,rrrrrrrrr,7987.0
7990,0,ggGGGGrrr,7992.0
7995,2,GGrrrrrrr,8000.0
8000,3,yyrrrrrrr,8003.0
8005,4,rrrrrrGGG,8008.0
8010,5,rrrrrrrrr,8013.0
8015,0,ggGGGGrrr,8018.0
8020,1,ggyyyyrrr,8021.0
8025,2,GGrrrrrrr,8026.0
8030,4,rrrrrrGGG,8034.0
8035,5,rrrrrrrrr,8039.0
8040,0,ggGGGGrrr,8044.0
8045,1,ggyyyyrrr,8047.0
8050,2,GGrrrrrrr,8052.0
8055,4,rrrrrrGGG,8060.0
8060,5,rrrrrrrrr,8065.0
8065,0,ggGGGGrrr,8070.0
8070,1,ggyyyyrrr,8073.0
8075,2,GGrrrrrrr,8078.0
8080,3,yyrrrrrrr,8081.0
8085,4,rrrrrrGGG,8086.0
8090,5,rrrrrrrrr,8091.0
8095,0,ggGGGGrrr,8096.0
8100,2,GGrrrrrrr,8104.0
8105,3,yyrrrrrrr,8107.0
8110,4,rrrrrrGGG,8112.0
8115,5,rrrrrrrrr,8117.0
8120,0,ggGGGGrrr,8122.0
8125,2,GGrrrrrrr,8130.0
8130,3,yyrrrrrrr,8133.0
8135,4,rrrrrrGGG,8138.0
8140,5,rrrrrrrrr,8143.0
8145,0,ggGGGGrrr,8148.0
8150,1,ggyyyyrrr,8151.0
8155,2,GGrrrrrrr,8156.0
8160,4,rrrrrrGGG,8164.0
8165,5,rrrrrrrrr,8169.0
8170,0,ggGGGGrrr,8174.0
8175,1,ggyyyyrrr,8177.0
8180,2,GGrrrrrrr,8182.0
8185,4,rrrrrrGGG,8190.0
8190,5,rrrrrrrrr,8195.0
8195,0,ggGGGGrrr,8200.0
8200,1,ggyyyyrrr,8203.0
8205,2,GGrrrrrrr,8208.0
8210,3,yyrrrrrrr,8211.0
8215,4,rrrrrrGGG,8216.0
8220,5,rrrrrrrrr,8221.0
8225,0,ggGGGGrrr,8226.0
8230,2,GGrrrrrrr,8234.0
8235,3,yyrrrrrrr,8237.0
8240,4,rrrrrrGGG,8242.0
8245,5,rrrrrrrrr,8247.0
8250,0,ggGGGGrrr,8252.0
8255,2,GGrrrrrrr,8260.0
8260,3,yyrrrrrrr,8263.0
8265,4,rrrrrrGGG,8268.0
8270,5,rrrrrrrrr,8273.0
8275,0,ggGGGGrrr,8278.0
8280,1,ggyyyyrrr,8281.0
8285,2,GGrrrrrrr,8286.0
8290,4,rrrrrrGGG,8294.0
8295,5,rrrrrrrrr,8299.0
8300,0,ggGGGGrrr,8304.0
8305,1,ggyyyyrrr,8307.0
8310,2,GGrrrrrrr,8312.0
8315,4,rrrrrrGGG,8320.0
8320,5,rrrrrrrrr,8325.0
8325,0,ggGGGGrrr,8330.0
8330,1,ggyyyyrrr,8333.0
8335,2,GGrrrrrrr,8338.0
8340,3,yyrrrrrrr,8341.0
8345,4,rrrrrrGGG,8346.0
8350,5,rrrrrrrrr,8351.0
8355,0,ggGGGGrrr,8356.0
8360,2,GGrrrrrrr,8364.0
8365,3,yyrrrrrrr,8367.0
8370,4,rrrrrrGGG,8372.0
8375,5,rrrrrrrrr,8377.0
8380,0,ggGGGGrrr,8382.0
8385,2,GGrrrrrrr,8390.0
8390,3,yyrrrrrrr,8393.0
8395,4,rrrrrrGGG,8398.0
8400,5,rrrrrrrrr,8403.0
8405,0,ggGGGGrrr,8408.0
8410,1,ggyyyyrrr,8411.0
8415,2,GGrrrrrrr,8416.0
8420,4,rrrrrrGGG,8424.0
8425,5,rrrrrrrrr,8429.0
8430,0,ggGGGGrrr,8434.0
8435,1,ggyyyyrrr,8437.0
8440,2,GGrrrrrrr,8442.0
8445,4,rrrrrrGGG,8450.0
8450,5,rrrrrrrrr,8455.0
8455,0,ggGGGGrrr,8460.0
8460,1,ggyyyyrrr,8463.0
8465,2,GGrrrrrrr,8468.0
8470,3,yyrrrrrrr,8471.0
8475,4,rrrrrrGGG,8476.0
8480,5,rrrrrrrrr,8481.0
8485,0,ggGGGGrrr,8486.0
8490,2,GGrrrrrrr,8494.0
8495,3,yyrrrrrrr,8497.0
8500,4,rrrrrrGGG,8502.0
8505,5,rrrrrrrrr,8507.0
8510,0,ggGGGGrrr,8512.0
8515,2,GGrrrrrrr,8520.0
8520,3,yyrrrrrrr,8523.0
8525,4,rrrrrrGGG,8528.0
8530,5,rrrrrrrrr,8533.0
8535,0,ggGGGGrrr,8538.0
8540,1,ggyyyyrrr,8541.0
8545,2,GGrrrrrrr,8546.0
8550,4,rrrrrrGGG,8554.0
8555,5,rrrrrrrrr,8559.0
8560,0,ggGGGGrrr,8564.0
8565,1,ggyyyyrrr,8567.0
8570,2,GGrrrrrrr,8572.0
8575,4,rrrrrrGGG,8580.0
8580,5,rrrrrrrrr,8585.0
8585,0,ggGGGGrrr,8590.0
8590,1,ggyyyyrrr,8593.0
8595,2,GGrrrrrrr,8598.0
8600,3,yyrrrrrrr,8601.0
8605,4,rrrrrrGGG,8606.0
8610,5,rrrrrrrrr,8611.0
8615,0,ggGGGGrrr,8616.0
8620,2,GGrrrrrrr,8624.0
8625,3,yyrrrrrrr,8627.0
8630,4,rrrrrrGGG,8632.0
8635,5,rrrrrrrrr,8637.0
8640,0,ggGGGGrrr,8642.0
8645,2,GGrrrrrrr,8650.0
8650,3,yyrrrrrrr,8653.0
8655,4,rrrrrrGGG,8658.0
8660,5,rrrrrrrrr,8663.0
8665,0,ggGGGGrrr,8668.0
8670,1,ggyyyyrrr,8671.0
8675,2,GGrrrrrrr,8676.0
8680,4,rrrrrrGGG,8684.0
8685,5,rrrrrrrrr,8689.0
8690,0,ggGGGGrrr,8694.0
8695,1,ggyyyyrrr,8697.0
8700,2,GGrrrrrrr,8702.0
8705,4,rrrrrrGGG,8710.0
8710,5,rrrrrrrrr,8715.0
8715,0,ggGGGGrrr,8720.0
8720,1,ggyyyyrrr,8723.0
8725,2,GGrrrrrrr,8728.0
8730,3,yyrrrrrrr,8731.0
8735,4,rrrrrrGGG,8736.0
8740,5,rrrrrrrrr,8741.0
8745,0,ggGGGGrrr,8746.0
8750,2,GGrrrrrrr,8754.0
8755,3,yyrrrrrrr,8757.0
8760,4,rrrrrrGGG,8762.0
8765,5,rrrrrrrrr,8767.0
8770,0,ggGGGGrrr,8772.0
8775,2,GGrrrrrrr,8780.0
8780,3,yyrrrrrrr,8783.0
8785,4,rrrrrrGGG,8788.0
8790,5,rrrrrrrrr,8793.0
8795,0,ggGGGGrrr,8798.0
8800,1,ggyyyyrrr,8801.0
8805,2,GGrrrrrrr,8806.0
8810,4,rrrrrrGGG,8814.0
8815,5,rrrrrrrrr,8819.0
8820,0,ggGGGGrrr,8824.0
8825,1,ggyyyyrrr,8827.0
8830,2,GGrrrrrrr,8832.0
8835,4,rrrrrrGGG,8840.0
8840,5,rrrrrrrrr,8845.0
8845,0,ggGGGGrrr,8850.0
8850,1,ggyyyyrrr,8853.0
8855,2,GGrrrrrrr,8858.0
8860,3,yyrrrrrrr,8861.0
8865,4,rrrrrrGGG,8866.0
8870,5,rrrrrrrrr,8871.0
8875,0,ggGGGGrrr,8876.0
8880,2,GGrrrrrrr,8884.0
8885,3,yyrrrrrrr,8887.0
8890,4,rrrrrrGGG,8892.0
8895,5,rrrrrrrrr,8897.0
8900,0,ggGGGGrrr,8902.0
8905,2,GGrrrrrrr,8910.0
8910,3,yyrrrrrrr,8913.0
8915,4,rrrrrrGGG,8918.0
8920,5,rrrrrrrrr,8923.0
8925,0,ggGGGGrrr,8928.0
8930,1,ggyyyyrrr,8931.0
8935,2,GGrrrrrrr,8936.0
8940,4,rrrrrrGGG,8944.0
8945,5,rrrrrrrrr,8949.0
8950,0,ggGGGGrrr,8954.0
8955,1,ggyyyyrrr,8957.0
8960,2,GGrrrrrrr,8962.0
8965,4,rrrrrrGGG,8970.0
8970,5,rrrrrrrrr,8975.0
8975,0,ggGGGGrrr,8980.0
8980,1,ggyyyyrrr,8983.0
8985,2,GGrrrrrrr,8988.0
8990,3,yyrrrrrrr,8991.0
8995,4,rrrrrrGGG,8996.0
9000,5,rrrrrrrrr,9001.0
9005,0,ggGGGGrrr,9006.0
9010,2,GGrrrrrrr,9014.0
9015,3,yyrrrrrrr,9017.0
9020,4,rrrrrrGGG,9022.0
9025,5,rrrrrrrrr,9027.0
9030,0,ggGGGGrrr,9032.0
9035,2,GGrrrrrrr,9040.0
9040,3,yyrrrrrrr,9043.0
9045,4,rrrrrrGGG,9048.0
9050,5,rrrrrrrrr,9053.0
9055,0,ggGGGGrrr,9058.0
9060,1,ggyyyyrrr,9061.0
9065,2,GGrrrrrrr,9066.0
9070,4,rrrrrrGGG,9074.0
9075,5,rrrrrrrrr,9079.0
9080,0,ggGGGGrrr,9084.0
9085,1,ggyyyyrrr,9087.0
9090,2,GGrrrrrrr,9092.0
9095,4,rrrrrrGGG,9100.0
9100,5,rrrrrrrrr,9105.0
9105,0,ggGGGGrrr,9110.0
9110,1,ggyyyyrrr,9113.0
9115,2,GGrrrrrrr,9118.0
9120,3,yyrrrrrrr,9121.0
9125,4,rrrrrrGGG,9126.0
9130,5,rrrrrrrrr,9131.0
9135,0,ggGGGGrrr,9136.0
9140,2,GGrrrrrrr,9144.0
9145,3,yyrrrrrrr,9147.0
9150,4,rrrrrrGGG,9152.0
9155,5,rrrrrrrrr,9157.0
9160,0,ggGGGGrrr,9162.0
9165,2,GGrrrrrrr,9170.0
9170,3,yyrrrrrrr,9173.0
9175,4,rrrrrrGGG,9178.0
9180,5,rrrrrrrrr,9183.0
9185,0,ggGGGGrrr,9188.0
9190,1,ggyyyyrrr,9191.0
9195,2,GGrrrrrrr,9196.0
9200,4,rrrrrrGGG,9204.0
9205,5,rrrrrrrrr,9209.0
9210,0,ggGGGGrrr,9214.0
9215,1,ggyyyyrrr,9217.0
9220,2,GGrrrrrrr,9222.0
9225,4,rrrrrrGGG,9230.0
9230,5,rrrrrrrrr,9235.0
9235,0,ggGGGGrrr,9240.0
9240,1,ggyyyyrrr,9243.0
9245,2,GGrrrrrrr,9248.0
9250,3,yyrrrrrrr,9251.0
9255,4,rrrrrrGGG,9256.0
9260,5,rrrrrrrrr,9261.0
9265,0,ggGGGGrrr,9266.0
9270,2,GGrrrrrrr,9274.0
9275,3,yyrrrrrrr,9277.0
9280,4,rrrrrrGGG,9282.0
9285,5,rrrrrrrrr,9287.0
9290,0,ggGGGGrrr,9292.0
9295,2,GGrrrrrrr,9300.0
9300,3,yyrrrrrrr,9303.0
9305,4,rrrrrrGGG,9308.0
9310,5,rrrrrrrrr,9313.0
9315,0,ggGGGGrrr,9318.0
9320,1,ggyyyyrrr,9321.0
9325,2,GGrrrrrrr,9326.0
9330,4,rrrrrrGGG,9334.0
9335,5,rrrrrrrrr,9339.0
9340,0,ggGGGGrrr,9344.0
9345,1,ggyyyyrrr,9347.0
9350,2,GGrrrrrrr,9352.0
9355,4,rrrrrrGGG,9360.0
9360,5,rrrrrrrrr,9365.0
9365,0,ggGGGGrrr,9370.0
9370,1,ggyyyyrrr,9373.0
9375,2,GGrrrrrrr,9378.0
9380,3,yyrrrrrrr,9381.0
9385,4,rrrrrrGGG,9386.0
9390,5,rrrrrrrrr,9391.0
9395,0,ggGGGGrrr,9396.0
9400,2,GGrrrrrrr,9404.0
9405,3,yyrrrrrrr,9407.0
9410,4,rrrrrrGGG,9412.0
9415,5,rrrrrrrrr,9417.0
9420,0,ggGGGGrrr,9422.0
9425,2,GGrrrrrrr,9430.0
9430,3,yyrrrrrrr,9433.0
9435,4,rrrrrrGGG,9438.0
9440,5,rrrrrrrrr,9443.0
9445,0,ggGGGGrrr,9448.0
9450,1,ggyyyyrrr,9451.0
9455,2,GGrrrrrrr,9456.0
9460,4,rrrrrrGGG,9464.0
9465,5,rrrrrrrrr,9469.0
9470,0,ggGGGGrrr,9474.0
9475,1,ggyyyyrrr,9477.0
9480,2,GGrrrrrrr,9482.0
9485,4,rrrrrrGGG,9490.0
9490,5,rrrrrrrrr,9495.0
9495,0,ggGGGGrrr,9500.0
9500,1,ggyyyyrrr,9503.0
9505,2,GGrrrrrrr,9508.0
9510,3,yyrrrrrrr,9511.0
9515,4,rrrrrrGGG,9516.0
9520,5,rrrrrrrrr,9521.0
9525,0,ggGGGGrrr,9526.0
9530,2,GGrrrrrrr,9534.0
9535,3,yyrrrrrrr,9537.0
9540,4,rrrrrrGGG,9542.0
9545,5,rrrrrrrrr,9547.0
9550,0,ggGGGGrrr,9552.0
9555,2,GGrrrrrrr,9560.0
9560,3,yyrrrrrrr,9563.0
9565,4,rrrrrrGGG,9568.0
9570,5,rrrrrrrrr,9573.0
9575,0,ggGGGGrrr,9578.0
9580,1,ggyyyyrrr,9581.0
9585,2,GGrrrrrrr,9586.0
9590,4,rrrrrrGGG,9594.0
9595,5,rrrrrrrrr,9599.0
9600,0,ggGGGGrrr,9604.0
9605,1,ggyyyyrrr,9607.0
9610,2,GGrrrrrrr,9612.0
9615,4,rrrrrrGGG,9620.0
9620,5,rrrrrrrrr,9625.0
9625,0,ggGGGGrrr,9630.0
9630,1,ggyyyyrrr,9633.0
9635,2,GGrrrrrrr,9638.0
9640,3,yyrrrrrrr,9641.0
9645,4,rrrrrrGGG,9646.0
9650,5,rrrrrrrrr,9651.0
9655,0,ggGGGGrrr,9656.0
9660,2,GGrrrrrrr,9664.0
9665,3,yyrrrrrrr,9667.0
9670,4,rrrrrrGGG,9672.0
9675,5,rrrrrrrrr,9677.0
9680,0,ggGGGGrrr,9682.0
9685,2,GGrrrrrrr,9690.0
9690,3,yyrrrrrrr,9693.0
9695,4,rrrrrrGGG,9698.0
9700,5,rrrrrrrrr,9703.0
9705,0,ggGGGGrrr,9708.0
9710,1,ggyyyyrrr,9711.0
9715,2,GGrrrrrrr,9716.0
9720,4,rrrrrrGGG,9724.0
9725,5,rrrrrrrrr,9729.0
9730,0,ggGGGGrrr,9734.0
9735,1,ggyyyyrrr,9737.0
9740,2,GGrrrrrrr,9742.0
9745,4,rrrrrrGGG,9750.0
9750,5,rrrrrrrrr,9755.0
9755,0,ggGGGGrrr,9760.0
9760,1,ggyyyyrrr,9763.0
9765,2,GGrrrrrrr,9768.0
9770,3,yyrrrrrrr,9771.0
9775,4,rrrrrrGGG,9776.0
9780,5,rrrrrrrrr,9781.0
9785,0,ggGGGGrrr,9786.0
9790,2,GGrrrrrrr,9794.0
9795,3,yyrrrrrrr,9797.0
9800,4,rrrrrrGGG,9802.0
9805,5,rrrrrrrrr,9807.0
9810,0,ggGGGGrrr,9812.0
9815,2,GGrrrrrrr,9820.0
9820,3,yyrrrrrrr,9823.0
9825,4,rrrrrrGGG,9828.0
9830,5,rrrrrrrrr,9833.0
9835,0,ggGGGGrrr,9838.0
9840,1,ggyyyyrrr,9841.0
9845,2,GGrrrrrrr,9846.0
9850,4,rrrrrrGGG,9854.0
9855,5,rrrrrrrrr,9859.0
9860,0,ggGGGGrrr,9864.0
9865,1,ggyyyyrrr,9867.0
9870,2,GGrrrrrrr,9872.0
9875,4,rrrrrrGGG,9880.0
9880,5,rrrrrrrrr,9885.0
9885,0,ggGGGGrrr,9890.0
9890,1,ggyyyyrrr,9893.0
9895,2,GGrrrrrrr,9898.0
9900,3,yyrrrrrrr,9901.0
9905,4,rrrrrrGGG,9906.0
9910,5,rrrrrrrrr,9911.0
9915,0,ggGGGGrrr,9916.0
9920,2,GGrrrrrrr,9924.0
9925,3,yyrrrrrrr,9927.0
9930,4,rrrrrrGGG,9932.0
9935,5,rrrrrrrrr,9937.0
9940,0,ggGGGGrrr,9942.0
9945,2,GGrrrrrrr,9950.0
9950,3,yyrrrrrrr,9953.0
9955,4,rrrrrrGGG,9958.0
9960,5,rrrrrrrrr,9963.0
9965,0,ggGGGGrrr,9968.0
9970,1,ggyyyyrrr,9971.0
9975,2,GGrrrrrrr,9976.0
9980,4,rrrrrrGGG,9984.0
9985,5,rrrrrrrrr,9989.0
9990,0,ggGGGGrrr,9994.0
9995,1,ggyyyyrrr,9997.0
