0,0,rrrGGgggGGgGrrGrr,5.0
5,1,rrrGGgggGGgrrrrrr,10.0
10,2,rrryyyyyyyyrrrrrr,13.0
15,3,gGgrrrrrrrrrGGrGG,18.0
20,4,gGgrrrrrrrrrrrrrr,23.0
25,5,yyyrrrrrrrrrrrrrr,26.0
30,0,rrrGGgggGGgGrrGrr,31.0
35,1,rrrGGgggGGgrrrrrr,36.0
40,3,gGgrrrrrrrrrGGrGG,44.0
45,4,gGgrrrrrrrrrrrrrr,49.0
50,5,yyyrrrrrrrrrrrrrr,52.0
55,0,rrrGGgggGGgGrrGrr,57.0
60,1,rrrGGgggGGgrrrrrr,62.0
65,3,gGgrrrrrrrrrGGrGG,70.0
70,4,gGgrrrrrrrrrrrrrr,75.0
75,5,yyyrrrrrrrrrrrrrr,78.0
80,0,rrrGGgggGGgGrrGrr,83.0
85,1,rrrGGgggGGgrrrrrr,88.0
90,2,rrryyyyyyyyrrrrrr,91.0
95,3,gGgrrrrrrrrrGGrGG,96.0
100,4,gGgrrrrrrrrrrrrrr,101.0
105,0,rrrGGgggGGgGrrGrr,109.0
110,1,rrrGGgggGGgrrrrrr,114.0
115,2,rrryyyyyyyyrrrrrr,117.0
120,3,gGgrrrrrrrrrGGrGG,122.0
125,4,gGgrrrrrrrrrrrrrr,127.0
130,0,rrrGGgggGGgGrrGrr,135.0
135,1,rrrGGgggGGgrrrrrr,140.0
140,2,rrryyyyyyyyrrrrrr,143.0
145,3,gGgrrrrrrrrrGGrGG,148.0
150,4,gGgrrrrrrrrrrrrrr,153.0
155,5,yyyrrrrrrrrrrrrrr,156.0
160,0,rrrGGgggGGgGrrGrr,161.0
165,1,rrrGGgggGGgrrrrrr,166.0
170,3,gGgrrrrrrrrrGGrGG,174.0
175,4,gGgrrrrrrrrrrrrrr,179.0
180,5,yyyrrrrrrrrrrrrrr,182.0
185,0,rrrGGgggGGgGrrGrr,187.0
190,1,rrrGGgggGGgrrrrrr,194.0
195,2,rrryyyyyyyyrrrrrr,197.0
200,3,gGgrrrrrrrrrGGrGG,202.0
205,4,gGgrrrrrrrrrrrrrr,207.0
210,0,rrrGGgggGGgGrrGrr,215.0
215,1,rrrGGgggGGgrrrrrr,220.0
220,2,rrryyyyyyyyrrrrrr,223.0
225,3,gGgrrrrrrrrrGGrGG,228.0
230,4,gGgrrrrrrrrrrrrrr,233.0
235,5,yyyrrrrrrrrrrrrrr,236.0
240,0,rrrGGgggGGgGrrGrr,241.0
245,1,rrrGGgggGGgrrrrrr,246.0
250,3,gGgrrrrrrrrrGGrGG,254.0
255,4,gGgrrrrrrrrrrrrrr,259.0
260,5,yyyrrrrrrrrrrrrrr,262.0
265,0,rrrGGgggGGgGrrGrr,267.0
270,1,rrrGGgggGGgrrrrrr,272.0
275,3,gGgrrrrrrrrrGGrGG,280.0
280,4,gGgrrrrrrrrrrrrrr,285.0
285,5,yyyrrrrrrrrrrrrrr,288.0
290,0,rrrGGgggGGgGrrGrr,293.0
295,0,rrrGGgggGGgGrrGrr,296.0
300,0,rrrGGgggGGgGrrGrr,301.0
305,1,rrrGGgggGGgrrrrrr,309.0
310,2,rrryyyyyyyyrrrrrr,312.0
315,3,gGgrrrrrrrrrGGrGG,317.0
320,4,gGgrrrrrrrrrrrrrr,322.0
325,0,rrrGGgggGGgGrrGrr,330.0
330,0,rrrGGgggGGgGrrGrr,331.0
335,1,rrrGGgggGGgrrrrrr,336.0
340,3,gGgrrrrrrrrrGGrGG,344.0
345,4,gGgrrrrrrrrrrrrrr,349.0
350,5,yyyrrrrrrrrrrrrrr,352.0
355,0,rrrGGgggGGgGrrGrr,357.0
360,1,rrrGGgggGGgrrrrrr,362.0
365,3,gGgrrrrrrrrrGGrGG,370.0
370,4,gGgrrrrrrrrrrrrrr,375.0
375,5,yyyrrrrrrrrrrrrrr,378.0
380,0,rrrGGgggGGgGrrGrr,383.0
385,1,rrrGGgggGGgrrrrrr,388.0
390,2,rrryyyyyyyyrrrrrr,391.0
395,3,gGgrrrrrrrrrGGrGG,396.0
400,4,gGgrrrrrrrrrrrrrr,401.0
405,0,rrrGGgggGGgGrrGrr,409.0
410,0,rrrGGgggGGgGrrGrr,411.0
415,1,rrrGGgggGGgrrrrrr,418.0
420,2,rrryyyyyyyyrrrrrr,421.0
425,3,gGgrrrrrrrrrGGrGG,426.0
430,4,gGgrrrrrrrrrrrrrr,431.0
435,0,rrrGGgggGGgGrrGrr,439.0
440,1,rrrGGgggGGgrrrrrr,444.0
445,2,rrryyyyyyyyrrrrrr,447.0
450,3,gGgrrrrrrrrrGGrGG,452.0
455,4,gGgrrrrrrrrrrrrrr,457.0
460,0,rrrGGgggGGgGrrGrr,465.0
465,0,rrrGGgggGGgGrrGrr,467.0
470,1,rrrGGgggGGgrrrrrr,473.0
475,2,rrryyyyyyyyrrrrrr,476.0
480,3,gGgrrrrrrrrrGGrGG,481.0
485,4,gGgrrrrrrrrrrrrrr,486.0
490,0,rrrGGgggGGgGrrGrr,494.0
495,0,rrrGGgggGGgGrrGrr,497.0
500,1,rrrGGgggGGgrrrrrr,504.0
505,2,rrryyyyyyyyrrrrrr,507.0
510,3,gGgrrrrrrrrrGGrGG,512.0
515,4,gGgrrrrrrrrrrrrrr,517.0
520,0,rrrGGgggGGgGrrGrr,525.0
525,1,rrrGGgggGGgrrrrrr,530.0
530,2,rrryyyyyyyyrrrrrr,533.0
535,3,gGgrrrrrrrrrGGrGG,538.0
540,4,gGgrrrrrrrrrrrrrr,544.0
545,5,yyyrrrrrrrrrrrrrr,547.0
550,0,rrrGGgggGGgGrrGrr,552.0
555,1,rrrGGgggGGgrrrrrr,557.0
560,3,gGgrrrrrrrrrGGrGG,565.0
565,3,gGgrrrrrrrrrGGrGG,566.0
570,4,gGgrrrrrrrrrrrrrr,571.0
575,0,rrrGGgggGGgGrrGrr,579.0
580,1,rrrGGgggGGgrrrrrr,584.0
585,2,rrryyyyyyyyrrrrrr,587.0
590,3,gGgrrrrrrrrrGGrGG,592.0
595,4,gGgrrrrrrrrrrrrrr,597.0
600,0,rrrGGgggGGgGrrGrr,605.0
605,0,rrrGGgggGGgGrrGrr,607.0
610,0,rrrGGgggGGgGrrGrr,611.0
615,1,rrrGGgggGGgrrrrrr,616.0
620,3,gGgrrrrrrrrrGGrGG,624.0
625,4,gGgrrrrrrrrrrrrrr,629.0
630,5,yyyrrrrrrrrrrrrrr,632.0
635,0,rrrGGgggGGgGrrGrr,637.0
640,0,rrrGGgggGGgGrrGrr,642.0
645,1,rrrGGgggGGgrrrrrr,649.0
650,2,rrryyyyyyyyrrrrrr,652.0
655,3,gGgrrrrrrrrrGGrGG,657.0
660,3,gGgrrrrrrrrrGGrGG,662.0
665,4,gGgrrrrrrrrrrrrrr,669.0
670,5,yyyrrrrrrrrrrrrrr,672.0
675,0,rrrGGgggGGgGrrGrr,677.0
680,0,rrrGGgggGGgGrrGrr,681.0
685,1,rrrGGgggGGgrrrrrr,686.0
690,3,gGgrrrrrrrrrGGrGG,694.0
695,3,gGgrrrrrrrrrGGrGG,696.0
700,3,gGgrrrrrrrrrGGrGG,701.0
705,4,gGgrrrrrrrrrrrrrr,706.0
710,0,rrrGGgggGGgGrrGrr,714.0
715,1,rrrGGgggGGgrrrrrr,719.0
720,2,rrryyyyyyyyrrrrrr,722.0
725,3,gGgrrrrrrrrrGGrGG,727.0
730,4,gGgrrrrrrrrrrrrrr,734.0
735,5,yyyrrrrrrrrrrrrrr,737.0
740,0,rrrGGgggGGgGrrGrr,742.0
745,1,rrrGGgggGGgrrrrrr,747.0
750,3,gGgrrrrrrrrrGGrGG,755.0
755,3,gGgrrrrrrrrrGGrGG,757.0
760,4,gGgrrrrrrrrrrrrrr,763.0
765,5,yyyrrrrrrrrrrrrrr,766.0
770,0,rrrGGgggGGgGrrGrr,771.0
775,1,rrrGGgggGGgrrrrrr,776.0
780,3,gGgrrrrrrrrrGGrGG,784.0
785,3,gGgrrrrrrrrrGGrGG,786.0
790,4,gGgrrrrrrrrrrrrrr,794.0
795,5,yyyrrrrrrrrrrrrrr,797.0
800,0,rrrGGgggGGgGrrGrr,802.0
805,1,rrrGGgggGGgrrrrrr,807.0
810,3,gGgrrrrrrrrrGGrGG,815.0
815,3,gGgrrrrrrrrrGGrGG,817.0
820,4,gGgrrrrrrrrrrrrrr,823.0
825,5,yyyrrrrrrrrrrrrrr,826.0
830,0,rrrGGgggGGgGrrGrr,831.0
835,1,rrrGGgggGGgrrrrrr,839.0
840,2,rrryyyyyyyyrrrrrr,842.0
845,3,gGgrrrrrrrrrGGrGG,847.0
850,4,gGgrrrrrrrrrrrrrr,853.0
855,5,yyyrrrrrrrrrrrrrr,856.0
860,0,rrrGGgggGGgGrrGrr,861.0
865,1,rrrGGgggGGgrrrrrr,867.0
870,3,gGgrrrrrrrrrGGrGG,875.0
875,3,gGgrrrrrrrrrGGrGG,877.0
880,4,gGgrrrrrrrrrrrrrr,883.0
885,5,yyyrrrrrrrrrrrrrr,886.0
890,0,rrrGGgggGGgGrrGrr,891.0
895,1,rrrGGgggGGgrrrrrr,896.0
900,3,gGgrrrrrrrrrGGrGG,904.0
905,3,gGgrrrrrrrrrGGrGG,906.0
910,3,gGgrrrrrrrrrGGrGG,911.0
915,4,gGgrrrrrrrrrrrrrr,918.0
920,5,yyyrrrrrrrrrrrrrr,921.0
925,0,rrrGGgggGGgGrrGrr,926.0
930,0,rrrGGgggGGgGrrGrr,931.0
935,1,rrrGGgggGGgrrrrrr,937.0
940,3,gGgrrrrrrrrrGGrGG,945.0
945,3,gGgrrrrrrrrrGGrGG,947.0
950,3,gGgrrrrrrrrrGGrGG,951.0
955,3,gGgrrrrrrrrrGGrGG,956.0
960,4,gGgrrrrrrrrrrrrrr,965.0
965,5,yyyrrrrrrrrrrrrrr,968.0
970,0,rrrGGgggGGgGrrGrr,973.0
975,1,rrrGGgggGGgrrrrrr,978.0
980,2,rrryyyyyyyyrrrrrr,981.0
985,3,gGgrrrrrrrrrGGrGG,986.0
990,4,gGgrrrrrrrrrrrrrr,991.0
995,0,rrrGGgggGGgGrrGrr,999.0
1000,1,rrrGGgggGGgrrrrrr,1004.0
1005,2,rrryyyyyyyyrrrrrr,1007.0
1010,3,gGgrrrrrrrrrGGrGG,1012.0
1015,3,gGgrrrrrrrrrGGrGG,1016.0
1020,3,gGgrrrrrrrrrGGrGG,1022.0
1025,4,gGgrrrrrrrrrrrrrr,1028.0
1030,5,yyyrrrrrrrrrrrrrr,1031.0
1035,0,rrrGGgggGGgGrrGrr,1036.0
1040,1,rrrGGgggGGgrrrrrr,1041.0
1045,3,gGgrrrrrrrrrGGrGG,1049.0
1050,3,gGgrrrrrrrrrGGrGG,1051.0
1055,3,gGgrrrrrrrrrGGrGG,1056.0
1060,4,gGgrrrrrrrrrrrrrr,1064.0
1065,5,yyyrrrrrrrrrrrrrr,1067.0
1070,0,rrrGGgggGGgGrrGrr,1072.0
1075,0,rrrGGgggGGgGrrGrr,1076.0
1080,0,rrrGGgggGGgGrrGrr,1082.0
1085,0,rrrGGgggGGgGrrGrr,1086.0
1090,1,rrrGGgggGGgrrrrrr,1092.0
1095,3,gGgrrrrrrrrrGGrGG,1100.0
1100,3,gGgrrrrrrrrrGGrGG,1101.0
1105,3,gGgrrrrrrrrrGGrGG,1106.0
1110,3,gGgrrrrrrrrrGGrGG,1111.0
1115,4,gGgrrrrrrrrrrrrrr,1120.0
1120,5,yyyrrrrrrrrrrrrrr,1123.0
1125,0,rrrGGgggGGgGrrGrr,1128.0
1130,0,rrrGGgggGGgGrrGrr,1131.0
1135,1,rrrGGgggGGgrrrrrr,1140.0
1140,2,rrryyyyyyyyrrrrrr,1143.0
1145,3,gGgrrrrrrrrrGGrGG,1148.0
1150,3,gGgrrrrrrrrrGGrGG,1151.0
1155,4,gGgrrrrrrrrrrrrrr,1156.0
1160,0,rrrGGgggGGgGrrGrr,1164.0
1165,1,rrrGGgggGGgrrrrrr,1170.0
1170,2,rrryyyyyyyyrrrrrr,1173.0
1175,3,gGgrrrrrrrrrGGrGG,1178.0
1180,4,gGgrrrrrrrrrrrrrr,1183.0
1185,5,yyyrrrrrrrrrrrrrr,1186.0
1190,0,rrrGGgggGGgGrrGrr,1191.0
1195,1,rrrGGgggGGgrrrrrr,1196.0
1200,3,gGgrrrrrrrrrGGrGG,1204.0
1205,4,gGgrrrrrrrrrrrrrr,1209.0
1210,5,yyyrrrrrrrrrrrrrr,1212.0
1215,0,rrrGGgggGGgGrrGrr,1217.0
1220,1,rrrGGgggGGgrrrrrr,1222.0
1225,3,gGgrrrrrrrrrGGrGG,1230.0
1230,4,gGgrrrrrrrrrrrrrr,1235.0
1235,5,yyyrrrrrrrrrrrrrr,1238.0
1240,0,rrrGGgggGGgGrrGrr,1243.0
1245,1,rrrGGgggGGgrrrrrr,1248.0
1250,2,rrryyyyyyyyrrrrrr,1251.0
1255,3,gGgrrrrrrrrrGGrGG,1256.0
1260,3,gGgrrrrrrrrrGGrGG,1261.0
1265,4,gGgrrrrrrrrrrrrrr,1267.0
1270,0,rrrGGgggGGgGrrGrr,1275.0
1275,0,rrrGGgggGGgGrrGrr,1276.0
1280,1,rrrGGgggGGgrrrrrr,1282.0
1285,3,gGgrrrrrrrrrGGrGG,1290.0
1290,3,gGgrrrrrrrrrGGrGG,1292.0
1295,3,gGgrrrrrrrrrGGrGG,1296.0
1300,4,gGgrrrrrrrrrrrrrr,1301.0
1305,0,rrrGGgggGGgGrrGrr,1309.0
1310,0,rrrGGgggGGgGrrGrr,1311.0
1315,0,rrrGGgggGGgGrrGrr,1316.0
1320,0,rrrGGgggGGgGrrGrr,1321.0
1325,1,rrrGGgggGGgrrrrrr,1326.0
1330,3,gGgrrrrrrrrrGGrGG,1334.0
1335,3,gGgrrrrrrrrrGGrGG,1336.0
1340,3,gGgrrrrrrrrrGGrGG,1342.0
1345,3,gGgrrrrrrrrrGGrGG,1346.0
1350,4,gGgrrrrrrrrrrrrrr,1351.0
1355,0,rrrGGgggGGgGrrGrr,1359.0
1360,1,rrrGGgggGGgrrrrrr,1364.0
1365,2,rrryyyyyyyyrrrrrr,1367.0
1370,3,gGgrrrrrrrrrGGrGG,1372.0
1375,3,gGgrrrrrrrrrGGrGG,1376.0
1380,4,gGgrrrrrrrrrrrrrr,1385.0
1385,5,yyyrrrrrrrrrrrrrr,1388.0
1390,0,rrrGGgggGGgGrrGrr,1393.0
1395,1,rrrGGgggGGgrrrrrr,1398.0
1400,2,rrryyyyyyyyrrrrrr,1401.0
1405,3,gGgrrrrrrrrrGGrGG,1406.0
1410,3,gGgrrrrrrrrrGGrGG,1412.0
1415,3,gGgrrrrrrrrrGGrGG,1416.0
1420,3,gGgrrrrrrrrrGGrGG,1422.0
1425,3,gGgrrrrrrrrrGGrGG,1426.0
1430,3,gGgrrrrrrrrrGGrGG,1431.0
1435,4,gGgrrrrrrrrrrrrrr,1437.0
1440,0,rrrGGgggGGgGrrGrr,1445.0
1445,0,rrrGGgggGGgGrrGrr,1447.0
1450,1,rrrGGgggGGgrrrrrr,1455.0
1455,2,rrryyyyyyyyrrrrrr,1458.0
1460,3,gGgrrrrrrrrrGGrGG,1463.0
1465,3,gGgrrrrrrrrrGGrGG,1466.0
1470,3,gGgrrrrrrrrrGGrGG,1472.0
1475,4,gGgrrrrrrrrrrrrrr,1477.0
1480,0,rrrGGgggGGgGrrGrr,1485.0
1485,0,rrrGGgggGGgGrrGrr,1486.0
1490,1,rrrGGgggGGgrrrrrr,1492.0
1495,3,gGgrrrrrrrrrGGrGG,1500.0
1500,3,gGgrrrrrrrrrGGrGG,1502.0
1505,4,gGgrrrrrrrrrrrrrr,1508.0
1510,5,yyyrrrrrrrrrrrrrr,1511.0
1515,0,rrrGGgggGGgGrrGrr,1516.0
1520,1,rrrGGgggGGgrrrrrr,1524.0
1525,2,rrryyyyyyyyrrrrrr,1527.0
1530,3,gGgrrrrrrrrrGGrGG,1532.0
1535,4,gGgrrrrrrrrrrrrrr,1537.0
1540,0,rrrGGgggGGgGrrGrr,1545.0
1545,0,rrrGGgggGGgGrrGrr,1546.0
1550,0,rrrGGgggGGgGrrGrr,1552.0
1555,0,rrrGGgggGGgGrrGrr,1556.0
1560,1,rrrGGgggGGgrrrrrr,1565.0
1565,2,rrryyyyyyyyrrrrrr,1568.0
1570,3,gGgrrrrrrrrrGGrGG,1573.0
1575,3,gGgrrrrrrrrrGGrGG,1577.0
1580,3,gGgrrrrrrrrrGGrGG,1582.0
1585,3,gGgrrrrrrrrrGGrGG,1587.0
1590,3,gGgrrrrrrrrrGGrGG,1591.0
1595,3,gGgrrrrrrrrrGGrGG,1596.0
1600,4,gGgrrrrrrrrrrrrrr,1605.0
1605,5,yyyrrrrrrrrrrrrrr,1608.0
1610,0,rrrGGgggGGgGrrGrr,1613.0
1615,1,rrrGGgggGGgrrrrrr,1618.0
1620,2,rrryyyyyyyyrrrrrr,1621.0
1625,3,gGgrrrrrrrrrGGrGG,1626.0
1630,3,gGgrrrrrrrrrGGrGG,1632.0
1635,3,gGgrrrrrrrrrGGrGG,1636.0
1640,4,gGgrrrrrrrrrrrrrr,1642.0
1645,0,rrrGGgggGGgGrrGrr,1650.0
1650,0,rrrGGgggGGgGrrGrr,1652.0
1655,1,rrrGGgggGGgrrrrrr,1660.0
1660,2,rrryyyyyyyyrrrrrr,1663.0
1665,3,gGgrrrrrrrrrGGrGG,1668.0
1670,3,gGgrrrrrrrrrGGrGG,1671.0
1675,4,gGgrrrrrrrrrrrrrr,1677.0
1680,0,rrrGGgggGGgGrrGrr,1685.0
1685,0,rrrGGgggGGgGrrGrr,1687.0
1690,1,rrrGGgggGGgrrrrrr,1693.0
1695,2,rrryyyyyyyyrrrrrr,1696.0
1700,3,gGgrrrrrrrrrGGrGG,1701.0
1705,4,gGgrrrrrrrrrrrrrr,1706.0
1710,0,rrrGGgggGGgGrrGrr,1714.0
1715,1,rrrGGgggGGgrrrrrr,1719.0
1720,2,rrryyyyyyyyrrrrrr,1722.0
1725,3,gGgrrrrrrrrrGGrGG,1727.0
1730,4,gGgrrrrrrrrrrrrrr,1733.0
1735,5,yyyrrrrrrrrrrrrrr,1736.0
1740,0,rrrGGgggGGgGrrGrr,1741.0
1745,1,rrrGGgggGGgrrrrrr,1746.0
1750,3,gGgrrrrrrrrrGGrGG,1754.0
1755,4,gGgrrrrrrrrrrrrrr,1759.0
1760,5,yyyrrrrrrrrrrrrrr,1762.0
1765,0,rrrGGgggGGgGrrGrr,1767.0
1770,1,rrrGGgggGGgrrrrrr,1772.0
1775,3,gGgrrrrrrrrrGGrGG,1780.0
1780,3,gGgrrrrrrrrrGGrGG,1782.0
1785,4,gGgrrrrrrrrrrrrrr,1788.0
1790,5,yyyrrrrrrrrrrrrrr,1791.0
1795,0,rrrGGgggGGgGrrGrr,1796.0
1800,1,rrrGGgggGGgrrrrrr,1805.0
1805,2,rrryyyyyyyyrrrrrr,1808.0
1810,3,gGgrrrrrrrrrGGrGG,1813.0
1815,3,gGgrrrrrrrrrGGrGG,1816.0
1820,4,gGgrrrrrrrrrrrrrr,1821.0
1825,0,rrrGGgggGGgGrrGrr,1829.0
1830,1,rrrGGgggGGgrrrrrr,1835.0
1835,2,rrryyyyyyyyrrrrrr,1838.0
1840,3,gGgrrrrrrrrrGGrGG,1843.0
1845,4,gGgrrrrrrrrrrrrrr,1848.0
1850,5,yyyrrrrrrrrrrrrrr,1851.0
1855,0,rrrGGgggGGgGrrGrr,1856.0
1860,1,rrrGGgggGGgrrrrrr,1861.0
1865,3,gGgrrrrrrrrrGGrGG,1869.0
1870,3,gGgrrrrrrrrrGGrGG,1872.0
1875,4,gGgrrrrrrrrrrrrrr,1878.0
1880,5,yyyrrrrrrrrrrrrrr,1881.0
1885,0,rrrGGgggGGgGrrGrr,1886.0
1890,1,rrrGGgggGGgrrrrrr,1891.0
1895,3,gGgrrrrrrrrrGGrGG,1899.0
1900,3,gGgrrrrrrrrrGGrGG,1901.0
1905,4,gGgrrrrrrrrrrrrrr,1906.0
1910,0,rrrGGgggGGgGrrGrr,1914.0
1915,0,rrrGGgggGGgGrrGrr,1916.0
1920,0,rrrGGgggGGgGrrGrr,1921.0
1925,1,rrrGGgggGGgrrrrrr,1926.0
1930,3,gGgrrrrrrrrrGGrGG,1934.0
1935,3,gGgrrrrrrrrrGGrGG,1936.0
1940,3,gGgrrrrrrrrrGGrGG,1941.0
1945,4,gGgrrrrrrrrrrrrrr,1946.0
1950,0,rrrGGgggGGgGrrGrr,1954.0
1955,1,rrrGGgggGGgrrrrrr,1959.0
1960,2,rrryyyyyyyyrrrrrr,1962.0
1965,3,gGgrrrrrrrrrGGrGG,1967.0
1970,3,gGgrrrrrrrrrGGrGG,1971.0
1975,4,gGgrrrrrrrrrrrrrr,1976.0
1980,0,rrrGGgggGGgGrrGrr,1984.0
1985,1,rrrGGgggGGgrrrrrr,1989.0
1990,2,rrryyyyyyyyrrrrrr,1992.0
1995,3,gGgrrrrrrrrrGGrGG,1997.0
2000,4,gGgrrrrrrrrrrrrrr,2005.0
2005,5,yyyrrrrrrrrrrrrrr,2008.0
2010,0,rrrGGgggGGgGrrGrr,2013.0
2015,1,rrrGGgggGGgrrrrrr,2018.0
2020,2,rrryyyyyyyyrrrrrr,2021.0
2025,3,gGgrrrrrrrrrGGrGG,2026.0
2030,3,gGgrrrrrrrrrGGrGG,2031.0
2035,3,gGgrrrrrrrrrGGrGG,2036.0
2040,3,gGgrrrrrrrrrGGrGG,2041.0
2045,4,gGgrrrrrrrrrrrrrr,2047.0
2050,0,rrrGGgggGGgGrrGrr,2055.0
2055,0,rrrGGgggGGgGrrGrr,2057.0
2060,0,rrrGGgggGGgGrrGrr,2061.0
2065,1,rrrGGgggGGgrrrrrr,2067.0
2070,3,gGgrrrrrrrrrGGrGG,2075.0
2075,3,gGgrrrrrrrrrGGrGG,2077.0
2080,4,gGgrrrrrrrrrrrrrr,2083.0
2085,5,yyyrrrrrrrrrrrrrr,2086.0
2090,0,rrrGGgggGGgGrrGrr,2091.0
2095,1,rrrGGgggGGgrrrrrr,2096.0
2100,3,gGgrrrrrrrrrGGrGG,2104.0
2105,3,gGgrrrrrrrrrGGrGG,2106.0
2110,3,gGgrrrrrrrrrGGrGG,2112.0
2115,3,gGgrrrrrrrrrGGrGG,2117.0
2120,4,gGgrrrrrrrrrrrrrr,2124.0
2125,5,yyyrrrrrrrrrrrrrr,2127.0
2130,0,rrrGGgggGGgGrrGrr,2132.0
2135,1,rrrGGgggGGgrrrrrr,2137.0
2140,3,gGgrrrrrrrrrGGrGG,2145.0
2145,4,gGgrrrrrrrrrrrrrr,2150.0
2150,5,yyyrrrrrrrrrrrrrr,2153.0
2155,0,rrrGGgggGGgGrrGrr,2158.0
2160,0,rrrGGgggGGgGrrGrr,2162.0
2165,1,rrrGGgggGGgrrrrrr,2169.0
2170,2,rrryyyyyyyyrrrrrr,2172.0
2175,3,gGgrrrrrrrrrGGrGG,2177.0
2180,3,gGgrrrrrrrrrGGrGG,2181.0
2185,3,gGgrrrrrrrrrGGrGG,2186.0
2190,3,gGgrrrrrrrrrGGrGG,2191.0
2195,3,gGgrrrrrrrrrGGrGG,2196.0
2200,3,gGgrrrrrrrrrGGrGG,2201.0
2205,3,gGgrrrrrrrrrGGrGG,2206.0
2210,3,gGgrrrrrrrrrGGrGG,2211.0
2215,4,gGgrrrrrrrrrrrrrr,2220.0
2220,5,yyyrrrrrrrrrrrrrr,2223.0
2225,0,rrrGGgggGGgGrrGrr,2228.0
2230,0,rrrGGgggGGgGrrGrr,2231.0
2235,0,rrrGGgggGGgGrrGrr,2237.0
2240,1,rrrGGgggGGgrrrrrr,2243.0
2245,2,rrryyyyyyyyrrrrrr,2246.0
2250,3,gGgrrrrrrrrrGGrGG,2251.0
2255,4,gGgrrrrrrrrrrrrrr,2256.0
2260,0,rrrGGgggGGgGrrGrr,2264.0
2265,0,rrrGGgggGGgGrrGrr,2266.0
2270,0,rrrGGgggGGgGrrGrr,2271.0
2275,0,rrrGGgggGGgGrrGrr,2277.0
2280,1,rrrGGgggGGgrrrrrr,2284.0
2285,2,rrryyyyyyyyrrrrrr,2287.0
2290,3,gGgrrrrrrrrrGGrGG,2292.0
2295,3,gGgrrrrrrrrrGGrGG,2297.0
2300,3,gGgrrrrrrrrrGGrGG,2301.0
2305,3,gGgrrrrrrrrrGGrGG,2306.0
2310,3,gGgrrrrrrrrrGGrGG,2312.0
2315,3,gGgrrrrrrrrrGGrGG,2317.0
2320,3,gGgrrrrrrrrrGGrGG,2321.0
2325,3,gGgrrrrrrrrrGGrGG,2326.0
2330,3,gGgrrrrrrrrrGGrGG,2332.0
2335,4,gGgrrrrrrrrrrrrrr,2340.0
2340,5,yyyrrrrrrrrrrrrrr,2343.0
2345,0,rrrGGgggGGgGrrGrr,2348.0
2350,0,rrrGGgggGGgGrrGrr,2352.0
2355,0,rrrGGgggGGgGrrGrr,2357.0
2360,0,rrrGGgggGGgGrrGrr,2361.0
2365,1,rrrGGgggGGgrrrrrr,2368.0
2370,2,rrryyyyyyyyrrrrrr,2371.0
2375,3,gGgrrrrrrrrrGGrGG,2376.0
2380,3,gGgrrrrrrrrrGGrGG,2381.0
2385,3,gGgrrrrrrrrrGGrGG,2386.0
2390,4,gGgrrrrrrrrrrrrrr,2393.0
2395,5,yyyrrrrrrrrrrrrrr,2396.0
2400,0,rrrGGgggGGgGrrGrr,2401.0
2405,0,rrrGGgggGGgGrrGrr,2407.0
2410,1,rrrGGgggGGgrrrrrr,2413.0
2415,2,rrryyyyyyyyrrrrrr,2416.0
2420,3,gGgrrrrrrrrrGGrGG,2421.0
2425,4,gGgrrrrrrrrrrrrrr,2427.0
2430,0,rrrGGgggGGgGrrGrr,2435.0
2435,1,rrrGGgggGGgrrrrrr,2440.0
2440,2,rrryyyyyyyyrrrrrr,2443.0
2445,3,gGgrrrrrrrrrGGrGG,2448.0
2450,4,gGgrrrrrrrrrrrrrr,2455.0
2455,5,yyyrrrrrrrrrrrrrr,2458.0
2460,0,rrrGGgggGGgGrrGrr,2463.0
2465,1,rrrGGgggGGgrrrrrr,2468.0
2470,2,rrryyyyyyyyrrrrrr,2471.0
2475,3,gGgrrrrrrrrrGGrGG,2476.0
2480,4,gGgrrrrrrrrrrrrrr,2484.0
2485,5,yyyrrrrrrrrrrrrrr,2487.0
2490,0,rrrGGgggGGgGrrGrr,2492.0
2495,1,rrrGGgggGGgrrrrrr,2497.0
2500,3,gGgrrrrrrrrrGGrGG,2505.0
2505,4,gGgrrrrrrrrrrrrrr,2510.0
2510,5,yyyrrrrrrrrrrrrrr,2513.0
2515,0,rrrGGgggGGgGrrGrr,2518.0
2520,0,rrrGGgggGGgGrrGrr,2521.0
2525,1,rrrGGgggGGgrrrrrr,2526.0
2530,3,gGgrrrrrrrrrGGrGG,2534.0
2535,3,gGgrrrrrrrrrGGrGG,2536.0
2540,3,gGgrrrrrrrrrGGrGG,2541.0
2545,4,gGgrrrrrrrrrrrrrr,2547.0
2550,0,rrrGGgggGGgGrrGrr,2555.0
2555,0,rrrGGgggGGgGrrGrr,2557.0
2560,0,rrrGGgggGGgGrrGrr,2561.0
2565,1,rrrGGgggGGgrrrrrr,2568.0
2570,2,rrryyyyyyyyrrrrrr,2571.0
2575,3,gGgrrrrrrrrrGGrGG,2576.0
2580,4,gGgrrrrrrrrrrrrrr,2581.0
2585,0,rrrGGgggGGgGrrGrr,2589.0
2590,1,rrrGGgggGGgrrrrrr,2594.0
2595,2,rrryyyyyyyyrrrrrr,2597.0
2600,3,gGgrrrrrrrrrGGrGG,2602.0
2605,3,gGgrrrrrrrrrGGrGG,2607.0
2610,4,gGgrrrrrrrrrrrrrr,2614.0
2615,5,yyyrrrrrrrrrrrrrr,2617.0
2620,0,rrrGGgggGGgGrrGrr,2622.0
2625,1,rrrGGgggGGgrrrrrr,2627.0
2630,3,gGgrrrrrrrrrGGrGG,2635.0
2635,3,gGgrrrrrrrrrGGrGG,2637.0
2640,3,gGgrrrrrrrrrGGrGG,2642.0
2645,4,gGgrrrrrrrrrrrrrr,2648.0
2650,5,yyyrrrrrrrrrrrrrr,2651.0
2655,0,rrrGGgggGGgGrrGrr,2656.0
2660,1,rrrGGgggGGgrrrrrr,2661.0
2665,3,gGgrrrrrrrrrGGrGG,2669.0
2670,3,gGgrrrrrrrrrGGrGG,2671.0
2675,4,gGgrrrrrrrrrrrrrr,2677.0
2680,0,rrrGGgggGGgGrrGrr,2685.0
2685,1,rrrGGgggGGgrrrrrr,2690.0
2690,2,rrryyyyyyyyrrrrrr,2693.0
2695,3,gGgrrrrrrrrrGGrGG,2698.0
2700,4,gGgrrrrrrrrrrrrrr,2703.0
2705,5,yyyrrrrrrrrrrrrrr,2706.0
2710,0,rrrGGgggGGgGrrGrr,2711.0
2715,1,rrrGGgggGGgrrrrrr,2716.0
2720,3,gGgrrrrrrrrrGGrGG,2724.0
2725,4,gGgrrrrrrrrrrrrrr,2730.0
2730,5,yyyrrrrrrrrrrrrrr,2733.0
2735,0,rrrGGgggGGgGrrGrr,2738.0
2740,1,rrrGGgggGGgrrrrrr,2745.0
2745,2,rrryyyyyyyyrrrrrr,2748.0
2750,3,gGgrrrrrrrrrGGrGG,2753.0
2755,4,gGgrrrrrrrrrrrrrr,2758.0
2760,5,yyyrrrrrrrrrrrrrr,2761.0
2765,0,rrrGGgggGGgGrrGrr,2766.0
2770,1,rrrGGgggGGgrrrrrr,2771.0
2775,3,gGgrrrrrrrrrGGrGG,2779.0
2780,3,gGgrrrrrrrrrGGrGG,2781.0
2785,4,gGgrrrrrrrrrrrrrr,2787.0
2790,0,rrrGGgggGGgGrrGrr,2795.0
2795,1,rrrGGgggGGgrrrrrr,2800.0
2800,2,rrryyyyyyyyrrrrrr,2803.0
2805,3,gGgrrrrrrrrrGGrGG,2808.0
2810,3,gGgrrrrrrrrrGGrGG,2811.0
2815,4,gGgrrrrrrrrrrrrrr,2820.0
2820,5,yyyrrrrrrrrrrrrrr,2823.0
2825,0,rrrGGgggGGgGrrGrr,2828.0
2830,1,rrrGGgggGGgrrrrrr,2833.0
2835,2,rrryyyyyyyyrrrrrr,2836.0
2840,3,gGgrrrrrrrrrGGrGG,2841.0
2845,4,gGgrrrrrrrrrrrrrr,2846.0
2850,0,rrrGGgggGGgGrrGrr,2854.0
2855,1,rrrGGgggGGgrrrrrr,2859.0
2860,2,rrryyyyyyyyrrrrrr,2862.0
2865,3,gGgrrrrrrrrrGGrGG,2867.0
2870,4,gGgrrrrrrrrrrrrrr,2872.0
2875,0,rrrGGgggGGgGrrGrr,2880.0
2880,1,rrrGGgggGGgrrrrrr,2885.0
2885,2,rrryyyyyyyyrrrrrr,2888.0
2890,3,gGgrrrrrrrrrGGrGG,2893.0
2895,4,gGgrrrrrrrrrrrrrr,2898.0
2900,5,yyyrrrrrrrrrrrrrr,2901.0
2905,0,rrrGGgggGGgGrrGrr,2906.0
2910,1,rrrGGgggGGgrrrrrr,2911.0
2915,3,gGgrrrrrrrrrGGrGG,2919.0
2920,4,gGgrrrrrrrrrrrrrr,2924.0
2925,5,yyyrrrrrrrrrrrrrr,2927.0
2930,0,rrrGGgggGGgGrrGrr,2932.0
2935,1,rrrGGgggGGgrrrrrr,2937.0
2940,3,gGgrrrrrrrrrGGrGG,2945.0
2945,4,gGgrrrrrrrrrrrrrr,2950.0
2950,5,yyyrrrrrrrrrrrrrr,2953.0
2955,0,rrrGGgggGGgGrrGrr,2958.0
2960,1,rrrGGgggGGgrrrrrr,2963.0
2965,2,rrryyyyyyyyrrrrrr,2966.0
2970,3,gGgrrrrrrrrrGGrGG,2971.0
2975,4,gGgrrrrrrrrrrrrrr,2980.0
2980,5,yyyrrrrrrrrrrrrrr,2983.0
2985,0,rrrGGgggGGgGrrGrr,2988.0
2990,0,rrrGGgggGGgGrrGrr,2991.0
2995,1,rrrGGgggGGgrrrrrr,3000.0
3000,2,rrryyyyyyyyrrrrrr,3003.0
3005,3,gGgrrrrrrrrrGGrGG,3008.0
3010,3,gGgrrrrrrrrrGGrGG,3012.0
3015,4,gGgrrrrrrrrrrrrrr,3019.0
3020,5,yyyrrrrrrrrrrrrrr,3022.0
3025,0,rrrGGgggGGgGrrGrr,3027.0
3030,1,rrrGGgggGGgrrrrrr,3032.0
3035,3,gGgrrrrrrrrrGGrGG,3040.0
3040,4,gGgrrrrrrrrrrrrrr,3045.0
3045,5,yyyrrrrrrrrrrrrrr,3048.0
3050,0,rrrGGgggGGgGrrGrr,3053.0
3055,1,rrrGGgggGGgrrrrrr,3058.0
3060,2,rrryyyyyyyyrrrrrr,3061.0
3065,3,gGgrrrrrrrrrGGrGG,3066.0
3070,4,gGgrrrrrrrrrrrrrr,3074.0
3075,5,yyyrrrrrrrrrrrrrr,3077.0
3080,0,rrrGGgggGGgGrrGrr,3082.0
3085,1,rrrGGgggGGgrrrrrr,3087.0
3090,3,gGgrrrrrrrrrGGrGG,3095.0
3095,3,gGgrrrrrrrrrGGrGG,3097.0
3100,4,gGgrrrrrrrrrrrrrr,3105.0
3105,5,yyyrrrrrrrrrrrrrr,3108.0
3110,0,rrrGGgggGGgGrrGrr,3113.0
3115,1,rrrGGgggGGgrrrrrr,3118.0
3120,2,rrryyyyyyyyrrrrrr,3121.0
3125,3,gGgrrrrrrrrrGGrGG,3126.0
3130,3,gGgrrrrrrrrrGGrGG,3131.0
3135,4,gGgrrrrrrrrrrrrrr,3139.0
3140,5,yyyrrrrrrrrrrrrrr,3142.0
3145,0,rrrGGgggGGgGrrGrr,3147.0
3150,1,rrrGGgggGGgrrrrrr,3154.0
3155,2,rrryyyyyyyyrrrrrr,3157.0
3160,3,gGgrrrrrrrrrGGrGG,3162.0
3165,4,gGgrrrrrrrrrrrrrr,3168.0
3170,5,yyyrrrrrrrrrrrrrr,3171.0
3175,0,rrrGGgggGGgGrrGrr,3176.0
3180,1,rrrGGgggGGgrrrrrr,3184.0
3185,2,rrryyyyyyyyrrrrrr,3187.0
3190,3,gGgrrrrrrrrrGGrGG,3192.0
3195,4,gGgrrrrrrrrrrrrrr,3197.0
3200,0,rrrGGgggGGgGrrGrr,3205.0
3205,1,rrrGGgggGGgrrrrrr,3210.0
3210,2,rrryyyyyyyyrrrrrr,3213.0
3215,3,gGgrrrrrrrrrGGrGG,3218.0
3220,4,gGgrrrrrrrrrrrrrr,3223.0
3225,5,yyyrrrrrrrrrrrrrr,3226.0
3230,0,rrrGGgggGGgGrrGrr,3231.0
3235,1,rrrGGgggGGgrrrrrr,3236.0
3240,3,gGgrrrrrrrrrGGrGG,3244.0
3245,3,gGgrrrrrrrrrGGrGG,3246.0
3250,4,gGgrrrrrrrrrrrrrr,3252.0
3255,0,rrrGGgggGGgGrrGrr,3260.0
3260,0,rrrGGgggGGgGrrGrr,3262.0
3265,0,rrrGGgggGGgGrrGrr,3266.0
3270,1,rrrGGgggGGgrrrrrr,3272.0
3275,3,gGgrrrrrrrrrGGrGG,3280.0
3280,3,gGgrrrrrrrrrGGrGG,3282.0
3285,3,gGgrrrrrrrrrGGrGG,3286.0
3290,4,gGgrrrrrrrrrrrrrr,3291.0
3295,0,rrrGGgggGGgGrrGrr,3299.0
3300,1,rrrGGgggGGgrrrrrr,3304.0
3305,2,rrryyyyyyyyrrrrrr,3307.0
3310,3,gGgrrrrrrrrrGGrGG,3312.0
3315,3,gGgrrrrrrrrrGGrGG,3316.0
3320,4,gGgrrrrrrrrrrrrrr,3321.0
3325,0,rrrGGgggGGgGrrGrr,3329.0
3330,1,rrrGGgggGGgrrrrrr,3334.0
3335,2,rrryyyyyyyyrrrrrr,3337.0
3340,3,gGgrrrrrrrrrGGrGG,3342.0
3345,3,gGgrrrrrrrrrGGrGG,3346.0
3350,4,gGgrrrrrrrrrrrrrr,3353.0
3355,5,yyyrrrrrrrrrrrrrr,3356.0
3360,0,rrrGGgggGGgGrrGrr,3361.0
3365,1,rrrGGgggGGgrrrrrr,3366.0
3370,3,gGgrrrrrrrrrGGrGG,3374.0
3375,4,gGgrrrrrrrrrrrrrr,3379.0
3380,5,yyyrrrrrrrrrrrrrr,3382.0
3385,0,rrrGGgggGGgGrrGrr,3387.0
3390,1,rrrGGgggGGgrrrrrr,3393.0
3395,2,rrryyyyyyyyrrrrrr,3396.0
3400,3,gGgrrrrrrrrrGGrGG,3401.0
3405,3,gGgrrrrrrrrrGGrGG,3406.0
3410,4,gGgrrrrrrrrrrrrrr,3415.0
3415,5,yyyrrrrrrrrrrrrrr,3418.0
3420,0,rrrGGgggGGgGrrGrr,3423.0
3425,0,rrrGGgggGGgGrrGrr,3426.0
3430,1,rrrGGgggGGgrrrrrr,3431.0
3435,3,gGgrrrrrrrrrGGrGG,3439.0
3440,4,gGgrrrrrrrrrrrrrr,3444.0
3445,5,yyyrrrrrrrrrrrrrr,3447.0
3450,0,rrrGGgggGGgGrrGrr,3452.0
3455,0,rrrGGgggGGgGrrGrr,3456.0
3460,1,rrrGGgggGGgrrrrrr,3462.0
3465,3,gGgrrrrrrrrrGGrGG,3470.0
3470,4,gGgrrrrrrrrrrrrrr,3475.0
3475,5,yyyrrrrrrrrrrrrrr,3478.0
3480,0,rrrGGgggGGgGrrGrr,3483.0
3485,1,rrrGGgggGGgrrrrrr,3488.0
3490,2,rrryyyyyyyyrrrrrr,3491.0
3495,3,gGgrrrrrrrrrGGrGG,3496.0
3500,4,gGgrrrrrrrrrrrrrr,3504.0
3505,5,yyyrrrrrrrrrrrrrr,3507.0
3510,0,rrrGGgggGGgGrrGrr,3512.0
3515,1,rrrGGgggGGgrrrrrr,3517.0
3520,3,gGgrrrrrrrrrGGrGG,3525.0
3525,3,gGgrrrrrrrrrGGrGG,3527.0
3530,3,gGgrrrrrrrrrGGrGG,3531.0
3535,4,gGgrrrrrrrrrrrrrr,3538.0
3540,5,yyyrrrrrrrrrrrrrr,3541.0
3545,0,rrrGGgggGGgGrrGrr,3546.0
3550,0,rrrGGgggGGgGrrGrr,3552.0
3555,1,rrrGGgggGGgrrrrrr,3558.0
3560,2,rrryyyyyyyyrrrrrr,3561.0
3565,3,gGgrrrrrrrrrGGrGG,3566.0
3570,4,gGgrrrrrrrrrrrrrr,3571.0
3575,0,rrrGGgggGGgGrrGrr,3579.0
3580,1,rrrGGgggGGgrrrrrr,3584.0
3585,2,rrryyyyyyyyrrrrrr,3587.0
3590,3,gGgrrrrrrrrrGGrGG,3592.0
3595,3,gGgrrrrrrrrrGGrGG,3596.0
3600,4,gGgrrrrrrrrrrrrrr,3603.0
3605,5,yyyrrrrrrrrrrrrrr,3606.0
3610,0,rrrGGgggGGgGrrGrr,3611.0
3615,0,rrrGGgggGGgGrrGrr,3617.0
3620,1,rrrGGgggGGgrrrrrr,3623.0
3625,2,rrryyyyyyyyrrrrrr,3626.0
3630,3,gGgrrrrrrrrrGGrGG,3631.0
3635,4,gGgrrrrrrrrrrrrrr,3637.0
3640,0,rrrGGgggGGgGrrGrr,3645.0
3645,1,rrrGGgggGGgrrrrrr,3650.0
3650,2,rrryyyyyyyyrrrrrr,3653.0
3655,3,gGgrrrrrrrrrGGrGG,3658.0
3660,3,gGgrrrrrrrrrGGrGG,3662.0
3665,3,gGgrrrrrrrrrGGrGG,3666.0
3670,4,gGgrrrrrrrrrrrrrr,3671.0
3675,0,rrrGGgggGGgGrrGrr,3679.0
3680,0,rrrGGgggGGgGrrGrr,3681.0
3685,1,rrrGGgggGGgrrrrrr,3688.0
3690,2,rrryyyyyyyyrrrrrr,3691.0
3695,3,gGgrrrrrrrrrGGrGG,3696.0
3700,4,gGgrrrrrrrrrrrrrr,3705.0
3705,5,yyyrrrrrrrrrrrrrr,3708.0
3710,0,rrrGGgggGGgGrrGrr,3713.0
3715,1,rrrGGgggGGgrrrrrr,3718.0
3720,2,rrryyyyyyyyrrrrrr,3721.0
3725,3,gGgrrrrrrrrrGGrGG,3726.0
3730,4,gGgrrrrrrrrrrrrrr,3732.0
3735,0,rrrGGgggGGgGrrGrr,3740.0
3740,0,rrrGGgggGGgGrrGrr,3742.0
3745,1,rrrGGgggGGgrrrrrr,3749.0
3750,2,rrryyyyyyyyrrrrrr,3752.0
3755,3,gGgrrrrrrrrrGGrGG,3757.0
3760,4,gGgrrrrrrrrrrrrrr,3763.0
3765,5,yyyrrrrrrrrrrrrrr,3766.0
3770,0,rrrGGgggGGgGrrGrr,3771.0
3775,1,rrrGGgggGGgrrrrrr,3776.0
3780,3,gGgrrrrrrrrrGGrGG,3784.0
3785,4,gGgrrrrrrrrrrrrrr,3790.0
3790,5,yyyrrrrrrrrrrrrrr,3793.0
3795,0,rrrGGgggGGgGrrGrr,3798.0
3800,0,rrrGGgggGGgGrrGrr,3802.0
3805,1,rrrGGgggGGgrrrrrr,3808.0
3810,2,rrryyyyyyyyrrrrrr,3811.0
3815,3,gGgrrrrrrrrrGGrGG,3816.0
3820,4,gGgrrrrrrrrrrrrrr,3821.0
3825,0,rrrGGgggGGgGrrGrr,3829.0
3830,1,rrrGGgggGGgrrrrrr,3834.0
3835,2,rrryyyyyyyyrrrrrr,3837.0
3840,3,gGgrrrrrrrrrGGrGG,3842.0
3845,4,gGgrrrrrrrrrrrrrr,3847.0
3850,0,rrrGGgggGGgGrrGrr,3855.0
3855,1,rrrGGgggGGgrrrrrr,3860.0
3860,2,rrryyyyyyyyrrrrrr,3863.0
3865,3,gGgrrrrrrrrrGGrGG,3868.0
3870,4,gGgrrrrrrrrrrrrrr,3873.0
3875,5,yyyrrrrrrrrrrrrrr,3876.0
3880,0,rrrGGgggGGgGrrGrr,3881.0
3885,0,rrrGGgggGGgGrrGrr,3887.0
3890,1,rrrGGgggGGgrrrrrr,3893.0
3895,2,rrryyyyyyyyrrrrrr,3896.0
3900,3,gGgrrrrrrrrrGGrGG,3901.0
3905,3,gGgrrrrrrrrrGGrGG,3907.0
3910,3,gGgrrrrrrrrrGGrGG,3911.0
3915,4,gGgrrrrrrrrrrrrrr,3916.0
3920,0,rrrGGgggGGgGrrGrr,3924.0
3925,1,rrrGGgggGGgrrrrrr,3929.0
3930,2,rrryyyyyyyyrrrrrr,3932.0
3935,3,gGgrrrrrrrrrGGrGG,3937.0
3940,4,gGgrrrrrrrrrrrrrr,3942.0
3945,0,rrrGGgggGGgGrrGrr,3950.0
3950,1,rrrGGgggGGgrrrrrr,3955.0
3955,2,rrryyyyyyyyrrrrrr,3958.0
3960,3,gGgrrrrrrrrrGGrGG,3963.0
3965,3,gGgrrrrrrrrrGGrGG,3966.0
3970,4,gGgrrrrrrrrrrrrrr,3971.0
3975,0,rrrGGgggGGgGrrGrr,3979.0
3980,1,rrrGGgggGGgrrrrrr,3984.0
3985,2,rrryyyyyyyyrrrrrr,3987.0
3990,3,gGgrrrrrrrrrGGrGG,3992.0
3995,4,gGgrrrrrrrrrrrrrr,3997.0
4000,0,rrrGGgggGGgGrrGrr,4005.0
4005,1,rrrGGgggGGgrrrrrr,4010.0
4010,2,rrryyyyyyyyrrrrrr,4013.0
4015,3,gGgrrrrrrrrrGGrGG,4018.0
4020,4,gGgrrrrrrrrrrrrrr,4023.0
4025,5,yyyrrrrrrrrrrrrrr,4026.0
4030,0,rrrGGgggGGgGrrGrr,4031.0
4035,1,rrrGGgggGGgrrrrrr,4036.0
4040,3,gGgrrrrrrrrrGGrGG,4044.0
4045,4,gGgrrrrrrrrrrrrrr,4049.0
4050,5,yyyrrrrrrrrrrrrrr,4052.0
4055,0,rrrGGgggGGgGrrGrr,4057.0
4060,1,rrrGGgggGGgrrrrrr,4062.0
4065,3,gGgrrrrrrrrrGGrGG,4070.0
4070,3,gGgrrrrrrrrrGGrGG,4072.0
4075,3,gGgrrrrrrrrrGGrGG,4076.0
4080,4,gGgrrrrrrrrrrrrrr,4081.0
4085,0,rrrGGgggGGgGrrGrr,4089.0
4090,0,rrrGGgggGGgGrrGrr,4091.0
4095,1,rrrGGgggGGgrrrrrr,4098.0
4100,2,rrryyyyyyyyrrrrrr,4101.0
4105,3,gGgrrrrrrrrrGGrGG,4106.0
4110,4,gGgrrrrrrrrrrrrrr,4111.0
4115,0,rrrGGgggGGgGrrGrr,4119.0
4120,1,rrrGGgggGGgrrrrrr,4124.0
4125,2,rrryyyyyyyyrrrrrr,4127.0
4130,3,gGgrrrrrrrrrGGrGG,4132.0
4135,4,gGgrrrrrrrrrrrrrr,4137.0
4140,0,rrrGGgggGGgGrrGrr,4145.0
4145,1,rrrGGgggGGgrrrrrr,4150.0
4150,2,rrryyyyyyyyrrrrrr,4153.0
4155,3,gGgrrrrrrrrrGGrGG,4158.0
4160,4,gGgrrrrrrrrrrrrrr,4163.0
4165,5,yyyrrrrrrrrrrrrrr,4166.0
4170,0,rrrGGgggGGgGrrGrr,4171.0
4175,1,rrrGGgggGGgrrrrrr,4176.0
4180,3,gGgrrrrrrrrrGGrGG,4184.0
4185,4,gGgrrrrrrrrrrrrrr,4189.0
4190,5,yyyrrrrrrrrrrrrrr,4192.0
4195,0,rrrGGgggGGgGrrGrr,4197.0
4200,0,rrrGGgggGGgGrrGrr,4201.0
4205,1,rrrGGgggGGgrrrrrr,4209.0
4210,2,rrryyyyyyyyrrrrrr,4212.0
4215,3,gGgrrrrrrrrrGGrGG,4217.0
4220,4,gGgrrrrrrrrrrrrrr,4222.0
4225,0,rrrGGgggGGgGrrGrr,4230.0
4230,1,rrrGGgggGGgrrrrrr,4235.0
4235,2,rrryyyyyyyyrrrrrr,4238.0
4240,3,gGgrrrrrrrrrGGrGG,4243.0
4245,4,gGgrrrrrrrrrrrrrr,4248.0
4250,5,yyyrrrrrrrrrrrrrr,4251.0
4255,0,rrrGGgggGGgGrrGrr,4256.0
4260,0,rrrGGgggGGgGrrGrr,4262.0
4265,1,rrrGGgggGGgrrrrrr,4269.0
4270,2,rrryyyyyyyyrrrrrr,4272.0
4275,3,gGgrrrrrrrrrGGrGG,4277.0
4280,4,gGgrrrrrrrrrrrrrr,4282.0
4285,0,rrrGGgggGGgGrrGrr,4290.0
4290,0,rrrGGgggGGgGrrGrr,4291.0
4295,1,rrrGGgggGGgrrrrrr,4296.0
4300,3,gGgrrrrrrrrrGGrGG,4304.0
4305,4,gGgrrrrrrrrrrrrrr,4309.0
4310,5,yyyrrrrrrrrrrrrrr,4312.0
4315,0,rrrGGgggGGgGrrGrr,4317.0
4320,0,rrrGGgggGGgGrrGrr,4321.0
4325,1,rrrGGgggGGgrrrrrr,4329.0
4330,2,rrryyyyyyyyrrrrrr,4332.0
4335,3,gGgrrrrrrrrrGGrGG,4337.0
4340,4,gGgrrrrrrrrrrrrrr,4342.0
4345,0,rrrGGgggGGgGrrGrr,4350.0
4350,1,rrrGGgggGGgrrrrrr,4355.0
4355,2,rrryyyyyyyyrrrrrr,4358.0
4360,3,gGgrrrrrrrrrGGrGG,4363.0
4365,4,gGgrrrrrrrrrrrrrr,4368.0
4370,5,yyyrrrrrrrrrrrrrr,4371.0
4375,0,rrrGGgggGGgGrrGrr,4376.0
4380,1,rrrGGgggGGgrrrrrr,4382.0
4385,3,gGgrrrrrrrrrGGrGG,4390.0
4390,4,gGgrrrrrrrrrrrrrr,4395.0
4395,5,yyyrrrrrrrrrrrrrr,4398.0
4400,0,rrrGGgggGGgGrrGrr,4403.0
4405,1,rrrGGgggGGgrrrrrr,4409.0
4410,2,rrryyyyyyyyrrrrrr,4412.0
4415,3,gGgrrrrrrrrrGGrGG,4417.0
4420,4,gGgrrrrrrrrrrrrrr,4423.0
4425,5,yyyrrrrrrrrrrrrrr,4426.0
4430,0,rrrGGgggGGgGrrGrr,4431.0
4435,1,rrrGGgggGGgrrrrrr,4436.0
4440,3,gGgrrrrrrrrrGGrGG,4444.0
4445,3,gGgrrrrrrrrrGGrGG,4446.0
4450,4,gGgrrrrrrrrrrrrrr,4453.0
4455,5,yyyrrrrrrrrrrrrrr,4456.0
4460,0,rrrGGgggGGgGrrGrr,4461.0
4465,1,rrrGGgggGGgrrrrrr,4466.0
4470,3,gGgrrrrrrrrrGGrGG,4474.0
4475,4,gGgrrrrrrrrrrrrrr,4479.0
4480,5,yyyrrrrrrrrrrrrrr,4482.0
4485,0,rrrGGgggGGgGrrGrr,4487.0
4490,1,rrrGGgggGGgrrrrrr,4492.0
4495,3,gGgrrrrrrrrrGGrGG,4500.0
4500,4,gGgrrrrrrrrrrrrrr,4505.0
4505,5,yyyrrrrrrrrrrrrrr,4508.0
4510,0,rrrGGgggGGgGrrGrr,4513.0
4515,1,rrrGGgggGGgrrrrrr,4518.0
4520,2,rrryyyyyyyyrrrrrr,4521.0
4525,3,gGgrrrrrrrrrGGrGG,4526.0
4530,4,gGgrrrrrrrrrrrrrr,4531.0
4535,0,rrrGGgggGGgGrrGrr,4539.0
4540,1,rrrGGgggGGgrrrrrr,4544.0
4545,2,rrryyyyyyyyrrrrrr,4547.0
4550,3,gGgrrrrrrrrrGGrGG,4552.0
4555,4,gGgrrrrrrrrrrrrrr,4557.0
4560,0,rrrGGgggGGgGrrGrr,4565.0
4565,1,rrrGGgggGGgrrrrrr,4570.0
4570,2,rrryyyyyyyyrrrrrr,4573.0
4575,3,gGgrrrrrrrrrGGrGG,4578.0
4580,4,gGgrrrrrrrrrrrrrr,4583.0
4585,5,yyyrrrrrrrrrrrrrr,4586.0
4590,0,rrrGGgggGGgGrrGrr,4591.0
4595,1,rrrGGgggGGgrrrrrr,4596.0
4600,3,gGgrrrrrrrrrGGrGG,4604.0
4605,4,gGgrrrrrrrrrrrrrr,4609.0
4610,5,yyyrrrrrrrrrrrrrr,4612.0
4615,0,rrrGGgggGGgGrrGrr,4617.0
4620,1,rrrGGgggGGgrrrrrr,4622.0
4625,3,gGgrrrrrrrrrGGrGG,4630.0
4630,4,gGgrrrrrrrrrrrrrr,4635.0
4635,5,yyyrrrrrrrrrrrrrr,4638.0
4640,0,rrrGGgggGGgGrrGrr,4643.0
4645,1,rrrGGgggGGgrrrrrr,4648.0
4650,2,rrryyyyyyyyrrrrrr,4651.0
4655,3,gGgrrrrrrrrrGGrGG,4656.0
4660,4,gGgrrrrrrrrrrrrrr,4664.0
4665,5,yyyrrrrrrrrrrrrrr,4667.0
4670,0,rrrGGgggGGgGrrGrr,4672.0
4675,1,rrrGGgggGGgrrrrrr,4677.0
4680,3,gGgrrrrrrrrrGGrGG,4685.0
4685,4,gGgrrrrrrrrrrrrrr,4690.0
4690,5,yyyrrrrrrrrrrrrrr,4693.0
4695,0,rrrGGgggGGgGrrGrr,4698.0
4700,1,rrrGGgggGGgrrrrrr,4703.0
4705,2,rrryyyyyyyyrrrrrr,4706.0
4710,3,gGgrrrrrrrrrGGrGG,4711.0
4715,4,gGgrrrrrrrrrrrrrr,4716.0
4720,0,rrrGGgggGGgGrrGrr,4724.0
4725,1,rrrGGgggGGgrrrrrr,4729.0
4730,2,rrryyyyyyyyrrrrrr,4732.0
4735,3,gGgrrrrrrrrrGGrGG,4737.0
4740,4,gGgrrrrrrrrrrrrrr,4742.0
4745,0,rrrGGgggGGgGrrGrr,4750.0
4750,1,rrrGGgggGGgrrrrrr,4755.0
4755,2,rrryyyyyyyyrrrrrr,4758.0
4760,3,gGgrrrrrrrrrGGrGG,4763.0
4765,4,gGgrrrrrrrrrrrrrr,4768.0
4770,5,yyyrrrrrrrrrrrrrr,4771.0
4775,0,rrrGGgggGGgGrrGrr,4776.0
4780,1,rrrGGgggGGgrrrrrr,4781.0
4785,3,gGgrrrrrrrrrGGrGG,4789.0
4790,4,gGgrrrrrrrrrrrrrr,4794.0
4795,5,yyyrrrrrrrrrrrrrr,4797.0
4800,0,rrrGGgggGGgGrrGrr,4802.0
4805,1,rrrGGgggGGgrrrrrr,4807.0
4810,3,gGgrrrrrrrrrGGrGG,4815.0
4815,4,gGgrrrrrrrrrrrrrr,4820.0
4820,5,yyyrrrrrrrrrrrrrr,4823.0
4825,0,rrrGGgggGGgGrrGrr,4828.0
4830,1,rrrGGgggGGgrrrrrr,4833.0
4835,2,rrryyyyyyyyrrrrrr,4836.0
4840,3,gGgrrrrrrrrrGGrGG,4841.0
4845,4,gGgrrrrrrrrrrrrrr,4846.0
4850,0,rrrGGgggGGgGrrGrr,4854.0
4855,1,rrrGGgggGGgrrrrrr,4859.0
4860,2,rrryyyyyyyyrrrrrr,4862.0
4865,3,gGgrrrrrrrrrGGrGG,4867.0
4870,4,gGgrrrrrrrrrrrrrr,4872.0
4875,0,rrrGGgggGGgGrrGrr,4880.0
4880,1,rrrGGgggGGgrrrrrr,4885.0
4885,2,rrryyyyyyyyrrrrrr,4888.0
4890,3,gGgrrrrrrrrrGGrGG,4893.0
4895,4,gGgrrrrrrrrrrrrrr,4898.0
4900,5,yyyrrrrrrrrrrrrrr,4901.0
4905,0,rrrGGgggGGgGrrGrr,4906.0
4910,1,rrrGGgggGGgrrrrrr,4911.0
4915,3,gGgrrrrrrrrrGGrGG,4919.0
4920,4,gGgrrrrrrrrrrrrrr,4924.0
4925,5,yyyrrrrrrrrrrrrrr,4927.0
4930,0,rrrGGgggGGgGrrGrr,4932.0
4935,1,rrrGGgggGGgrrrrrr,4937.0
4940,3,gGgrrrrrrrrrGGrGG,4945.0
4945,4,gGgrrrrrrrrrrrrrr,4950.0
4950,5,yyyrrrrrrrrrrrrrr,4953.0
4955,0,rrrGGgggGGgGrrGrr,4958.0
4960,1,rrrGGgggGGgrrrrrr,4963.0
4965,2,rrryyyyyyyyrrrrrr,4966.0
4970,3,gGgrrrrrrrrrGGrGG,4971.0
4975,4,gGgrrrrrrrrrrrrrr,4976.0
4980,0,rrrGGgggGGgGrrGrr,4984.0
4985,1,rrrGGgggGGgrrrrrr,4989.0
4990,2,rrryyyyyyyyrrrrrr,4992.0
4995,3,gGgrrrrrrrrrGGrGG,4997.0
5000,4,gGgrrrrrrrrrrrrrr,5002.0
5005,0,rrrGGgggGGgGrrGrr,5010.0
5010,1,rrrGGgggGGgrrrrrr,5015.0
5015,2,rrryyyyyyyyrrrrrr,5018.0
5020,3,gGgrrrrrrrrrGGrGG,5023.0
5025,4,gGgrrrrrrrrrrrrrr,5028.0
5030,5,yyyrrrrrrrrrrrrrr,5031.0
5035,0,rrrGGgggGGgGrrGrr,5036.0
5040,1,rrrGGgggGGgrrrrrr,5041.0
5045,3,gGgrrrrrrrrrGGrGG,5049.0
5050,4,gGgrrrrrrrrrrrrrr,5054.0
5055,5,yyyrrrrrrrrrrrrrr,5057.0
5060,0,rrrGGgggGGgGrrGrr,5062.0
5065,1,rrrGGgggGGgrrrrrr,5067.0
5070,3,gGgrrrrrrrrrGGrGG,5075.0
5075,4,gGgrrrrrrrrrrrrrr,5080.0
5080,5,yyyrrrrrrrrrrrrrr,5083.0
5085,0,rrrGGgggGGgGrrGrr,5088.0
5090,1,rrrGGgggGGgrrrrrr,5093.0
5095,2,rrryyyyyyyyrrrrrr,5096.0
5100,3,gGgrrrrrrrrrGGrGG,5101.0
5105,4,gGgrrrrrrrrrrrrrr,5106.0
5110,0,rrrGGgggGGgGrrGrr,5114.0
5115,1,rrrGGgggGGgrrrrrr,5119.0
5120,2,rrryyyyyyyyrrrrrr,5122.0
5125,3,gGgrrrrrrrrrGGrGG,5127.0
5130,4,gGgrrrrrrrrrrrrrr,5132.0
5135,0,rrrGGgggGGgGrrGrr,5140.0
5140,1,rrrGGgggGGgrrrrrr,5145.0
5145,2,rrryyyyyyyyrrrrrr,5148.0
5150,3,gGgrrrrrrrrrGGrGG,5153.0
5155,4,gGgrrrrrrrrrrrrrr,5158.0
5160,5,yyyrrrrrrrrrrrrrr,5161.0
5165,0,rrrGGgggGGgGrrGrr,5166.0
5170,1,rrrGGgggGGgrrrrrr,5171.0
5175,3,gGgrrrrrrrrrGGrGG,5179.0
5180,4,gGgrrrrrrrrrrrrrr,5184.0
5185,5,yyyrrrrrrrrrrrrrr,5187.0
5190,0,rrrGGgggGGgGrrGrr,5192.0
5195,1,rrrGGgggGGgrrrrrr,5197.0
5200,3,gGgrrrrrrrrrGGrGG,5205.0
5205,4,gGgrrrrrrrrrrrrrr,5210.0
5210,5,yyyrrrrrrrrrrrrrr,5213.0
5215,0,rrrGGgggGGgGrrGrr,5218.0
5220,1,rrrGGgggGGgrrrrrr,5223.0
5225,2,rrryyyyyyyyrrrrrr,5226.0
5230,3,gGgrrrrrrrrrGGrGG,5231.0
5235,4,gGgrrrrrrrrrrrrrr,5236.0
5240,0,rrrGGgggGGgGrrGrr,5244.0
5245,1,rrrGGgggGGgrrrrrr,5249.0
5250,2,rrryyyyyyyyrrrrrr,5252.0
5255,3,gGgrrrrrrrrrGGrGG,5257.0
5260,4,gGgrrrrrrrrrrrrrr,5262.0
5265,0,rrrGGgggGGgGrrGrr,5270.0
5270,1,rrrGGgggGGgrrrrrr,5275.0
5275,2,rrryyyyyyyyrrrrrr,5278.0
5280,3,gGgrrrrrrrrrGGrGG,5283.0
5285,4,gGgrrrrrrrrrrrrrr,5288.0
5290,5,yyyrrrrrrrrrrrrrr,5291.0
5295,0,rrrGGgggGGgGrrGrr,5296.0
5300,1,rrrGGgggGGgrrrrrr,5301.0
5305,3,gGgrrrrrrrrrGGrGG,5309.0
5310,4,gGgrrrrrrrrrrrrrr,5314.0
5315,5,yyyrrrrrrrrrrrrrr,5317.0
5320,0,rrrGGgggGGgGrrGrr,5322.0
5325,1,rrrGGgggGGgrrrrrr,5327.0
5330,3,gGgrrrrrrrrrGGrGG,5335.0
5335,4,gGgrrrrrrrrrrrrrr,5340.0
5340,5,yyyrrrrrrrrrrrrrr,5343.0
5345,0,rrrGGgggGGgGrrGrr,5348.0
5350,1,rrrGGgggGGgrrrrrr,5353.0
5355,2,rrryyyyyyyyrrrrrr,5356.0
5360,3,gGgrrrrrrrrrGGrGG,5361.0
5365,4,gGgrrrrrrrrrrrrrr,5366.0
5370,0,rrrGGgggGGgGrrGrr,5374.0
5375,1,rrrGGgggGGgrrrrrr,5379.0
5380,2,rrryyyyyyyyrrrrrr,5382.0
5385,3,gGgrrrrrrrrrGGrGG,5387.0
5390,4,gGgrrrrrrrrrrrrrr,5392.0
5395,0,rrrGGgggGGgGrrGrr,5400.0
5400,1,rrrGGgggGGgrrrrrr,5405.0
5405,2,rrryyyyyyyyrrrrrr,5408.0
5410,3,gGgrrrrrrrrrGGrGG,5413.0
5415,4,gGgrrrrrrrrrrrrrr,5418.0
5420,5,yyyrrrrrrrrrrrrrr,5421.0
5425,0,rrrGGgggGGgGrrGrr,5426.0
5430,1,rrrGGgggGGgrrrrrr,5431.0
5435,3,gGgrrrrrrrrrGGrGG,5439.0
5440,4,gGgrrrrrrrrrrrrrr,5444.0
5445,5,yyyrrrrrrrrrrrrrr,5447.0
5450,0,rrrGGgggGGgGrrGrr,5452.0
5455,1,rrrGGgggGGgrrrrrr,5457.0
5460,3,gGgrrrrrrrrrGGrGG,5465.0
5465,4,gGgrrrrrrrrrrrrrr,5470.0
5470,5,yyyrrrrrrrrrrrrrr,5473.0
5475,0,rrrGGgggGGgGrrGrr,5478.0
5480,1,rrrGGgggGGgrrrrrr,5483.0
5485,2,rrryyyyyyyyrrrrrr,5486.0
5490,3,gGgrrrrrrrrrGGrGG,5491.0
5495,4,gGgrrrrrrrrrrrrrr,5496.0
5500,0,rrrGGgggGGgGrrGrr,5504.0
5505,1,rrrGGgggGGgrrrrrr,5509.0
5510,2,rrryyyyyyyyrrrrrr,5512.0
5515,3,gGgrrrrrrrrrGGrGG,5517.0
5520,4,gGgrrrrrrrrrrrrrr,5522.0
5525,0,rrrGGgggGGgGrrGrr,5530.0
5530,1,rrrGGgggGGgrrrrrr,5535.0
5535,2,rrryyyyyyyyrrrrrr,5538.0
5540,3,gGgrrrrrrrrrGGrGG,5543.0
5545,4,gGgrrrrrrrrrrrrrr,5548.0
5550,5,yyyrrrrrrrrrrrrrr,5551.0
5555,0,rrrGGgggGGgGrrGrr,5556.0
5560,1,rrrGGgggGGgrrrrrr,5561.0
5565,3,gGgrrrrrrrrrGGrGG,5569.0
5570,4,gGgrrrrrrrrrrrrrr,5574.0
5575,5,yyyrrrrrrrrrrrrrr,5577.0
5580,0,rrrGGgggGGgGrrGrr,5582.0
5585,1,rrrGGgggGGgrrrrrr,5587.0
5590,3,gGgrrrrrrrrrGGrGG,5595.0
5595,4,gGgrrrrrrrrrrrrrr,5600.0
5600,5,yyyrrrrrrrrrrrrrr,5603.0
5605,0,rrrGGgggGGgGrrGrr,5608.0
5610,1,rrrGGgggGGgrrrrrr,5613.0
5615,2,rrryyyyyyyyrrrrrr,5616.0
5620,3,gGgrrrrrrrrrGGrGG,5621.0
5625,4,gGgrrrrrrrrrrrrrr,5626.0
5630,0,rrrGGgggGGgGrrGrr,5634.0
5635,1,rrrGGgggGGgrrrrrr,5639.0
5640,2,rrryyyyyyyyrrrrrr,5642.0
5645,3,gGgrrrrrrrrrGGrGG,5647.0
5650,4,gGgrrrrrrrrrrrrrr,5652.0
5655,0,rrrGGgggGGgGrrGrr,5660.0
5660,1,rrrGGgggGGgrrrrrr,5665.0
5665,2,rrryyyyyyyyrrrrrr,5668.0
5670,3,gGgrrrrrrrrrGGrGG,5673.0
5675,4,gGgrrrrrrrrrrrrrr,5678.0
5680,5,yyyrrrrrrrrrrrrrr,5681.0
5685,0,rrrGGgggGGgGrrGrr,5686.0
5690,1,rrrGGgggGGgrrrrrr,5691.0
5695,3,gGgrrrrrrrrrGGrGG,5699.0
5700,4,gGgrrrrrrrrrrrrrr,5704.0
5705,5,yyyrrrrrrrrrrrrrr,5707.0
5710,0,rrrGGgggGGgGrrGrr,5712.0
5715,1,rrrGGgggGGgrrrrrr,5717.0
5720,3,gGgrrrrrrrrrGGrGG,5725.0
5725,4,gGgrrrrrrrrrrrrrr,5730.0
5730,5,yyyrrrrrrrrrrrrrr,5733.0
5735,0,rrrGGgggGGgGrrGrr,5738.0
5740,1,rrrGGgggGGgrrrrrr,5745.0
5745,2,rrryyyyyyyyrrrrrr,5748.0
5750,3,gGgrrrrrrrrrGGrGG,5753.0
5755,4,gGgrrrrrrrrrrrrrr,5758.0
5760,5,yyyrrrrrrrrrrrrrr,5761.0
5765,0,rrrGGgggGGgGrrGrr,5766.0
5770,1,rrrGGgggGGgrrrrrr,5771.0
5775,3,gGgrrrrrrrrrGGrGG,5779.0
5780,4,gGgrrrrrrrrrrrrrr,5784.0
5785,5,yyyrrrrrrrrrrrrrr,5787.0
5790,0,rrrGGgggGGgGrrGrr,5792.0
5795,1,rrrGGgggGGgrrrrrr,5797.0
5800,3,gGgrrrrrrrrrGGrGG,5805.0
5805,4,gGgrrrrrrrrrrrrrr,5810.0
5810,5,yyyrrrrrrrrrrrrrr,5813.0
5815,0,rrrGGgggGGgGrrGrr,5818.0
5820,1,rrrGGgggGGgrrrrrr,5823.0
5825,2,rrryyyyyyyyrrrrrr,5826.0
5830,3,gGgrrrrrrrrrGGrGG,5831.0
5835,4,gGgrrrrrrrrrrrrrr,5836.0
5840,0,rrrGGgggGGgGrrGrr,5844.0
5845,1,rrrGGgggGGgrrrrrr,5849.0
5850,2,rrryyyyyyyyrrrrrr,5852.0
5855,3,gGgrrrrrrrrrGGrGG,5857.0
5860,4,gGgrrrrrrrrrrrrrr,5862.0
5865,0,rrrGGgggGGgGrrGrr,5870.0
5870,1,rrrGGgggGGgrrrrrr,5875.0
5875,2,rrryyyyyyyyrrrrrr,5878.0
5880,3,gGgrrrrrrrrrGGrGG,5883.0
5885,4,gGgrrrrrrrrrrrrrr,5888.0
5890,5,yyyrrrrrrrrrrrrrr,5891.0
5895,0,rrrGGgggGGgGrrGrr,5896.0
5900,1,rrrGGgggGGgrrrrrr,5901.0
5905,3,gGgrrrrrrrrrGGrGG,5909.0
5910,4,gGgrrrrrrrrrrrrrr,5914.0
5915,5,yyyrrrrrrrrrrrrrr,5917.0
5920,0,rrrGGgggGGgGrrGrr,5922.0
5925,1,rrrGGgggGGgrrrrrr,5927.0
5930,3,gGgrrrrrrrrrGGrGG,5935.0
5935,4,gGgrrrrrrrrrrrrrr,5940.0
5940,5,yyyrrrrrrrrrrrrrr,5943.0
5945,0,rrrGGgggGGgGrrGrr,5948.0
5950,1,rrrGGgggGGgrrrrrr,5953.0
5955,2,rrryyyyyyyyrrrrrr,5956.0
5960,3,gGgrrrrrrrrrGGrGG,5961.0
5965,4,gGgrrrrrrrrrrrrrr,5966.0
5970,0,rrrGGgggGGgGrrGrr,5974.0
5975,1,rrrGGgggGGgrrrrrr,5979.0
5980,2,rrryyyyyyyyrrrrrr,5982.0
5985,3,gGgrrrrrrrrrGGrGG,5987.0
5990,4,gGgrrrrrrrrrrrrrr,5992.0
5995,0,rrrGGgggGGgGrrGrr,6000.0
6000,1,rrrGGgggGGgrrrrrr,6005.0
6005,2,rrryyyyyyyyrrrrrr,6008.0
6010,3,gGgrrrrrrrrrGGrGG,6013.0
6015,4,gGgrrrrrrrrrrrrrr,6018.0
6020,5,yyyrrrrrrrrrrrrrr,6021.0
6025,0,rrrGGgggGGgGrrGrr,6026.0
6030,1,rrrGGgggGGgrrrrrr,6031.0
6035,3,gGgrrrrrrrrrGGrGG,6039.0
6040,4,gGgrrrrrrrrrrrrrr,6044.0
6045,5,yyyrrrrrrrrrrrrrr,6047.0
6050,0,rrrGGgggGGgGrrGrr,6052.0
6055,1,rrrGGgggGGgrrrrrr,6057.0
6060,3,gGgrrrrrrrrrGGrGG,6065.0
6065,4,gGgrrrrrrrrrrrrrr,6070.0
6070,5,yyyrrrrrrrrrrrrrr,6073.0
6075,0,rrrGGgggGGgGrrGrr,6078.0
6080,1,rrrGGgggGGgrrrrrr,6083.0
6085,2,rrryyyyyyyyrrrrrr,6086.0
6090,3,gGgrrrrrrrrrGGrGG,6091.0
6095,4,gGgrrrrrrrrrrrrrr,6096.0
6100,0,rrrGGgggGGgGrrGrr,6104.0
6105,1,rrrGGgggGGgrrrrrr,6109.0
6110,2,rrryyyyyyyyrrrrrr,6112.0
6115,3,gGgrrrrrrrrrGGrGG,6117.0
6120,4,gGgrrrrrrrrrrrrrr,6122.0
6125,0,rrrGGgggGGgGrrGrr,6130.0
6130,1,rrrGGgggGGgrrrrrr,6135.0
6135,2,rrryyyyyyyyrrrrrr,6138.0
6140,3,gGgrrrrrrrrrGGrGG,6143.0
6145,4,gGgrrrrrrrrrrrrrr,6148.0
6150,5,yyyrrrrrrrrrrrrrr,6151.0
6155,0,rrrGGgggGGgGrrGrr,6156.0
6160,1,rrrGGgggGGgrrrrrr,6161.0
6165,3,gGgrrrrrrrrrGGrGG,6169.0
6170,4,gGgrrrrrrrrrrrrrr,6174.0
6175,5,yyyrrrrrrrrrrrrrr,6177.0
6180,0,rrrGGgggGGgGrrGrr,6182.0
6185,1,rrrGGgggGGgrrrrrr,6187.0
6190,3,gGgrrrrrrrrrGGrGG,6195.0
6195,4,gGgrrrrrrrrrrrrrr,6200.0
6200,5,yyyrrrrrrrrrrrrrr,6203.0
6205,0,rrrGGgggGGgGrrGrr,6208.0
6210,1,rrrGGgggGGgrrrrrr,6213.0
6215,2,rrryyyyyyyyrrrrrr,6216.0
6220,3,gGgrrrrrrrrrGGrGG,6221.0
6225,4,gGgrrrrrrrrrrrrrr,6226.0
6230,0,rrrGGgggGGgGrrGrr,6234.0
6235,1,rrrGGgggGGgrrrrrr,6239.0
6240,2,rrryyyyyyyyrrrrrr,6242.0
6245,3,gGgrrrrrrrrrGGrGG,6247.0
6250,4,gGgrrrrrrrrrrrrrr,6252.0
6255,0,rrrGGgggGGgGrrGrr,6260.0
6260,1,rrrGGgggGGgrrrrrr,6265.0
6265,2,rrryyyyyyyyrrrrrr,6268.0
6270,3,gGgrrrrrrrrrGGrGG,6273.0
6275,4,gGgrrrrrrrrrrrrrr,6278.0
6280,5,yyyrrrrrrrrrrrrrr,6281.0
6285,0,rrrGGgggGGgGrrGrr,6286.0
6290,1,rrrGGgggGGgrrrrrr,6291.0
6295,3,gGgrrrrrrrrrGGrGG,6299.0
6300,4,gGgrrrrrrrrrrrrrr,6304.0
6305,5,yyyrrrrrrrrrrrrrr,6307.0
6310,0,rrrGGgggGGgGrrGrr,6312.0
6315,1,rrrGGgggGGgrrrrrr,6317.0
6320,3,gGgrrrrrrrrrGGrGG,6325.0
6325,4,gGgrrrrrrrrrrrrrr,6330.0
6330,5,yyyrrrrrrrrrrrrrr,6333.0
6335,0,rrrGGgggGGgGrrGrr,6338.0
6340,1,rrrGGgggGGgrrrrrr,6343.0
6345,2,rrryyyyyyyyrrrrrr,6346.0
6350,3,gGgrrrrrrrrrGGrGG,6351.0
6355,4,gGgrrrrrrrrrrrrrr,6356.0
6360,0,rrrGGgggGGgGrrGrr,6364.0
6365,1,rrrGGgggGGgrrrrrr,6369.0
6370,2,rrryyyyyyyyrrrrrr,6372.0
6375,3,gGgrrrrrrrrrGGrGG,6377.0
6380,4,gGgrrrrrrrrrrrrrr,6382.0
6385,0,rrrGGgggGGgGrrGrr,6390.0
6390,1,rrrGGgggGGgrrrrrr,6395.0
6395,2,rrryyyyyyyyrrrrrr,6398.0
6400,3,gGgrrrrrrrrrGGrGG,6403.0
6405,4,gGgrrrrrrrrrrrrrr,6408.0
6410,5,yyyrrrrrrrrrrrrrr,6411.0
6415,0,rrrGGgggGGgGrrGrr,6416.0
6420,1,rrrGGgggGGgrrrrrr,6421.0
6425,3,gGgrrrrrrrrrGGrGG,6429.0
6430,4,gGgrrrrrrrrrrrrrr,6434.0
6435,5,yyyrrrrrrrrrrrrrr,6437.0
6440,0,rrrGGgggGGgGrrGrr,6442.0
6445,1,rrrGGgggGGgrrrrrr,6447.0
6450,3,gGgrrrrrrrrrGGrGG,6455.0
6455,4,gGgrrrrrrrrrrrrrr,6460.0
6460,5,yyyrrrrrrrrrrrrrr,6463.0
6465,0,rrrGGgggGGgGrrGrr,6468.0
6470,1,rrrGGgggGGgrrrrrr,6473.0
6475,2,rrryyyyyyyyrrrrrr,6476.0
6480,3,gGgrrrrrrrrrGGrGG,6481.0
6485,4,gGgrrrrrrrrrrrrrr,6486.0
6490,0,rrrGGgggGGgGrrGrr,6494.0
6495,1,rrrGGgggGGgrrrrrr,6499.0
6500,2,rrryyyyyyyyrrrrrr,6502.0
6505,3,gGgrrrrrrrrrGGrGG,6507.0
6510,4,gGgrrrrrrrrrrrrrr,6512.0
6515,0,rrrGGgggGGgGrrGrr,6520.0
6520,1,rrrGGgggGGgrrrrrr,6525.0
6525,2,rrryyyyyyyyrrrrrr,6528.0
6530,3,gGgrrrrrrrrrGGrGG,6533.0
6535,4,gGgrrrrrrrrrrrrrr,6538.0
6540,5,yyyrrrrrrrrrrrrrr,6541.0
6545,0,rrrGGgggGGgGrrGrr,6546.0
6550,1,rrrGGgggGGgrrrrrr,6551.0
6555,3,gGgrrrrrrrrrGGrGG,6559.0
6560,4,gGgrrrrrrrrrrrrrr,6564.0
6565,5,yyyrrrrrrrrrrrrrr,6567.0
6570,0,rrrGGgggGGgGrrGrr,6572.0
6575,1,rrrGGgggGGgrrrrrr,6577.0
6580,3,gGgrrrrrrrrrGGrGG,6585.0
6585,4,gGgrrrrrrrrrrrrrr,6590.0
6590,5,yyyrrrrrrrrrrrrrr,6593.0
6595,0,rrrGGgggGGgGrrGrr,6598.0
6600,1,rrrGGgggGGgrrrrrr,6603.0
6605,2,rrryyyyyyyyrrrrrr,6606.0
6610,3,gGgrrrrrrrrrGGrGG,6611.0
6615,4,gGgrrrrrrrrrrrrrr,6616.0
6620,0,rrrGGgggGGgGrrGrr,6624.0
6625,1,rrrGGgggGGgrrrrrr,6629.0
6630,2,rrryyyyyyyyrrrrrr,6632.0
6635,3,gGgrrrrrrrrrGGrGG,6637.0
6640,4,gGgrrrrrrrrrrrrrr,6642.0
6645,0,rrrGGgggGGgGrrGrr,6650.0
6650,1,rrrGGgggGGgrrrrrr,6655.0
6655,2,rrryyyyyyyyrrrrrr,6658.0
6660,3,gGgrrrrrrrrrGGrGG,6663.0
6665,4,gGgrrrrrrrrrrrrrr,6668.0
6670,5,yyyrrrrrrrrrrrrrr,6671.0
6675,0,rrrGGgggGGgGrrGrr,6676.0
6680,1,rrrGGgggGGgrrrrrr,6681.0
6685,3,gGgrrrrrrrrrGGrGG,6689.0
6690,4,gGgrrrrrrrrrrrrrr,6694.0
6695,5,yyyrrrrrrrrrrrrrr,6697.0
6700,0,rrrGGgggGGgGrrGrr,6702.0
6705,1,rrrGGgggGGgrrrrrr,6707.0
6710,3,gGgrrrrrrrrrGGrGG,6715.0
6715,4,gGgrrrrrrrrrrrrrr,6720.0
6720,5,yyyrrrrrrrrrrrrrr,6723.0
6725,0,rrrGGgggGGgGrrGrr,6728.0
6730,1,rrrGGgggGGgrrrrrr,6733.0
6735,2,rrryyyyyyyyrrrrrr,6736.0
6740,3,gGgrrrrrrrrrGGrGG,6741.0
6745,4,gGgrrrrrrrrrrrrrr,6746.0
6750,0,rrrGGgggGGgGrrGrr,6754.0
6755,1,rrrGGgggGGgrrrrrr,6759.0
6760,2,rrryyyyyyyyrrrrrr,6762.0
6765,3,gGgrrrrrrrrrGGrGG,6767.0
6770,4,gGgrrrrrrrrrrrrrr,6772.0
6775,0,rrrGGgggGGgGrrGrr,6780.0
6780,1,rrrGGgggGGgrrrrrr,6785.0
6785,2,rrryyyyyyyyrrrrrr,6788.0
6790,3,gGgrrrrrrrrrGGrGG,6793.0
6795,4,gGgrrrrrrrrrrrrrr,6798.0
6800,5,yyyrrrrrrrrrrrrrr,6801.0
6805,0,rrrGGgggGGgGrrGrr,6806.0
6810,1,rrrGGgggGGgrrrrrr,6811.0
6815,3,gGgrrrrrrrrrGGrGG,6819.0
6820,4,gGgrrrrrrrrrrrrrr,6824.0
6825,5,yyyrrrrrrrrrrrrrr,6827.0
6830,0,rrrGGgggGGgGrrGrr,6832.0
6835,1,rrrGGgggGGgrrrrrr,6837.0
6840,3,gGgrrrrrrrrrGGrGG,6845.0
6845,4,gGgrrrrrrrrrrrrrr,6850.0
6850,5,yyyrrrrrrrrrrrrrr,6853.0
6855,0,rrrGGgggGGgGrrGrr,6858.0
6860,1,rrrGGgggGGgrrrrrr,6863.0
6865,2,rrryyyyyyyyrrrrrr,6866.0
6870,3,gGgrrrrrrrrrGGrGG,6871.0
6875,4,gGgrrrrrrrrrrrrrr,6876.0
6880,0,rrrGGgggGGgGrrGrr,6884.0
6885,1,rrrGGgggGGgrrrrrr,6889.0
6890,2,rrryyyyyyyyrrrrrr,6892.0
6895,3,gGgrrrrrrrrrGGrGG,6897.0
6900,4,gGgrrrrrrrrrrrrrr,6902.0
6905,0,rrrGGgggGGgGrrGrr,6910.0
6910,1,rrrGGgggGGgrrrrrr,6915.0
6915,2,rrryyyyyyyyrrrrrr,6918.0
6920,3,gGgrrrrrrrrrGGrGG,6923.0
6925,4,gGgrrrrrrrrrrrrrr,6928.0
6930,5,yyyrrrrrrrrrrrrrr,6931.0
6935,0,rrrGGgggGGgGrrGrr,6936.0
6940,1,rrrGGgggGGgrrrrrr,6941.0
6945,3,gGgrrrrrrrrrGGrGG,6949.0
6950,4,gGgrrrrrrrrrrrrrr,6954.0
6955,5,yyyrrrrrrrrrrrrrr,6957.0
6960,0,rrrGGgggGGgGrrGrr,6962.0
6965,1,rrrGGgggGGgrrrrrr,6967.0
6970,3,gGgrrrrrrrrrGGrGG,6975.0
6975,4,gGgrrrrrrrrrrrrrr,6980.0
6980,5,yyyrrrrrrrrrrrrrr,6983.0
6985,0,rrrGGgggGGgGrrGrr,6988.0
6990,1,rrrGGgggGGgrrrrrr,6993.0
6995,2,rrryyyyyyyyrrrrrr,6996.0
7000,3,gGgrrrrrrrrrGGrGG,7001.0
7005,4,gGgrrrrrrrrrrrrrr,7006.0
7010,0,rrrGGgggGGgGrrGrr,7014.0
7015,1,rrrGGgggGGgrrrrrr,7019.0
7020,2,rrryyyyyyyyrrrrrr,7022.0
7025,3,gGgrrrrrrrrrGGrGG,7027.0
7030,4,gGgrrrrrrrrrrrrrr,7032.0
7035,0,rrrGGgggGGgGrrGrr,7040.0
7040,1,rrrGGgggGGgrrrrrr,7045.0
7045,2,rrryyyyyyyyrrrrrr,7048.0
7050,3,gGgrrrrrrrrrGGrGG,7053.0
7055,4,gGgrrrrrrrrrrrrrr,7058.0
7060,5,yyyrrrrrrrrrrrrrr,7061.0
7065,0,rrrGGgggGGgGrrGrr,7066.0
7070,1,rrrGGgggGGgrrrrrr,7071.0
7075,3,gGgrrrrrrrrrGGrGG,7079.0
7080,4,gGgrrrrrrrrrrrrrr,7084.0
7085,5,yyyrrrrrrrrrrrrrr,7087.0
7090,0,rrrGGgggGGgGrrGrr,7092.0
7095,1,rrrGGgggGGgrrrrrr,7097.0
7100,3,gGgrrrrrrrrrGGrGG,7105.0
7105,4,gGgrrrrrrrrrrrrrr,7110.0
7110,5,yyyrrrrrrrrrrrrrr,7113.0
7115,0,rrrGGgggGGgGrrGrr,7118.0
7120,1,rrrGGgggGGgrrrrrr,7123.0
7125,2,rrryyyyyyyyrrrrrr,7126.0
7130,3,gGgrrrrrrrrrGGrGG,7131.0
7135,4,gGgrrrrrrrrrrrrrr,7136.0
7140,0,rrrGGgggGGgGrrGrr,7144.0
7145,1,rrrGGgggGGgrrrrrr,7149.0
7150,2,rrryyyyyyyyrrrrrr,7152.0
7155,3,gGgrrrrrrrrrGGrGG,7157.0
7160,4,gGgrrrrrrrrrrrrrr,7162.0
7165,0,rrrGGgggGGgGrrGrr,7170.0
7170,1,rrrGGgggGGgrrrrrr,7175.0
7175,2,rrryyyyyyyyrrrrrr,7178.0
7180,3,gGgrrrrrrrrrGGrGG,7183.0
7185,4,gGgrrrrrrrrrrrrrr,7188.0
7190,5,yyyrrrrrrrrrrrrrr,7191.0
7195,0,rrrGGgggGGgGrrGrr,7196.0
7200,1,rrrGGgggGGgrrrrrr,7201.0
7205,3,gGgrrrrrrrrrGGrGG,7209.0
7210,4,gGgrrrrrrrrrrrrrr,7214.0
7215,5,yyyrrrrrrrrrrrrrr,7217.0
7220,0,rrrGGgggGGgGrrGrr,7222.0
7225,1,rrrGGgggGGgrrrrrr,7227.0
7230,3,gGgrrrrrrrrrGGrGG,7235.0
7235,4,gGgrrrrrrrrrrrrrr,7240.0
7240,5,yyyrrrrrrrrrrrrrr,7243.0
7245,0,rrrGGgggGGgGrrGrr,7248.0
7250,1,rrrGGgggGGgrrrrrr,7253.0
7255,2,rrryyyyyyyyrrrrrr,7256.0
7260,3,gGgrrrrrrrrrGGrGG,7261.0
7265,4,gGgrrrrrrrrrrrrrr,7266.0
7270,0,rrrGGgggGGgGrrGrr,7274.0
7275,1,rrrGGgggGGgrrrrrr,7279.0
7280,2,rrryyyyyyyyrrrrrr,7282.0
7285,3,gGgrrrrrrrrrGGrGG,7287.0
7290,4,gGgrrrrrrrrrrrrrr,7292.0
7295,0,rrrGGgggGGgGrrGrr,7300.0
7300,1,rrrGGgggGGgrrrrrr,7305.0
7305,2,rrryyyyyyyyrrrrrr,7308.0
7310,3,gGgrrrrrrrrrGGrGG,7313.0
7315,4,gGgrrrrrrrrrrrrrr,7318.0
7320,5,yyyrrrrrrrrrrrrrr,7321.0
7325,0,rrrGGgggGGgGrrGrr,7326.0
7330,1,rrrGGgggGGgrrrrrr,7331.0
7335,3,gGgrrrrrrrrrGGrGG,7339.0
7340,4,gGgrrrrrrrrrrrrrr,7344.0
7345,5,yyyrrrrrrrrrrrrrr,7347.0
7350,0,rrrGGgggGGgGrrGrr,7352.0
7355,1,rrrGGgggGGgrrrrrr,7357.0
7360,3,gGgrrrrrrrrrGGrGG,7365.0
7365,4,gGgrrrrrrrrrrrrrr,7370.0
7370,5,yyyrrrrrrrrrrrrrr,7373.0
7375,0,rrrGGgggGGgGrrGrr,7378.0
7380,1,rrrGGgggGGgrrrrrr,7383.0
7385,2,rrryyyyyyyyrrrrrr,7386.0
7390,3,gGgrrrrrrrrrGGrGG,7391.0
7395,4,gGgrrrrrrrrrrrrrr,7396.0
7400,0,rrrGGgggGGgGrrGrr,7404.0
7405,1,rrrGGgggGGgrrrrrr,7409.0
7410,2,rrryyyyyyyyrrrrrr,7412.0
7415,3,gGgrrrrrrrrrGGrGG,7417.0
7420,4,gGgrrrrrrrrrrrrrr,7422.0
7425,0,rrrGGgggGGgGrrGrr,7430.0
7430,1,rrrGGgggGGgrrrrrr,7435.0
7435,2,rrryyyyyyyyrrrrrr,7438.0
7440,3,gGgrrrrrrrrrGGrGG,7443.0
7445,4,gGgrrrrrrrrrrrrrr,7448.0
7450,5,yyyrrrrrrrrrrrrrr,7451.0
7455,0,rrrGGgggGGgGrrGrr,7456.0
7460,1,rrrGGgggGGgrrrrrr,7461.0
7465,3,gGgrrrrrrrrrGGrGG,7469.0
7470,4,gGgrrrrrrrrrrrrrr,7474.0
7475,5,yyyrrrrrrrrrrrrrr,7477.0
7480,0,rrrGGgggGGgGrrGrr,7482.0
7485,1,rrrGGgggGGgrrrrrr,7487.0
7490,3,gGgrrrrrrrrrGGrGG,7495.0
7495,4,gGgrrrrrrrrrrrrrr,7500.0
7500,5,yyyrrrrrrrrrrrrrr,7503.0
7505,0,rrrGGgggGGgGrrGrr,7508.0
7510,1,rrrGGgggGGgrrrrrr,7513.0
7515,2,rrryyyyyyyyrrrrrr,7516.0
7520,3,gGgrrrrrrrrrGGrGG,7521.0
7525,4,gGgrrrrrrrrrrrrrr,7526.0
7530,0,rrrGGgggGGgGrrGrr,7534.0
7535,1,rrrGGgggGGgrrrrrr,7539.0
7540,2,rrryyyyyyyyrrrrrr,7542.0
7545,3,gGgrrrrrrrrrGGrGG,7547.0
7550,4,gGgrrrrrrrrrrrrrr,7552.0
7555,0,rrrGGgggGGgGrrGrr,7560.0
7560,1,rrrGGgggGGgrrrrrr,7565.0
7565,2,rrryyyyyyyyrrrrrr,7568.0
7570,3,gGgrrrrrrrrrGGrGG,7573.0
7575,4,gGgrrrrrrrrrrrrrr,7578.0
7580,5,yyyrrrrrrrrrrrrrr,7581.0
7585,0,rrrGGgggGGgGrrGrr,7586.0
7590,1,rrrGGgggGGgrrrrrr,7591.0
7595,3,gGgrrrrrrrrrGGrGG,7599.0
7600,4,gGgrrrrrrrrrrrrrr,7604.0
7605,5,yyyrrrrrrrrrrrrrr,7607.0
7610,0,rrrGGgggGGgGrrGrr,7612.0
7615,1,rrrGGgggGGgrrrrrr,7617.0
7620,3,gGgrrrrrrrrrGGrGG,7625.0
7625,4,gGgrrrrrrrrrrrrrr,7630.0
7630,5,yyyrrrrrrrrrrrrrr,7633.0
7635,0,rrrGGgggGGgGrrGrr,7638.0
7640,1,rrrGGgggGGgrrrrrr,7643.0
7645,2,rrryyyyyyyyrrrrrr,7646.0
7650,3,gGgrrrrrrrrrGGrGG,7651.0
7655,4,gGgrrrrrrrrrrrrrr,7656.0
7660,0,rrrGGgggGGgGrrGrr,7664.0
7665,1,rrrGGgggGGgrrrrrr,7669.0
7670,2,rrryyyyyyyyrrrrrr,7672.0
7675,3,gGgrrrrrrrrrGGrGG,7677.0
7680,4,gGgrrrrrrrrrrrrrr,7682.0
7685,0,rrrGGgggGGgGrrGrr,7690.0
7690,1,rrrGGgggGGgrrrrrr,7695.0
7695,2,rrryyyyyyyyrrrrrr,7698.0
7700,3,gGgrrrrrrrrrGGrGG,7703.0
7705,4,gGgrrrrrrrrrrrrrr,7708.0
7710,5,yyyrrrrrrrrrrrrrr,7711.0
7715,0,rrrGGgggGGgGrrGrr,7716.0
7720,1,rrrGGgggGGgrrrrrr,7721.0
7725,3,gGgrrrrrrrrrGGrGG,7729.0
7730,4,gGgrrrrrrrrrrrrrr,7734.0
7735,5,yyyrrrrrrrrrrrrrr,7737.0
7740,0,rrrGGgggGGgGrrGrr,7742.0
7745,1,rrrGGgggGGgrrrrrr,7747.0
7750,3,gGgrrrrrrrrrGGrGG,7755.0
7755,4,gGgrrrrrrrrrrrrrr,7760.0
7760,5,yyyrrrrrrrrrrrrrr,7763.0
7765,0,rrrGGgggGGgGrrGrr,7768.0
7770,1,rrrGGgggGGgrrrrrr,7773.0
7775,2,rrryyyyyyyyrrrrrr,7776.0
7780,3,gGgrrrrrrrrrGGrGG,7781.0
7785,4,gGgrrrrrrrrrrrrrr,7786.0
7790,0,rrrGGgggGGgGrrGrr,7794.0
7795,1,rrrGGgggGGgrrrrrr,7799.0
7800,2,rrryyyyyyyyrrrrrr,7802.0
7805,3,gGgrrrrrrrrrGGrGG,7807.0
7810,4,gGgrrrrrrrrrrrrrr,7812.0
7815,0,rrrGGgggGGgGrrGrr,7820.0
7820,1,rrrGGgggGGgrrrrrr,7825.0
7825,2,rrryyyyyyyyrrrrrr,7828.0
7830,3,gGgrrrrrrrrrGGrGG,7833.0
7835,4,gGgrrrrrrrrrrrrrr,7838.0
7840,5,yyyrrrrrrrrrrrrrr,7841.0
7845,0,rrrGGgggGGgGrrGrr,7846.0
7850,1,rrrGGgggGGgrrrrrr,7851.0
7855,3,gGgrrrrrrrrrGGrGG,7859.0
7860,4,gGgrrrrrrrrrrrrrr,7864.0
7865,5,yyyrrrrrrrrrrrrrr,7867.0
7870,0,rrrGGgggGGgGrrGrr,7872.0
7875,1,rrrGGgggGGgrrrrrr,7877.0
7880,3,gGgrrrrrrrrrGGrGG,7885.0
7885,4,gGgrrrrrrrrrrrrrr,7890.0
7890,5,yyyrrrrrrrrrrrrrr,7893.0
7895,0,rrrGGgggGGgGrrGrr,7898.0
7900,1,rrrGGgggGGgrrrrrr,7903.0
7905,2,rrryyyyyyyyrrrrrr,7906.0
7910,3,gGgrrrrrrrrrGGrGG,7911.0
7915,4,gGgrrrrrrrrrrrrrr,7916.0
7920,0,rrrGGgggGGgGrrGrr,7924.0
7925,1,rrrGGgggGGgrrrrrr,7929.0
7930,2,rrryyyyyyyyrrrrrr,7932.0
7935,3,gGgrrrrrrrrrGGrGG,7937.0
7940,4,gGgrrrrrrrrrrrrrr,7942.0
7945,0,rrrGGgggGGgGrrGrr,7950.0
7950,1,rrrGGgggGGgrrrrrr,7955.0
7955,2,rrryyyyyyyyrrrrrr,7958.0
7960,3,gGgrrrrrrrrrGGrGG,7963.0
7965,4,gGgrrrrrrrrrrrrrr,7968.0
7970,5,yyyrrrrrrrrrrrrrr,7971.0
7975,0,rrrGGgggGGgGrrGrr,7976.0
7980,1,rrrGGgggGGgrrrrrr,7981.0
7985,3,gGgrrrrrrrrrGGrGG,7989.0
7990,4,gGgrrrrrrrrrrrrrr,7994.0
7995,5,yyyrrrrrrrrrrrrrr,7997.0
8000,0,rrrGGgggGGgGrrGrr,8002.0
8005,1,rrrGGgggGGgrrrrrr,8007.0
8010,3,gGgrrrrrrrrrGGrGG,8015.0
8015,4,gGgrrrrrrrrrrrrrr,8020.0
8020,5,yyyrrrrrrrrrrrrrr,8023.0
8025,0,rrrGGgggGGgGrrGrr,8028.0
8030,1,rrrGGgggGGgrrrrrr,8033.0
8035,2,rrryyyyyyyyrrrrrr,8036.0
8040,3,gGgrrrrrrrrrGGrGG,8041.0
8045,4,gGgrrrrrrrrrrrrrr,8046.0
8050,0,rrrGGgggGGgGrrGrr,8054.0
8055,1,rrrGGgggGGgrrrrrr,8059.0
8060,2,rrryyyyyyyyrrrrrr,8062.0
8065,3,gGgrrrrrrrrrGGrGG,8067.0
8070,4,gGgrrrrrrrrrrrrrr,8072.0
8075,0,rrrGGgggGGgGrrGrr,8080.0
8080,1,rrrGGgggGGgrrrrrr,8085.0
8085,2,rrryyyyyyyyrrrrrr,8088.0
8090,3,gGgrrrrrrrrrGGrGG,8093.0
8095,4,gGgrrrrrrrrrrrrrr,8098.0
8100,5,yyyrrrrrrrrrrrrrr,8101.0
8105,0,rrrGGgggGGgGrrGrr,8106.0
8110,1,rrrGGgggGGgrrrrrr,8111.0
8115,3,gGgrrrrrrrrrGGrGG,8119.0
8120,4,gGgrrrrrrrrrrrrrr,8124.0
8125,5,yyyrrrrrrrrrrrrrr,8127.0
8130,0,rrrGGgggGGgGrrGrr,8132.0
8135,1,rrrGGgggGGgrrrrrr,8137.0
8140,3,gGgrrrrrrrrrGGrGG,8145.0
8145,4,gGgrrrrrrrrrrrrrr,8150.0
8150,5,yyyrrrrrrrrrrrrrr,8153.0
8155,0,rrrGGgggGGgGrrGrr,8158.0
8160,1,rrrGGgggGGgrrrrrr,8163.0
8165,2,rrryyyyyyyyrrrrrr,8166.0
8170,3,gGgrrrrrrrrrGGrGG,8171.0
8175,4,gGgrrrrrrrrrrrrrr,8176.0
8180,0,rrrGGgggGGgGrrGrr,8184.0
8185,1,rrrGGgggGGgrrrrrr,8189.0
8190,2,rrryyyyyyyyrrrrrr,8192.0
8195,3,gGgrrrrrrrrrGGrGG,8197.0
8200,4,gGgrrrrrrrrrrrrrr,8202.0
8205,0,rrrGGgggGGgGrrGrr,8210.0
8210,1,rrrGGgggGGgrrrrrr,8215.0
8215,2,rrryyyyyyyyrrrrrr,8218.0
8220,3,gGgrrrrrrrrrGGrGG,8223.0
8225,4,gGgrrrrrrrrrrrrrr,8228.0
8230,5,yyyrrrrrrrrrrrrrr,8231.0
8235,0,rrrGGgggGGgGrrGrr,8236.0
8240,1,rrrGGgggGGgrrrrrr,8241.0
8245,3,gGgrrrrrrrrrGGrGG,8249.0
8250,4,gGgrrrrrrrrrrrrrr,8254.0
8255,5,yyyrrrrrrrrrrrrrr,8257.0
8260,0,rrrGGgggGGgGrrGrr,8262.0
8265,1,rrrGGgggGGgrrrrrr,8267.0
8270,3,gGgrrrrrrrrrGGrGG,8275.0
8275,4,gGgrrrrrrrrrrrrrr,8280.0
8280,5,yyyrrrrrrrrrrrrrr,8283.0
8285,0,rrrGGgggGGgGrrGrr,8288.0
8290,1,rrrGGgggGGgrrrrrr,8293.0
8295,2,rrryyyyyyyyrrrrrr,8296.0
8300,3,gGgrrrrrrrrrGGrGG,8301.0
8305,4,gGgrrrrrrrrrrrrrr,8306.0
8310,0,rrrGGgggGGgGrrGrr,8314.0
8315,1,rrrGGgggGGgrrrrrr,8319.0
8320,2,rrryyyyyyyyrrrrrr,8322.0
8325,3,gGgrrrrrrrrrGGrGG,8327.0
8330,4,gGgrrrrrrrrrrrrrr,8332.0
8335,0,rrrGGgggGGgGrrGrr,8340.0
8340,1,rrrGGgggGGgrrrrrr,8345.0
8345,2,rrryyyyyyyyrrrrrr,8348.0
8350,3,gGgrrrrrrrrrGGrGG,8353.0
8355,4,gGgrrrrrrrrrrrrrr,8358.0
8360,5,yyyrrrrrrrrrrrrrr,8361.0
8365,0,rrrGGgggGGgGrrGrr,8366.0
8370,1,rrrGGgggGGgrrrrrr,8371.0
8375,3,gGgrrrrrrrrrGGrGG,8379.0
8380,4,gGgrrrrrrrrrrrrrr,8384.0
8385,5,yyyrrrrrrrrrrrrrr,8387.0
8390,0,rrrGGgggGGgGrrGrr,8392.0
8395,1,rrrGGgggGGgrrrrrr,8397.0
8400,3,gGgrrrrrrrrrGGrGG,8405.0
8405,4,gGgrrrrrrrrrrrrrr,8410.0
8410,5,yyyrrrrrrrrrrrrrr,8413.0
8415,0,rrrGGgggGGgGrrGrr,8418.0
8420,1,rrrGGgggGGgrrrrrr,8423.0
8425,2,rrryyyyyyyyrrrrrr,8426.0
8430,3,gGgrrrrrrrrrGGrGG,8431.0
8435,4,gGgrrrrrrrrrrrrrr,8436.0
8440,0,rrrGGgggGGgGrrGrr,8444.0
8445,1,rrrGGgggGGgrrrrrr,8449.0
8450,2,rrryyyyyyyyrrrrrr,8452.0
8455,3,gGgrrrrrrrrrGGrGG,8457.0
8460,4,gGgrrrrrrrrrrrrrr,8462.0
8465,0,rrrGGgggGGgGrrGrr,8470.0
8470,1,rrrGGgggGGgrrrrrr,8475.0
8475,2,rrryyyyyyyyrrrrrr,8478.0
8480,3,gGgrrrrrrrrrGGrGG,8483.0
8485,4,gGgrrrrrrrrrrrrrr,8488.0
8490,5,yyyrrrrrrrrrrrrrr,8491.0
8495,0,rrrGGgggGGgGrrGrr,8496.0
8500,1,rrrGGgggGGgrrrrrr,8501.0
8505,3,gGgrrrrrrrrrGGrGG,8509.0
8510,4,gGgrrrrrrrrrrrrrr,8514.0
8515,5,yyyrrrrrrrrrrrrrr,8517.0
8520,0,rrrGGgggGGgGrrGrr,8522.0
8525,1,rrrGGgggGGgrrrrrr,8527.0
8530,3,gGgrrrrrrrrrGGrGG,8535.0
8535,4,gGgrrrrrrrrrrrrrr,8540.0
8540,5,yyyrrrrrrrrrrrrrr,8543.0
8545,0,rrrGGgggGGgGrrGrr,8548.0
8550,1,rrrGGgggGGgrrrrrr,8553.0
8555,2,rrryyyyyyyyrrrrrr,8556.0
8560,3,gGgrrrrrrrrrGGrGG,8561.0
8565,4,gGgrrrrrrrrrrrrrr,8566.0
8570,0,rrrGGgggGGgGrrGrr,8574.0
8575,1,rrrGGgggGGgrrrrrr,8579.0
8580,2,rrryyyyyyyyrrrrrr,8582.0
8585,3,gGgrrrrrrrrrGGrGG,8587.0
8590,4,gGgrrrrrrrrrrrrrr,8592.0
8595,0,rrrGGgggGGgGrrGrr,8600.0
8600,1,rrrGGgggGGgrrrrrr,8605.0
8605,2,rrryyyyyyyyrrrrrr,8608.0
8610,3,gGgrrrrrrrrrGGrGG,8613.0
8615,4,gGgrrrrrrrrrrrrrr,8618.0
8620,5,yyyrrrrrrrrrrrrrr,8621.0
8625,0,rrrGGgggGGgGrrGrr,8626.0
8630,1,rrrGGgggGGgrrrrrr,8631.0
8635,3,gGgrrrrrrrrrGGrGG,8639.0
8640,4,gGgrrrrrrrrrrrrrr,8644.0
8645,5,yyyrrrrrrrrrrrrrr,8647.0
8650,0,rrrGGgggGGgGrrGrr,8652.0
8655,1,rrrGGgggGGgrrrrrr,8657.0
8660,3,gGgrrrrrrrrrGGrGG,8665.0
8665,4,gGgrrrrrrrrrrrrrr,8670.0
8670,5,yyyrrrrrrrrrrrrrr,8673.0
8675,0,rrrGGgggGGgGrrGrr,8678.0
8680,1,rrrGGgggGGgrrrrrr,8683.0
8685,2,rrryyyyyyyyrrrrrr,8686.0
8690,3,gGgrrrrrrrrrGGrGG,8691.0
8695,4,gGgrrrrrrrrrrrrrr,8696.0
8700,0,rrrGGgggGGgGrrGrr,8704.0
8705,1,rrrGGgggGGgrrrrrr,8709.0
8710,2,rrryyyyyyyyrrrrrr,8712.0
8715,3,gGgrrrrrrrrrGGrGG,8717.0
8720,4,gGgrrrrrrrrrrrrrr,8722.0
8725,0,rrrGGgggGGgGrrGrr,8730.0
8730,1,rrrGGgggGGgrrrrrr,8735.0
8735,2,rrryyyyyyyyrrrrrr,8738.0
8740,3,gGgrrrrrrrrrGGrGG,8743.0
8745,4,gGgrrrrrrrrrrrrrr,8748.0
8750,5,yyyrrrrrrrrrrrrrr,8751.0
8755,0,rrrGGgggGGgGrrGrr,8756.0
8760,1,rrrGGgggGGgrrrrrr,8761.0
8765,3,gGgrrrrrrrrrGGrGG,8769.0
8770,4,gGgrrrrrrrrrrrrrr,8774.0
8775,5,yyyrrrrrrrrrrrrrr,8777.0
8780,0,rrrGGgggGGgGrrGrr,8782.0
8785,1,rrrGGgggGGgrrrrrr,8787.0
8790,3,gGgrrrrrrrrrGGrGG,8795.0
8795,4,gGgrrrrrrrrrrrrrr,8800.0
8800,5,yyyrrrrrrrrrrrrrr,8803.0
8805,0,rrrGGgggGGgGrrGrr,8808.0
8810,1,rrrGGgggGGgrrrrrr,8813.0
8815,2,rrryyyyyyyyrrrrrr,8816.0
8820,3,gGgrrrrrrrrrGGrGG,8821.0
8825,4,gGgrrrrrrrrrrrrrr,8826.0
8830,0,rrrGGgggGGgGrrGrr,8834.0
8835,1,rrrGGgggGGgrrrrrr,8839.0
8840,2,rrryyyyyyyyrrrrrr,8842.0
8845,3,gGgrrrrrrrrrGGrGG,8847.0
8850,4,gGgrrrrrrrrrrrrrr,8852.0
8855,0,rrrGGgggGGgGrrGrr,8860.0
8860,1,rrrGGgggGGgrrrrrr,8865.0
8865,2,rrryyyyyyyyrrrrrr,8868.0
8870,3,gGgrrrrrrrrrGGrGG,8873.0
8875,4,gGgrrrrrrrrrrrrrr,8878.0
8880,5,yyyrrrrrrrrrrrrrr,8881.0
8885,0,rrrGGgggGGgGrrGrr,8886.0
8890,1,rrrGGgggGGgrrrrrr,8891.0
8895,3,gGgrrrrrrrrrGGrGG,8899.0
8900,4,gGgrrrrrrrrrrrrrr,8904.0
8905,5,yyyrrrrrrrrrrrrrr,8907.0
8910,0,rrrGGgggGGgGrrGrr,8912.0
8915,1,rrrGGgggGGgrrrrrr,8917.0
8920,3,gGgrrrrrrrrrGGrGG,8925.0
8925,4,gGgrrrrrrrrrrrrrr,8930.0
8930,5,yyyrrrrrrrrrrrrrr,8933.0
8935,0,rrrGGgggGGgGrrGrr,8938.0
8940,1,rrrGGgggGGgrrrrrr,8943.0
8945,2,rrryyyyyyyyrrrrrr,8946.0
8950,3,gGgrrrrrrrrrGGrGG,8951.0
8955,4,gGgrrrrrrrrrrrrrr,8956.0
8960,0,rrrGGgggGGgGrrGrr,8964.0
8965,1,rrrGGgggGGgrrrrrr,8969.0
8970,2,rrryyyyyyyyrrrrrr,8972.0
8975,3,gGgrrrrrrrrrGGrGG,8977.0
8980,4,gGgrrrrrrrrrrrrrr,8982.0
8985,0,rrrGGgggGGgGrrGrr,8990.0
8990,1,rrrGGgggGGgrrrrrr,8995.0
8995,2,rrryyyyyyyyrrrrrr,8998.0
9000,3,gGgrrrrrrrrrGGrGG,9003.0
9005,4,gGgrrrrrrrrrrrrrr,9008.0
9010,5,yyyrrrrrrrrrrrrrr,9011.0
9015,0,rrrGGgggGGgGrrGrr,9016.0
9020,1,rrrGGgggGGgrrrrrr,9021.0
9025,3,gGgrrrrrrrrrGGrGG,9029.0
9030,4,gGgrrrrrrrrrrrrrr,9034.0
9035,5,yyyrrrrrrrrrrrrrr,9037.0
9040,0,rrrGGgggGGgGrrGrr,9042.0
9045,1,rrrGGgggGGgrrrrrr,9047.0
9050,3,gGgrrrrrrrrrGGrGG,9055.0
9055,4,gGgrrrrrrrrrrrrrr,9060.0
9060,5,yyyrrrrrrrrrrrrrr,9063.0
9065,0,rrrGGgggGGgGrrGrr,9068.0
9070,1,rrrGGgggGGgrrrrrr,9073.0
9075,2,rrryyyyyyyyrrrrrr,9076.0
9080,3,gGgrrrrrrrrrGGrGG,9081.0
9085,4,gGgrrrrrrrrrrrrrr,9086.0
9090,0,rrrGGgggGGgGrrGrr,9094.0
9095,1,rrrGGgggGGgrrrrrr,9099.0
9100,2,rrryyyyyyyyrrrrrr,9102.0
9105,3,gGgrrrrrrrrrGGrGG,9107.0
9110,4,gGgrrrrrrrrrrrrrr,9112.0
9115,0,rrrGGgggGGgGrrGrr,9120.0
9120,1,rrrGGgggGGgrrrrrr,9125.0
9125,2,rrryyyyyyyyrrrrrr,9128.0
9130,3,gGgrrrrrrrrrGGrGG,9133.0
9135,4,gGgrrrrrrrrrrrrrr,9138.0
9140,5,yyyrrrrrrrrrrrrrr,9141.0
9145,0,rrrGGgggGGgGrrGrr,9146.0
9150,1,rrrGGgggGGgrrrrrr,9151.0
9155,3,gGgrrrrrrrrrGGrGG,9159.0
9160,4,gGgrrrrrrrrrrrrrr,9164.0
9165,5,yyyrrrrrrrrrrrrrr,9167.0
9170,0,rrrGGgggGGgGrrGrr,9172.0
9175,1,rrrGGgggGGgrrrrrr,9177.0
9180,3,gGgrrrrrrrrrGGrGG,9185.0
9185,4,gGgrrrrrrrrrrrrrr,9190.0
9190,5,yyyrrrrrrrrrrrrrr,9193.0
9195,0,rrrGGgggGGgGrrGrr,9198.0
9200,1,rrrGGgggGGgrrrrrr,9203.0
9205,2,rrryyyyyyyyrrrrrr,9206.0
9210,3,gGgrrrrrrrrrGGrGG,9211.0
9215,4,gGgrrrrrrrrrrrrrr,9216.0
9220,0,rrrGGgggGGgGrrGrr,9224.0
9225,1,rrrGGgggGGgrrrrrr,9229.0
9230,2,rrryyyyyyyyrrrrrr,9232.0
9235,3,gGgrrrrrrrrrGGrGG,9237.0
9240,4,gGgrrrrrrrrrrrrrr,9242.0
9245,0,rrrGGgggGGgGrrGrr,9250.0
9250,1,rrrGGgggGGgrrrrrr,9255.0
9255,2,rrryyyyyyyyrrrrrr,9258.0
9260,3,gGgrrrrrrrrrGGrGG,9263.0
9265,4,gGgrrrrrrrrrrrrrr,9268.0
9270,5,yyyrrrrrrrrrrrrrr,9271.0
9275,0,rrrGGgggGGgGrrGrr,9276.0
9280,1,rrrGGgggGGgrrrrrr,9281.0
9285,3,gGgrrrrrrrrrGGrGG,9289.0
9290,4,gGgrrrrrrrrrrrrrr,9294.0
9295,5,yyyrrrrrrrrrrrrrr,9297.0
9300,0,rrrGGgggGGgGrrGrr,9302.0
9305,1,rrrGGgggGGgrrrrrr,9307.0
9310,3,gGgrrrrrrrrrGGrGG,9315.0
9315,4,gGgrrrrrrrrrrrrrr,9320.0
9320,5,yyyrrrrrrrrrrrrrr,9323.0
9325,0,rrrGGgggGGgGrrGrr,9328.0
9330,1,rrrGGgggGGgrrrrrr,9333.0
9335,2,rrryyyyyyyyrrrrrr,9336.0
9340,3,gGgrrrrrrrrrGGrGG,9341.0
9345,4,gGgrrrrrrrrrrrrrr,9346.0
9350,0,rrrGGgggGGgGrrGrr,9354.0
9355,1,rrrGGgggGGgrrrrrr,9359.0
9360,2,rrryyyyyyyyrrrrrr,9362.0
9365,3,gGgrrrrrrrrrGGrGG,9367.0
9370,4,gGgrrrrrrrrrrrrrr,9372.0
9375,0,rrrGGgggGGgGrrGrr,9380.0
9380,1,rrrGGgggGGgrrrrrr,9385.0
9385,2,rrryyyyyyyyrrrrrr,9388.0
9390,3,gGgrrrrrrrrrGGrGG,9393.0
9395,4,gGgrrrrrrrrrrrrrr,9398.0
9400,5,yyyrrrrrrrrrrrrrr,9401.0
9405,0,rrrGGgggGGgGrrGrr,9406.0
9410,1,rrrGGgggGGgrrrrrr,9411.0
9415,3,gGgrrrrrrrrrGGrGG,9419.0
9420,4,gGgrrrrrrrrrrrrrr,9424.0
9425,5,yyyrrrrrrrrrrrrrr,9427.0
9430,0,rrrGGgggGGgGrrGrr,9432.0
9435,1,rrrGGgggGGgrrrrrr,9437.0
9440,3,gGgrrrrrrrrrGGrGG,9445.0
9445,4,gGgrrrrrrrrrrrrrr,9450.0
9450,5,yyyrrrrrrrrrrrrrr,9453.0
9455,0,rrrGGgggGGgGrrGrr,9458.0
9460,1,rrrGGgggGGgrrrrrr,9463.0
9465,2,rrryyyyyyyyrrrrrr,9466.0
9470,3,gGgrrrrrrrrrGGrGG,9471.0
9475,4,gGgrrrrrrrrrrrrrr,9476.0
9480,0,rrrGGgggGGgGrrGrr,9484.0
9485,1,rrrGGgggGGgrrrrrr,9489.0
9490,2,rrryyyyyyyyrrrrrr,9492.0
9495,3,gGgrrrrrrrrrGGrGG,9497.0
9500,4,gGgrrrrrrrrrrrrrr,9502.0
9505,0,rrrGGgggGGgGrrGrr,9510.0
9510,1,rrrGGgggGGgrrrrrr,9515.0
9515,2,rrryyyyyyyyrrrrrr,9518.0
9520,3,gGgrrrrrrrrrGGrGG,9523.0
9525,4,gGgrrrrrrrrrrrrrr,9528.0
9530,5,yyyrrrrrrrrrrrrrr,9531.0
9535,0,rrrGGgggGGgGrrGrr,9536.0
9540,1,rrrGGgggGGgrrrrrr,9541.0
9545,3,gGgrrrrrrrrrGGrGG,9549.0
9550,4,gGgrrrrrrrrrrrrrr,9554.0
9555,5,yyyrrrrrrrrrrrrrr,9557.0
9560,0,rrrGGgggGGgGrrGrr,9562.0
9565,1,rrrGGgggGGgrrrrrr,9567.0
9570,3,gGgrrrrrrrrrGGrGG,9575.0
9575,4,gGgrrrrrrrrrrrrrr,9580.0
9580,5,yyyrrrrrrrrrrrrrr,9583.0
9585,0,rrrGGgggGGgGrrGrr,9588.0
9590,1,rrrGGgggGGgrrrrrr,9593.0
9595,2,rrryyyyyyyyrrrrrr,9596.0
9600,3,gGgrrrrrrrrrGGrGG,9601.0
9605,4,gGgrrrrrrrrrrrrrr,9606.0
9610,0,rrrGGgggGGgGrrGrr,9614.0
9615,1,rrrGGgggGGgrrrrrr,9619.0
9620,2,rrryyyyyyyyrrrrrr,9622.0
9625,3,gGgrrrrrrrrrGGrGG,9627.0
9630,4,gGgrrrrrrrrrrrrrr,9632.0
9635,0,rrrGGgggGGgGrrGrr,9640.0
9640,1,rrrGGgggGGgrrrrrr,9645.0
9645,2,rrryyyyyyyyrrrrrr,9648.0
9650,3,gGgrrrrrrrrrGGrGG,9653.0
9655,4,gGgrrrrrrrrrrrrrr,9658.0
9660,5,yyyrrrrrrrrrrrrrr,9661.0
9665,0,rrrGGgggGGgGrrGrr,9666.0
9670,1,rrrGGgggGGgrrrrrr,9671.0
9675,3,gGgrrrrrrrrrGGrGG,9679.0
9680,4,gGgrrrrrrrrrrrrrr,9684.0
9685,5,yyyrrrrrrrrrrrrrr,9687.0
9690,0,rrrGGgggGGgGrrGrr,9692.0
9695,1,rrrGGgggGGgrrrrrr,9697.0
9700,3,gGgrrrrrrrrrGGrGG,9705.0
9705,4,gGgrrrrrrrrrrrrrr,9710.0
9710,5,yyyrrrrrrrrrrrrrr,9713.0
9715,0,rrrGGgggGGgGrrGrr,9718.0
9720,1,rrrGGgggGGgrrrrrr,9723.0
9725,2,rrryyyyyyyyrrrrrr,9726.0
9730,3,gGgrrrrrrrrrGGrGG,9731.0
9735,4,gGgrrrrrrrrrrrrrr,9736.0
9740,0,rrrGGgggGGgGrrGrr,9744.0
9745,1,rrrGGgggGGgrrrrrr,9749.0
9750,2,rrryyyyyyyyrrrrrr,9752.0
9755,3,gGgrrrrrrrrrGGrGG,9757.0
9760,4,gGgrrrrrrrrrrrrrr,9762.0
9765,0,rrrGGgggGGgGrrGrr,9770.0
9770,1,rrrGGgggGGgrrrrrr,9775.0
9775,2,rrryyyyyyyyrrrrrr,9778.0
9780,3,gGgrrrrrrrrrGGrGG,9783.0
9785,4,gGgrrrrrrrrrrrrrr,9788.0
9790,5,yyyrrrrrrrrrrrrrr,9791.0
9795,0,rrrGGgggGGgGrrGrr,9796.0
9800,1,rrrGGgggGGgrrrrrr,9801.0
9805,3,gGgrrrrrrrrrGGrGG,9809.0
9810,4,gGgrrrrrrrrrrrrrr,9814.0
9815,5,yyyrrrrrrrrrrrrrr,9817.0
9820,0,rrrGGgggGGgGrrGrr,9822.0
9825,1,rrrGGgggGGgrrrrrr,9827.0
9830,3,gGgrrrrrrrrrGGrGG,9835.0
9835,4,gGgrrrrrrrrrrrrrr,9840.0
9840,5,yyyrrrrrrrrrrrrrr,9843.0
9845,0,rrrGGgggGGgGrrGrr,9848.0
9850,1,rrrGGgggGGgrrrrrr,9853.0
9855,2,rrryyyyyyyyrrrrrr,9856.0
9860,3,gGgrrrrrrrrrGGrGG,9861.0
9865,4,gGgrrrrrrrrrrrrrr,9866.0
9870,0,rrrGGgggGGgGrrGrr,9874.0
9875,1,rrrGGgggGGgrrrrrr,9879.0
9880,2,rrryyyyyyyyrrrrrr,9882.0
9885,3,gGgrrrrrrrrrGGrGG,9887.0
9890,4,gGgrrrrrrrrrrrrrr,9892.0
9895,0,rrrGGgggGGgGrrGrr,9900.0
9900,1,rrrGGgggGGgrrrrrr,9905.0
9905,2,rrryyyyyyyyrrrrrr,9908.0
9910,3,gGgrrrrrrrrrGGrGG,9913.0
9915,4,gGgrrrrrrrrrrrrrr,9918.0
9920,5,yyyrrrrrrrrrrrrrr,9921.0
9925,0,rrrGGgggGGgGrrGrr,9926.0
9930,1,rrrGGgggGGgrrrrrr,9931.0
9935,3,gGgrrrrrrrrrGGrGG,9939.0
9940,4,gGgrrrrrrrrrrrrrr,9944.0
9945,5,yyyrrrrrrrrrrrrrr,9947.0
9950,0,rrrGGgggGGgGrrGrr,9952.0
9955,1,rrrGGgggGGgrrrrrr,9957.0
9960,3,gGgrrrrrrrrrGGrGG,9965.0
9965,4,gGgrrrrrrrrrrrrrr,9970.0
9970,5,yyyrrrrrrrrrrrrrr,9973.0
9975,0,rrrGGgggGGgGrrGrr,9978.0
9980,1,rrrGGgggGGgrrrrrr,9983.0
9985,2,rrryyyyyyyyrrrrrr,9986.0
9990,3,gGgrrrrrrrrrGGrGG,9991.0
9995,4,gGgrrrrrrrrrrrrrr,9996.0
