0,0,gGGgGGggrrG,5.0
5,1,gGGgGGggrrr,10.0
10,2,yyyyyyyyrrr,13.0
15,3,rrrrrrrrGGG,18.0
20,4,rrrrrrrrrrr,23.0
25,0,gGGgGGggrrG,28.0
30,1,gGGgGGggrrr,33.0
35,2,yyyyyyyyrrr,36.0
40,3,rrrrrrrrGGG,41.0
45,4,rrrrrrrrrrr,46.0
50,0,gGGgGGggrrG,51.0
55,1,gGGgGGggrrr,56.0
60,3,rrrrrrrrGGG,64.0
65,4,rrrrrrrrrrr,69.0
70,0,gGGgGGggrrG,74.0
75,1,gGGgGGggrrr,79.0
80,2,yyyyyyyyrrr,82.0
85,3,rrrrrrrrGGG,87.0
90,4,rrrrrrrrrrr,92.0
95,0,gGGgGGggrrG,97.0
100,1,gGGgGGggrrr,102.0
105,3,rrrrrrrrGGG,110.0
110,4,rrrrrrrrrrr,115.0
115,0,gGGgGGggrrG,120.0
120,1,gGGgGGggrrr,125.0
125,2,yyyyyyyyrrr,128.0
130,3,rrrrrrrrGGG,133.0
135,4,rrrrrrrrrrr,138.0
140,0,gGGgGGggrrG,143.0
145,1,gGGgGGggrrr,148.0
150,2,yyyyyyyyrrr,151.0
155,3,rrrrrrrrGGG,156.0
160,4,rrrrrrrrrrr,161.0
165,0,gGGgGGggrrG,166.0
170,1,gGGgGGggrrr,171.0
175,3,rrrrrrrrGGG,179.0
180,4,rrrrrrrrrrr,184.0
185,0,gGGgGGggrrG,189.0
190,1,gGGgGGggrrr,194.0
195,2,yyyyyyyyrrr,197.0
200,3,rrrrrrrrGGG,202.0
205,4,rrrrrrrrrrr,207.0
210,0,gGGgGGggrrG,212.0
215,1,gGGgGGggrrr,217.0
220,3,rrrrrrrrGGG,225.0
225,4,rrrrrrrrrrr,230.0
230,0,gGGgGGggrrG,235.0
235,0,gGGgGGggrrG,236.0
240,1,gGGgGGggrrr,241.0
245,3,rrrrrrrrGGG,249.0
250,4,rrrrrrrrrrr,254.0
255,0,gGGgGGggrrG,259.0
260,1,gGGgGGggrrr,264.0
265,2,yyyyyyyyrrr,267.0
270,3,rrrrrrrrGGG,272.0
275,4,rrrrrrrrrrr,277.0
280,0,gGGgGGggrrG,282.0
285,1,gGGgGGggrrr,287.0
290,3,rrrrrrrrGGG,295.0
295,4,rrrrrrrrrrr,300.0
300,0,gGGgGGggrrG,305.0
305,1,gGGgGGggrrr,310.0
310,2,yyyyyyyyrrr,313.0
315,3,rrrrrrrrGGG,318.0
320,4,rrrrrrrrrrr,323.0
325,0,gGGgGGggrrG,328.0
330,1,gGGgGGggrrr,333.0
335,2,yyyyyyyyrrr,336.0
340,3,rrrrrrrrGGG,341.0
345,4,rrrrrrrrrrr,346.0
350,0,gGGgGGggrrG,351.0
355,0,gGGgGGggrrG,356.0
360,1,gGGgGGggrrr,362.0
365,3,rrrrrrrrGGG,370.0
370,4,rrrrrrrrrrr,375.0
375,0,gGGgGGggrrG,380.0
380,1,gGGgGGggrrr,385.0
385,2,yyyyyyyyrrr,388.0
390,3,rrrrrrrrGGG,393.0
395,4,rrrrrrrrrrr,398.0
400,0,gGGgGGggrrG,403.0
405,1,gGGgGGggrrr,408.0
410,2,yyyyyyyyrrr,411.0
415,3,rrrrrrrrGGG,416.0
420,4,rrrrrrrrrrr,421.0
425,0,gGGgGGggrrG,426.0
430,1,gGGgGGggrrr,431.0
435,3,rrrrrrrrGGG,439.0
440,4,rrrrrrrrrrr,444.0
445,0,gGGgGGggrrG,449.0
450,0,gGGgGGggrrG,451.0
455,1,gGGgGGggrrr,460.0
460,2,yyyyyyyyrrr,463.0
465,3,rrrrrrrrGGG,468.0
470,4,rrrrrrrrrrr,473.0
475,0,gGGgGGggrrG,478.0
480,1,gGGgGGggrrr,483.0
485,2,yyyyyyyyrrr,486.0
490,3,rrrrrrrrGGG,491.0
495,4,rrrrrrrrrrr,496.0
500,0,gGGgGGggrrG,501.0
505,1,gGGgGGggrrr,506.0
510,3,rrrrrrrrGGG,514.0
515,4,rrrrrrrrrrr,519.0
520,0,gGGgGGggrrG,524.0
525,1,gGGgGGggrrr,529.0
530,2,yyyyyyyyrrr,532.0
535,3,rrrrrrrrGGG,537.0
540,4,rrrrrrrrrrr,542.0
545,0,gGGgGGggrrG,547.0
550,0,gGGgGGggrrG,551.0
555,1,gGGgGGggrrr,556.0
560,3,rrrrrrrrGGG,564.0
565,4,rrrrrrrrrrr,569.0
570,0,gGGgGGggrrG,574.0
575,1,gGGgGGggrrr,579.0
580,2,yyyyyyyyrrr,582.0
585,3,rrrrrrrrGGG,587.0
590,4,rrrrrrrrrrr,592.0
595,0,gGGgGGggrrG,597.0
600,1,gGGgGGggrrr,602.0
605,3,rrrrrrrrGGG,610.0
610,4,rrrrrrrrrrr,615.0
615,0,gGGgGGggrrG,620.0
620,1,gGGgGGggrrr,625.0
625,2,yyyyyyyyrrr,628.0
630,3,rrrrrrrrGGG,633.0
635,4,rrrrrrrrrrr,638.0
640,0,gGGgGGggrrG,643.0
645,1,gGGgGGggrrr,650.0
650,2,yyyyyyyyrrr,653.0
655,3,rrrrrrrrGGG,658.0
660,4,rrrrrrrrrrr,663.0
665,0,gGGgGGggrrG,668.0
670,1,gGGgGGggrrr,673.0
675,2,yyyyyyyyrrr,676.0
680,3,rrrrrrrrGGG,681.0
685,4,rrrrrrrrrrr,686.0
690,0,gGGgGGggrrG,691.0
695,1,gGGgGGggrrr,696.0
700,3,rrrrrrrrGGG,704.0
705,4,rrrrrrrrrrr,709.0
710,0,gGGgGGggrrG,714.0
715,1,gGGgGGggrrr,719.0
720,2,yyyyyyyyrrr,722.0
725,3,rrrrrrrrGGG,727.0
730,4,rrrrrrrrrrr,732.0
735,0,gGGgGGggrrG,737.0
740,1,gGGgGGggrrr,742.0
745,3,rrrrrrrrGGG,750.0
750,4,rrrrrrrrrrr,755.0
755,0,gGGgGGggrrG,760.0
760,1,gGGgGGggrrr,765.0
765,2,yyyyyyyyrrr,768.0
770,3,rrrrrrrrGGG,773.0
775,4,rrrrrrrrrrr,778.0
780,0,gGGgGGggrrG,783.0
785,1,gGGgGGggrrr,788.0
790,2,yyyyyyyyrrr,791.0
795,3,rrrrrrrrGGG,796.0
800,4,rrrrrrrrrrr,801.0
805,0,gGGgGGggrrG,806.0
810,1,gGGgGGggrrr,814.0
815,2,yyyyyyyyrrr,817.0
820,3,rrrrrrrrGGG,822.0
825,4,rrrrrrrrrrr,827.0
830,0,gGGgGGggrrG,832.0
835,0,gGGgGGggrrG,836.0
840,1,gGGgGGggrrr,841.0
845,3,rrrrrrrrGGG,849.0
850,4,rrrrrrrrrrr,854.0
855,0,gGGgGGggrrG,859.0
860,1,gGGgGGggrrr,864.0
865,2,yyyyyyyyrrr,867.0
870,3,rrrrrrrrGGG,872.0
875,4,rrrrrrrrrrr,877.0
880,0,gGGgGGggrrG,882.0
885,0,gGGgGGggrrG,886.0
890,1,gGGgGGggrrr,894.0
895,2,yyyyyyyyrrr,897.0
900,3,rrrrrrrrGGG,902.0
905,4,rrrrrrrrrrr,907.0
910,0,gGGgGGggrrG,912.0
915,1,gGGgGGggrrr,917.0
920,3,rrrrrrrrGGG,925.0
925,4,rrrrrrrrrrr,930.0
930,0,gGGgGGggrrG,935.0
935,0,gGGgGGggrrG,937.0
940,0,gGGgGGggrrG,941.0
945,0,gGGgGGggrrG,947.0
950,1,gGGgGGggrrr,955.0
955,2,yyyyyyyyrrr,958.0
960,3,rrrrrrrrGGG,963.0
965,4,rrrrrrrrrrr,968.0
970,0,gGGgGGggrrG,973.0
975,1,gGGgGGggrrr,978.0
980,2,yyyyyyyyrrr,981.0
985,3,rrrrrrrrGGG,986.0
990,4,rrrrrrrrrrr,991.0
995,0,gGGgGGggrrG,996.0
1000,1,gGGgGGggrrr,1001.0
1005,3,rrrrrrrrGGG,1009.0
1010,4,rrrrrrrrrrr,1014.0
1015,0,gGGgGGggrrG,1019.0
1020,1,gGGgGGggrrr,1024.0
1025,2,yyyyyyyyrrr,1027.0
1030,3,rrrrrrrrGGG,1032.0
1035,4,rrrrrrrrrrr,1037.0
1040,0,gGGgGGggrrG,1042.0
1045,1,gGGgGGggrrr,1047.0
1050,3,rrrrrrrrGGG,1055.0
1055,4,rrrrrrrrrrr,1060.0
1060,0,gGGgGGggrrG,1065.0
1065,0,gGGgGGggrrG,1067.0
1070,0,gGGgGGggrrG,1071.0
1075,0,gGGgGGggrrG,1076.0
1080,1,gGGgGGggrrr,1082.0
1085,3,rrrrrrrrGGG,1090.0
1090,4,rrrrrrrrrrr,1095.0
1095,0,gGGgGGggrrG,1100.0
1100,1,gGGgGGggrrr,1105.0
1105,2,yyyyyyyyrrr,1108.0
1110,3,rrrrrrrrGGG,1113.0
1115,4,rrrrrrrrrrr,1118.0
1120,0,gGGgGGggrrG,1123.0
1125,1,gGGgGGggrrr,1128.0
1130,2,yyyyyyyyrrr,1131.0
1135,3,rrrrrrrrGGG,1136.0
1140,4,rrrrrrrrrrr,1141.0
1145,0,gGGgGGggrrG,1146.0
1150,0,gGGgGGggrrG,1152.0
1155,0,gGGgGGggrrG,1156.0
1160,1,gGGgGGggrrr,1162.0
1165,3,rrrrrrrrGGG,1170.0
1170,4,rrrrrrrrrrr,1175.0
1175,0,gGGgGGggrrG,1180.0
1180,1,gGGgGGggrrr,1185.0
1185,2,yyyyyyyyrrr,1188.0
1190,3,rrrrrrrrGGG,1193.0
1195,4,rrrrrrrrrrr,1198.0
1200,0,gGGgGGggrrG,1203.0
1205,0,gGGgGGggrrG,1206.0
1210,0,gGGgGGggrrG,1212.0
1215,0,gGGgGGggrrG,1216.0
1220,1,gGGgGGggrrr,1222.0
1225,3,rrrrrrrrGGG,1230.0
1230,4,rrrrrrrrrrr,1235.0
1235,0,gGGgGGggrrG,1240.0
1240,1,gGGgGGggrrr,1245.0
1245,2,yyyyyyyyrrr,1248.0
1250,3,rrrrrrrrGGG,1253.0
1255,4,rrrrrrrrrrr,1258.0
1260,0,gGGgGGggrrG,1263.0
1265,1,gGGgGGggrrr,1268.0
1270,2,yyyyyyyyrrr,1271.0
1275,3,rrrrrrrrGGG,1276.0
1280,4,rrrrrrrrrrr,1281.0
1285,0,gGGgGGggrrG,1286.0
1290,1,gGGgGGggrrr,1291.0
1295,3,rrrrrrrrGGG,1299.0
1300,4,rrrrrrrrrrr,1304.0
1305,0,gGGgGGggrrG,1309.0
1310,1,gGGgGGggrrr,1314.0
1315,2,yyyyyyyyrrr,1317.0
1320,3,rrrrrrrrGGG,1322.0
1325,4,rrrrrrrrrrr,1327.0
1330,0,gGGgGGggrrG,1332.0
1335,1,gGGgGGggrrr,1337.0
1340,3,rrrrrrrrGGG,1345.0
1345,4,rrrrrrrrrrr,1350.0
1350,0,gGGgGGggrrG,1355.0
1355,1,gGGgGGggrrr,1360.0
1360,2,yyyyyyyyrrr,1363.0
1365,3,rrrrrrrrGGG,1368.0
1370,4,rrrrrrrrrrr,1373.0
1375,0,gGGgGGggrrG,1378.0
1380,1,gGGgGGggrrr,1383.0
1385,2,yyyyyyyyrrr,1386.0
1390,3,rrrrrrrrGGG,1391.0
1395,4,rrrrrrrrrrr,1396.0
1400,0,gGGgGGggrrG,1401.0
1405,1,gGGgGGggrrr,1406.0
1410,3,rrrrrrrrGGG,1414.0
1415,4,rrrrrrrrrrr,1419.0
1420,0,gGGgGGggrrG,1424.0
1425,1,gGGgGGggrrr,1429.0
1430,2,yyyyyyyyrrr,1432.0
1435,3,rrrrrrrrGGG,1437.0
1440,4,rrrrrrrrrrr,1442.0
1445,0,gGGgGGggrrG,1447.0
1450,1,gGGgGGggrrr,1452.0
1455,3,rrrrrrrrGGG,1460.0
1460,4,rrrrrrrrrrr,1465.0
1465,0,gGGgGGggrrG,1470.0
1470,1,gGGgGGggrrr,1475.0
1475,2,yyyyyyyyrrr,1478.0
1480,3,rrrrrrrrGGG,1483.0
1485,4,rrrrrrrrrrr,1488.0
1490,0,gGGgGGggrrG,1493.0
1495,1,gGGgGGggrrr,1498.0
1500,2,yyyyyyyyrrr,1501.0
1505,3,rrrrrrrrGGG,1506.0
1510,4,rrrrrrrrrrr,1511.0
1515,0,gGGgGGggrrG,1516.0
1520,1,gGGgGGggrrr,1521.0
1525,3,rrrrrrrrGGG,1529.0
1530,4,rrrrrrrrrrr,1534.0
1535,0,gGGgGGggrrG,1539.0
1540,0,gGGgGGggrrG,1541.0
1545,0,gGGgGGggrrG,1546.0
1550,1,gGGgGGggrrr,1551.0
1555,3,rrrrrrrrGGG,1559.0
1560,4,rrrrrrrrrrr,1564.0
1565,0,gGGgGGggrrG,1569.0
1570,0,gGGgGGggrrG,1571.0
1575,1,gGGgGGggrrr,1577.0
1580,3,rrrrrrrrGGG,1585.0
1585,4,rrrrrrrrrrr,1590.0
1590,0,gGGgGGggrrG,1595.0
1595,0,gGGgGGggrrG,1597.0
1600,0,gGGgGGggrrG,1601.0
1605,1,gGGgGGggrrr,1606.0
1610,3,rrrrrrrrGGG,1614.0
1615,4,rrrrrrrrrrr,1619.0
1620,0,gGGgGGggrrG,1624.0
1625,1,gGGgGGggrrr,1629.0
1630,2,yyyyyyyyrrr,1632.0
1635,3,rrrrrrrrGGG,1637.0
1640,4,rrrrrrrrrrr,1642.0
1645,0,gGGgGGggrrG,1647.0
1650,1,gGGgGGggrrr,1652.0
1655,3,rrrrrrrrGGG,1660.0
1660,4,rrrrrrrrrrr,1665.0
1665,0,gGGgGGggrrG,1670.0
1670,1,gGGgGGggrrr,1675.0
1675,2,yyyyyyyyrrr,1678.0
1680,3,rrrrrrrrGGG,1683.0
1685,4,rrrrrrrrrrr,1688.0
1690,0,gGGgGGggrrG,1693.0
1695,0,gGGgGGggrrG,1696.0
1700,1,gGGgGGggrrr,1702.0
1705,3,rrrrrrrrGGG,1710.0
1710,4,rrrrrrrrrrr,1715.0
1715,0,gGGgGGggrrG,1720.0
1720,0,gGGgGGggrrG,1722.0
1725,1,gGGgGGggrrr,1729.0
1730,2,yyyyyyyyrrr,1732.0
1735,3,rrrrrrrrGGG,1737.0
1740,4,rrrrrrrrrrr,1742.0
1745,0,gGGgGGggrrG,1747.0
1750,0,gGGgGGggrrG,1751.0
1755,1,gGGgGGggrrr,1758.0
1760,2,yyyyyyyyrrr,1761.0
1765,3,rrrrrrrrGGG,1766.0
1770,4,rrrrrrrrrrr,1771.0
1775,0,gGGgGGggrrG,1776.0
1780,1,gGGgGGggrrr,1785.0
1785,2,yyyyyyyyrrr,1788.0
1790,3,rrrrrrrrGGG,1793.0
1795,4,rrrrrrrrrrr,1798.0
1800,0,gGGgGGggrrG,1803.0
1805,1,gGGgGGggrrr,1808.0
1810,2,yyyyyyyyrrr,1811.0
1815,3,rrrrrrrrGGG,1816.0
1820,4,rrrrrrrrrrr,1821.0
1825,0,gGGgGGggrrG,1826.0
1830,0,gGGgGGggrrG,1831.0
1835,1,gGGgGGggrrr,1838.0
1840,2,yyyyyyyyrrr,1841.0
1845,3,rrrrrrrrGGG,1846.0
1850,4,rrrrrrrrrrr,1851.0
1855,0,gGGgGGggrrG,1856.0
1860,1,gGGgGGggrrr,1861.0
1865,3,rrrrrrrrGGG,1869.0
1870,4,rrrrrrrrrrr,1874.0
1875,0,gGGgGGggrrG,1879.0
1880,1,gGGgGGggrrr,1884.0
1885,2,yyyyyyyyrrr,1887.0
1890,3,rrrrrrrrGGG,1892.0
1895,4,rrrrrrrrrrr,1897.0
1900,0,gGGgGGggrrG,1902.0
1905,1,gGGgGGggrrr,1907.0
1910,3,rrrrrrrrGGG,1915.0
1915,4,rrrrrrrrrrr,1920.0
1920,0,gGGgGGggrrG,1925.0
1925,0,gGGgGGggrrG,1927.0
1930,0,gGGgGGggrrG,1932.0
1935,0,gGGgGGggrrG,1936.0
1940,1,gGGgGGggrrr,1942.0
1945,3,rrrrrrrrGGG,1950.0
1950,4,rrrrrrrrrrr,1955.0
1955,0,gGGgGGggrrG,1960.0
1960,1,gGGgGGggrrr,1965.0
1965,2,yyyyyyyyrrr,1968.0
1970,3,rrrrrrrrGGG,1973.0
1975,4,rrrrrrrrrrr,1978.0
1980,0,gGGgGGggrrG,1983.0
1985,1,gGGgGGggrrr,1988.0
1990,2,yyyyyyyyrrr,1991.0
1995,3,rrrrrrrrGGG,1996.0
2000,4,rrrrrrrrrrr,2001.0
2005,0,gGGgGGggrrG,2006.0
2010,0,gGGgGGggrrG,2011.0
2015,1,gGGgGGggrrr,2016.0
2020,3,rrrrrrrrGGG,2024.0
2025,4,rrrrrrrrrrr,2029.0
2030,0,gGGgGGggrrG,2034.0
2035,0,gGGgGGggrrG,2036.0
2040,1,gGGgGGggrrr,2042.0
2045,3,rrrrrrrrGGG,2050.0
2050,4,rrrrrrrrrrr,2055.0
2055,0,gGGgGGggrrG,2060.0
2060,0,gGGgGGggrrG,2061.0
2065,1,gGGgGGggrrr,2067.0
2070,3,rrrrrrrrGGG,2075.0
2075,4,rrrrrrrrrrr,2080.0
2080,0,gGGgGGggrrG,2085.0
2085,0,gGGgGGggrrG,2087.0
2090,0,gGGgGGggrrG,2091.0
2095,1,gGGgGGggrrr,2097.0
2100,3,rrrrrrrrGGG,2105.0
2105,4,rrrrrrrrrrr,2110.0
2110,0,gGGgGGggrrG,2115.0
2115,1,gGGgGGggrrr,2120.0
2120,2,yyyyyyyyrrr,2123.0
2125,3,rrrrrrrrGGG,2128.0
2130,4,rrrrrrrrrrr,2133.0
2135,0,gGGgGGggrrG,2138.0
2140,1,gGGgGGggrrr,2145.0
2145,2,yyyyyyyyrrr,2148.0
2150,3,rrrrrrrrGGG,2153.0
2155,4,rrrrrrrrrrr,2158.0
2160,0,gGGgGGggrrG,2163.0
2165,1,gGGgGGggrrr,2168.0
2170,2,yyyyyyyyrrr,2171.0
2175,3,rrrrrrrrGGG,2176.0
2180,4,rrrrrrrrrrr,2181.0
2185,0,gGGgGGggrrG,2186.0
2190,1,gGGgGGggrrr,2194.0
2195,2,yyyyyyyyrrr,2197.0
2200,3,rrrrrrrrGGG,2202.0
2205,4,rrrrrrrrrrr,2207.0
2210,0,gGGgGGggrrG,2212.0
2215,1,gGGgGGggrrr,2217.0
2220,3,rrrrrrrrGGG,2225.0
2225,4,rrrrrrrrrrr,2230.0
2230,0,gGGgGGggrrG,2235.0
2235,0,gGGgGGggrrG,2236.0
2240,1,gGGgGGggrrr,2244.0
2245,2,yyyyyyyyrrr,2247.0
2250,3,rrrrrrrrGGG,2252.0
2255,4,rrrrrrrrrrr,2257.0
2260,0,gGGgGGggrrG,2262.0
2265,1,gGGgGGggrrr,2270.0
2270,2,yyyyyyyyrrr,2273.0
2275,3,rrrrrrrrGGG,2278.0
2280,4,rrrrrrrrrrr,2283.0
2285,0,gGGgGGggrrG,2288.0
2290,1,gGGgGGggrrr,2293.0
2295,2,yyyyyyyyrrr,2296.0
2300,3,rrrrrrrrGGG,2301.0
2305,4,rrrrrrrrrrr,2306.0
2310,0,gGGgGGggrrG,2311.0
2315,1,gGGgGGggrrr,2320.0
2320,2,yyyyyyyyrrr,2323.0
2325,3,rrrrrrrrGGG,2328.0
2330,4,rrrrrrrrrrr,2333.0
2335,0,gGGgGGggrrG,2338.0
2340,1,gGGgGGggrrr,2345.0
2345,2,yyyyyyyyrrr,2348.0
2350,3,rrrrrrrrGGG,2353.0
2355,4,rrrrrrrrrrr,2358.0
2360,0,gGGgGGggrrG,2363.0
2365,1,gGGgGGggrrr,2368.0
2370,2,yyyyyyyyrrr,2371.0
2375,3,rrrrrrrrGGG,2376.0
2380,4,rrrrrrrrrrr,2381.0
2385,0,gGGgGGggrrG,2386.0
2390,1,gGGgGGggrrr,2393.0
2395,2,yyyyyyyyrrr,2396.0
2400,3,rrrrrrrrGGG,2401.0
2405,4,rrrrrrrrrrr,2406.0
2410,0,gGGgGGggrrG,2411.0
2415,1,gGGgGGggrrr,2416.0
2420,3,rrrrrrrrGGG,2424.0
2425,4,rrrrrrrrrrr,2429.0
2430,0,gGGgGGggrrG,2434.0
2435,0,gGGgGGggrrG,2436.0
2440,1,gGGgGGggrrr,2444.0
2445,2,yyyyyyyyrrr,2447.0
2450,3,rrrrrrrrGGG,2452.0
2455,4,rrrrrrrrrrr,2457.0
2460,0,gGGgGGggrrG,2462.0
2465,1,gGGgGGggrrr,2467.0
2470,3,rrrrrrrrGGG,2475.0
2475,4,rrrrrrrrrrr,2480.0
2480,0,gGGgGGggrrG,2485.0
2485,0,gGGgGGggrrG,2487.0
2490,1,gGGgGGggrrr,2493.0
2495,2,yyyyyyyyrrr,2496.0
2500,3,rrrrrrrrGGG,2501.0
2505,4,rrrrrrrrrrr,2506.0
2510,0,gGGgGGggrrG,2511.0
2515,0,gGGgGGggrrG,2516.0
2520,1,gGGgGGggrrr,2522.0
2525,3,rrrrrrrrGGG,2530.0
2530,4,rrrrrrrrrrr,2535.0
2535,0,gGGgGGggrrG,2540.0
2540,0,gGGgGGggrrG,2542.0
2545,0,gGGgGGggrrG,2546.0
2550,0,gGGgGGggrrG,2551.0
2555,1,gGGgGGggrrr,2556.0
2560,3,rrrrrrrrGGG,2564.0
2565,4,rrrrrrrrrrr,2569.0
2570,0,gGGgGGggrrG,2574.0
2575,0,gGGgGGggrrG,2576.0
2580,0,gGGgGGggrrG,2581.0
2585,1,gGGgGGggrrr,2587.0
2590,3,rrrrrrrrGGG,2595.0
2595,4,rrrrrrrrrrr,2600.0
2600,0,gGGgGGggrrG,2605.0
2605,1,gGGgGGggrrr,2610.0
2610,2,yyyyyyyyrrr,2613.0
2615,3,rrrrrrrrGGG,2618.0
2620,4,rrrrrrrrrrr,2623.0
2625,0,gGGgGGggrrG,2628.0
2630,1,gGGgGGggrrr,2633.0
2635,2,yyyyyyyyrrr,2636.0
2640,3,rrrrrrrrGGG,2641.0
2645,4,rrrrrrrrrrr,2646.0
2650,0,gGGgGGggrrG,2651.0
2655,1,gGGgGGggrrr,2656.0
2660,3,rrrrrrrrGGG,2664.0
2665,4,rrrrrrrrrrr,2669.0
2670,0,gGGgGGggrrG,2674.0
2675,0,gGGgGGggrrG,2676.0
2680,0,gGGgGGggrrG,2681.0
2685,1,gGGgGGggrrr,2686.0
2690,3,rrrrrrrrGGG,2694.0
2695,4,rrrrrrrrrrr,2699.0
2700,0,gGGgGGggrrG,2704.0
2705,0,gGGgGGggrrG,2706.0
2710,0,gGGgGGggrrG,2712.0
2715,0,gGGgGGggrrG,2716.0
2720,0,gGGgGGggrrG,2722.0
2725,0,gGGgGGggrrG,2726.0
2730,0,gGGgGGggrrG,2732.0
2735,1,gGGgGGggrrr,2740.0
2740,2,yyyyyyyyrrr,2743.0
2745,3,rrrrrrrrGGG,2748.0
2750,4,rrrrrrrrrrr,2753.0
2755,0,gGGgGGggrrG,2758.0
2760,1,gGGgGGggrrr,2765.0
2765,2,yyyyyyyyrrr,2768.0
2770,3,rrrrrrrrGGG,2773.0
2775,4,rrrrrrrrrrr,2778.0
2780,0,gGGgGGggrrG,2783.0
2785,0,gGGgGGggrrG,2786.0
2790,1,gGGgGGggrrr,2792.0
2795,3,rrrrrrrrGGG,2800.0
2800,4,rrrrrrrrrrr,2805.0
2805,0,gGGgGGggrrG,2810.0
2810,1,gGGgGGggrrr,2815.0
2815,2,yyyyyyyyrrr,2818.0
2820,3,rrrrrrrrGGG,2823.0
2825,4,rrrrrrrrrrr,2828.0
2830,0,gGGgGGggrrG,2833.0
2835,0,gGGgGGggrrG,2836.0
2840,0,gGGgGGggrrG,2841.0
2845,1,gGGgGGggrrr,2850.0
2850,2,yyyyyyyyrrr,2853.0
2855,3,rrrrrrrrGGG,2858.0
2860,4,rrrrrrrrrrr,2863.0
2865,0,gGGgGGggrrG,2868.0
2870,1,gGGgGGggrrr,2873.0
2875,2,yyyyyyyyrrr,2876.0
2880,3,rrrrrrrrGGG,2881.0
2885,4,rrrrrrrrrrr,2886.0
2890,0,gGGgGGggrrG,2891.0
2895,0,gGGgGGggrrG,2896.0
2900,0,gGGgGGggrrG,2901.0
2905,0,gGGgGGggrrG,2906.0
2910,0,gGGgGGggrrG,2911.0
2915,1,gGGgGGggrrr,2917.0
2920,3,rrrrrrrrGGG,2925.0
2925,4,rrrrrrrrrrr,2930.0
2930,0,gGGgGGggrrG,2935.0
2935,0,gGGgGGggrrG,2937.0
2940,1,gGGgGGggrrr,2943.0
2945,2,yyyyyyyyrrr,2946.0
2950,3,rrrrrrrrGGG,2951.0
2955,4,rrrrrrrrrrr,2956.0
2960,0,gGGgGGggrrG,2961.0
2965,1,gGGgGGggrrr,2966.0
2970,3,rrrrrrrrGGG,2974.0
2975,4,rrrrrrrrrrr,2979.0
2980,0,gGGgGGggrrG,2984.0
2985,0,gGGgGGggrrG,2986.0
2990,1,gGGgGGggrrr,2992.0
2995,3,rrrrrrrrGGG,3000.0
3000,4,rrrrrrrrrrr,3005.0
3005,0,gGGgGGggrrG,3010.0
3010,1,gGGgGGggrrr,3015.0
3015,2,yyyyyyyyrrr,3018.0
3020,3,rrrrrrrrGGG,3023.0
3025,4,rrrrrrrrrrr,3028.0
3030,0,gGGgGGggrrG,3033.0
3035,1,gGGgGGggrrr,3038.0
3040,2,yyyyyyyyrrr,3041.0
3045,3,rrrrrrrrGGG,3046.0
3050,4,rrrrrrrrrrr,3051.0
3055,0,gGGgGGggrrG,3056.0
3060,1,gGGgGGggrrr,3061.0
3065,3,rrrrrrrrGGG,3069.0
3070,4,rrrrrrrrrrr,3074.0
3075,0,gGGgGGggrrG,3079.0
3080,0,gGGgGGggrrG,3081.0
3085,1,gGGgGGggrrr,3087.0
3090,3,rrrrrrrrGGG,3095.0
3095,4,rrrrrrrrrrr,3100.0
3100,0,gGGgGGggrrG,3105.0
3105,1,gGGgGGggrrr,3110.0
3110,2,yyyyyyyyrrr,3113.0
3115,3,rrrrrrrrGGG,3118.0
3120,4,rrrrrrrrrrr,3123.0
3125,0,gGGgGGggrrG,3128.0
3130,0,gGGgGGggrrG,3131.0
3135,1,gGGgGGggrrr,3136.0
3140,3,rrrrrrrrGGG,3144.0
3145,4,rrrrrrrrrrr,3149.0
3150,0,gGGgGGggrrG,3154.0
3155,1,gGGgGGggrrr,3159.0
3160,2,yyyyyyyyrrr,3162.0
3165,3,rrrrrrrrGGG,3167.0
3170,4,rrrrrrrrrrr,3172.0
3175,0,gGGgGGggrrG,3177.0
3180,1,gGGgGGggrrr,3185.0
3185,2,yyyyyyyyrrr,3188.0
3190,3,rrrrrrrrGGG,3193.0
3195,4,rrrrrrrrrrr,3198.0
3200,0,gGGgGGggrrG,3203.0
3205,0,gGGgGGggrrG,3206.0
3210,1,gGGgGGggrrr,3211.0
3215,3,rrrrrrrrGGG,3219.0
3220,4,rrrrrrrrrrr,3224.0
3225,0,gGGgGGggrrG,3229.0
3230,0,gGGgGGggrrG,3231.0
3235,0,gGGgGGggrrG,3237.0
3240,1,gGGgGGggrrr,3245.0
3245,2,yyyyyyyyrrr,3248.0
3250,3,rrrrrrrrGGG,3253.0
3255,4,rrrrrrrrrrr,3258.0
3260,0,gGGgGGggrrG,3263.0
3265,0,gGGgGGggrrG,3266.0
3270,1,gGGgGGggrrr,3271.0
3275,3,rrrrrrrrGGG,3279.0
3280,4,rrrrrrrrrrr,3284.0
3285,0,gGGgGGggrrG,3289.0
3290,1,gGGgGGggrrr,3294.0
3295,2,yyyyyyyyrrr,3297.0
3300,3,rrrrrrrrGGG,3302.0
3305,4,rrrrrrrrrrr,3307.0
3310,0,gGGgGGggrrG,3312.0
3315,1,gGGgGGggrrr,3317.0
3320,3,rrrrrrrrGGG,3325.0
3325,4,rrrrrrrrrrr,3330.0
3330,0,gGGgGGggrrG,3335.0
3335,1,gGGgGGggrrr,3340.0
3340,2,yyyyyyyyrrr,3343.0
3345,3,rrrrrrrrGGG,3348.0
3350,4,rrrrrrrrrrr,3353.0
3355,0,gGGgGGggrrG,3358.0
3360,1,gGGgGGggrrr,3363.0
3365,2,yyyyyyyyrrr,3366.0
3370,3,rrrrrrrrGGG,3371.0
3375,4,rrrrrrrrrrr,3376.0
3380,0,gGGgGGggrrG,3381.0
3385,1,gGGgGGggrrr,3386.0
3390,3,rrrrrrrrGGG,3394.0
3395,4,rrrrrrrrrrr,3399.0
3400,0,gGGgGGggrrG,3404.0
3405,1,gGGgGGggrrr,3409.0
3410,2,yyyyyyyyrrr,3412.0
3415,3,rrrrrrrrGGG,3417.0
3420,4,rrrrrrrrrrr,3422.0
3425,0,gGGgGGggrrG,3427.0
3430,1,gGGgGGggrrr,3432.0
3435,3,rrrrrrrrGGG,3440.0
3440,4,rrrrrrrrrrr,3445.0
3445,0,gGGgGGggrrG,3450.0
3450,1,gGGgGGggrrr,3455.0
3455,2,yyyyyyyyrrr,3458.0
3460,3,rrrrrrrrGGG,3463.0
3465,4,rrrrrrrrrrr,3468.0
3470,0,gGGgGGggrrG,3473.0
3475,1,gGGgGGggrrr,3478.0
3480,2,yyyyyyyyrrr,3481.0
3485,3,rrrrrrrrGGG,3486.0
3490,4,rrrrrrrrrrr,3491.0
3495,0,gGGgGGggrrG,3496.0
3500,0,gGGgGGggrrG,3502.0
3505,0,gGGgGGggrrG,3506.0
3510,1,gGGgGGggrrr,3512.0
3515,3,rrrrrrrrGGG,3520.0
3520,4,rrrrrrrrrrr,3525.0
3525,0,gGGgGGggrrG,3530.0
3530,0,gGGgGGggrrG,3532.0
3535,0,gGGgGGggrrG,3536.0
3540,1,gGGgGGggrrr,3542.0
3545,3,rrrrrrrrGGG,3550.0
3550,4,rrrrrrrrrrr,3555.0
3555,0,gGGgGGggrrG,3560.0
3560,1,gGGgGGggrrr,3565.0
3565,2,yyyyyyyyrrr,3568.0
3570,3,rrrrrrrrGGG,3573.0
3575,4,rrrrrrrrrrr,3578.0
3580,0,gGGgGGggrrG,3583.0
3585,1,gGGgGGggrrr,3588.0
3590,2,yyyyyyyyrrr,3591.0
3595,3,rrrrrrrrGGG,3596.0
3600,4,rrrrrrrrrrr,3601.0
3605,0,gGGgGGggrrG,3606.0
3610,1,gGGgGGggrrr,3611.0
3615,3,rrrrrrrrGGG,3619.0
3620,4,rrrrrrrrrrr,3624.0
3625,0,gGGgGGggrrG,3629.0
3630,1,gGGgGGggrrr,3634.0
3635,2,yyyyyyyyrrr,3637.0
3640,3,rrrrrrrrGGG,3642.0
3645,4,rrrrrrrrrrr,3647.0
3650,0,gGGgGGggrrG,3652.0
3655,1,gGGgGGggrrr,3657.0
3660,3,rrrrrrrrGGG,3665.0
3665,4,rrrrrrrrrrr,3670.0
3670,0,gGGgGGggrrG,3675.0
3675,1,gGGgGGggrrr,3680.0
3680,2,yyyyyyyyrrr,3683.0
3685,3,rrrrrrrrGGG,3688.0
3690,4,rrrrrrrrrrr,3693.0
3695,0,gGGgGGggrrG,3698.0
3700,1,gGGgGGggrrr,3703.0
3705,2,yyyyyyyyrrr,3706.0
3710,3,rrrrrrrrGGG,3711.0
3715,4,rrrrrrrrrrr,3716.0
3720,0,gGGgGGggrrG,3721.0
3725,1,gGGgGGggrrr,3726.0
3730,3,rrrrrrrrGGG,3734.0
3735,4,rrrrrrrrrrr,3739.0
3740,0,gGGgGGggrrG,3744.0
3745,1,gGGgGGggrrr,3749.0
3750,2,yyyyyyyyrrr,3752.0
3755,3,rrrrrrrrGGG,3757.0
3760,4,rrrrrrrrrrr,3762.0
3765,0,gGGgGGggrrG,3767.0
3770,0,gGGgGGggrrG,3771.0
3775,1,gGGgGGggrrr,3777.0
3780,3,rrrrrrrrGGG,3785.0
3785,4,rrrrrrrrrrr,3790.0
3790,0,gGGgGGggrrG,3795.0
3795,0,gGGgGGggrrG,3796.0
3800,1,gGGgGGggrrr,3802.0
3805,3,rrrrrrrrGGG,3810.0
3810,4,rrrrrrrrrrr,3815.0
3815,0,gGGgGGggrrG,3820.0
3820,0,gGGgGGggrrG,3821.0
3825,1,gGGgGGggrrr,3826.0
3830,3,rrrrrrrrGGG,3834.0
3835,4,rrrrrrrrrrr,3839.0
3840,0,gGGgGGggrrG,3844.0
3845,1,gGGgGGggrrr,3849.0
3850,2,yyyyyyyyrrr,3852.0
3855,3,rrrrrrrrGGG,3857.0
3860,4,rrrrrrrrrrr,3862.0
3865,0,gGGgGGggrrG,3867.0
3870,1,gGGgGGggrrr,3872.0
3875,3,rrrrrrrrGGG,3880.0
3880,4,rrrrrrrrrrr,3885.0
3885,0,gGGgGGggrrG,3890.0
3890,1,gGGgGGggrrr,3895.0
3895,2,yyyyyyyyrrr,3898.0
3900,3,rrrrrrrrGGG,3903.0
3905,4,rrrrrrrrrrr,3908.0
3910,0,gGGgGGggrrG,3913.0
3915,0,gGGgGGggrrG,3917.0
3920,1,gGGgGGggrrr,3924.0
3925,2,yyyyyyyyrrr,3927.0
3930,3,rrrrrrrrGGG,3932.0
3935,4,rrrrrrrrrrr,3937.0
3940,0,gGGgGGggrrG,3942.0
3945,0,gGGgGGggrrG,3946.0
3950,0,gGGgGGggrrG,3951.0
3955,0,gGGgGGggrrG,3956.0
3960,1,gGGgGGggrrr,3965.0
3965,2,yyyyyyyyrrr,3968.0
3970,3,rrrrrrrrGGG,3973.0
3975,4,rrrrrrrrrrr,3978.0
3980,0,gGGgGGggrrG,3983.0
3985,1,gGGgGGggrrr,3988.0
3990,2,yyyyyyyyrrr,3991.0
3995,3,rrrrrrrrGGG,3996.0
4000,4,rrrrrrrrrrr,4001.0
4005,0,gGGgGGggrrG,4006.0
4010,1,gGGgGGggrrr,4012.0
4015,3,rrrrrrrrGGG,4020.0
4020,4,rrrrrrrrrrr,4025.0
4025,0,gGGgGGggrrG,4030.0
4030,0,gGGgGGggrrG,4032.0
4035,1,gGGgGGggrrr,4039.0
4040,2,yyyyyyyyrrr,4042.0
4045,3,rrrrrrrrGGG,4047.0
4050,4,rrrrrrrrrrr,4052.0
4055,0,gGGgGGggrrG,4057.0
4060,1,gGGgGGggrrr,4064.0
4065,2,yyyyyyyyrrr,4067.0
4070,3,rrrrrrrrGGG,4072.0
4075,4,rrrrrrrrrrr,4077.0
4080,0,gGGgGGggrrG,4082.0
4085,0,gGGgGGggrrG,4086.0
4090,0,gGGgGGggrrG,4092.0
4095,1,gGGgGGggrrr,4099.0
4100,2,yyyyyyyyrrr,4102.0
4105,3,rrrrrrrrGGG,4107.0
4110,4,rrrrrrrrrrr,4112.0
4115,0,gGGgGGggrrG,4117.0
4120,1,gGGgGGggrrr,4122.0
4125,3,rrrrrrrrGGG,4130.0
4130,4,rrrrrrrrrrr,4135.0
4135,0,gGGgGGggrrG,4140.0
4140,0,gGGgGGggrrG,4141.0
4145,0,gGGgGGggrrG,4146.0
4150,1,gGGgGGggrrr,4155.0
4155,2,yyyyyyyyrrr,4158.0
4160,3,rrrrrrrrGGG,4163.0
4165,4,rrrrrrrrrrr,4168.0
4170,0,gGGgGGggrrG,4173.0
4175,1,gGGgGGggrrr,4178.0
4180,2,yyyyyyyyrrr,4181.0
4185,3,rrrrrrrrGGG,4186.0
4190,4,rrrrrrrrrrr,4191.0
4195,0,gGGgGGggrrG,4196.0
4200,0,gGGgGGggrrG,4201.0
4205,0,gGGgGGggrrG,4206.0
4210,0,gGGgGGggrrG,4211.0
4215,1,gGGgGGggrrr,4216.0
4220,3,rrrrrrrrGGG,4224.0
4225,4,rrrrrrrrrrr,4229.0
4230,0,gGGgGGggrrG,4234.0
4235,1,gGGgGGggrrr,4239.0
4240,2,yyyyyyyyrrr,4242.0
4245,3,rrrrrrrrGGG,4247.0
4250,4,rrrrrrrrrrr,4252.0
4255,0,gGGgGGggrrG,4257.0
4260,1,gGGgGGggrrr,4262.0
4265,3,rrrrrrrrGGG,4270.0
4270,4,rrrrrrrrrrr,4275.0
4275,0,gGGgGGggrrG,4280.0
4280,1,gGGgGGggrrr,4285.0
4285,2,yyyyyyyyrrr,4288.0
4290,3,rrrrrrrrGGG,4293.0
4295,4,rrrrrrrrrrr,4298.0
4300,0,gGGgGGggrrG,4303.0
4305,1,gGGgGGggrrr,4308.0
4310,2,yyyyyyyyrrr,4311.0
4315,3,rrrrrrrrGGG,4316.0
4320,4,rrrrrrrrrrr,4321.0
4325,0,gGGgGGggrrG,4326.0
4330,1,gGGgGGggrrr,4334.0
4335,2,yyyyyyyyrrr,4337.0
4340,3,rrrrrrrrGGG,4342.0
4345,4,rrrrrrrrrrr,4347.0
4350,0,gGGgGGggrrG,4352.0
4355,1,gGGgGGggrrr,4359.0
4360,2,yyyyyyyyrrr,4362.0
4365,3,rrrrrrrrGGG,4367.0
4370,4,rrrrrrrrrrr,4372.0
4375,0,gGGgGGggrrG,4377.0
4380,1,gGGgGGggrrr,4382.0
4385,3,rrrrrrrrGGG,4390.0
4390,4,rrrrrrrrrrr,4395.0
4395,0,gGGgGGggrrG,4400.0
4400,1,gGGgGGggrrr,4405.0
4405,2,yyyyyyyyrrr,4408.0
4410,3,rrrrrrrrGGG,4413.0
4415,4,rrrrrrrrrrr,4418.0
4420,0,gGGgGGggrrG,4423.0
4425,0,gGGgGGggrrG,4426.0
4430,1,gGGgGGggrrr,4432.0
4435,3,rrrrrrrrGGG,4440.0
4440,4,rrrrrrrrrrr,4445.0
4445,0,gGGgGGggrrG,4450.0
4450,1,gGGgGGggrrr,4455.0
4455,2,yyyyyyyyrrr,4458.0
4460,3,rrrrrrrrGGG,4463.0
4465,4,rrrrrrrrrrr,4468.0
4470,0,gGGgGGggrrG,4473.0
4475,1,gGGgGGggrrr,4480.0
4480,2,yyyyyyyyrrr,4483.0
4485,3,rrrrrrrrGGG,4488.0
4490,4,rrrrrrrrrrr,4493.0
4495,0,gGGgGGggrrG,4498.0
4500,0,gGGgGGggrrG,4501.0
4505,1,gGGgGGggrrr,4506.0
4510,3,rrrrrrrrGGG,4514.0
4515,4,rrrrrrrrrrr,4519.0
4520,0,gGGgGGggrrG,4524.0
4525,0,gGGgGGggrrG,4526.0
4530,0,gGGgGGggrrG,4532.0
4535,1,gGGgGGggrrr,4539.0
4540,2,yyyyyyyyrrr,4542.0
4545,3,rrrrrrrrGGG,4547.0
4550,4,rrrrrrrrrrr,4552.0
4555,0,gGGgGGggrrG,4557.0
4560,1,gGGgGGggrrr,4562.0
4565,3,rrrrrrrrGGG,4570.0
4570,4,rrrrrrrrrrr,4575.0
4575,0,gGGgGGggrrG,4580.0
4580,0,gGGgGGggrrG,4582.0
4585,0,gGGgGGggrrG,4586.0
4590,1,gGGgGGggrrr,4595.0
4595,2,yyyyyyyyrrr,4598.0
4600,3,rrrrrrrrGGG,4603.0
4605,4,rrrrrrrrrrr,4608.0
4610,0,gGGgGGggrrG,4613.0
4615,0,gGGgGGggrrG,4616.0
4620,1,gGGgGGggrrr,4622.0
4625,3,rrrrrrrrGGG,4630.0
4630,4,rrrrrrrrrrr,4635.0
4635,0,gGGgGGggrrG,4640.0
4640,0,gGGgGGggrrG,4642.0
4645,0,gGGgGGggrrG,4646.0
4650,1,gGGgGGggrrr,4652.0
4655,3,rrrrrrrrGGG,4660.0
4660,4,rrrrrrrrrrr,4665.0
4665,0,gGGgGGggrrG,4670.0
4670,1,gGGgGGggrrr,4675.0
4675,2,yyyyyyyyrrr,4678.0
4680,3,rrrrrrrrGGG,4683.0
4685,4,rrrrrrrrrrr,4688.0
4690,0,gGGgGGggrrG,4693.0
4695,1,gGGgGGggrrr,4698.0
4700,2,yyyyyyyyrrr,4701.0
4705,3,rrrrrrrrGGG,4706.0
4710,4,rrrrrrrrrrr,4711.0
4715,0,gGGgGGggrrG,4716.0
4720,1,gGGgGGggrrr,4721.0
4725,3,rrrrrrrrGGG,4729.0
4730,4,rrrrrrrrrrr,4734.0
4735,0,gGGgGGggrrG,4739.0
4740,0,gGGgGGggrrG,4741.0
4745,0,gGGgGGggrrG,4747.0
4750,0,gGGgGGggrrG,4751.0
4755,1,gGGgGGggrrr,4757.0
4760,3,rrrrrrrrGGG,4765.0
4765,4,rrrrrrrrrrr,4770.0
4770,0,gGGgGGggrrG,4775.0
4775,1,gGGgGGggrrr,4780.0
4780,2,yyyyyyyyrrr,4783.0
4785,3,rrrrrrrrGGG,4788.0
4790,4,rrrrrrrrrrr,4793.0
4795,0,gGGgGGggrrG,4798.0
4800,1,gGGgGGggrrr,4803.0
4805,2,yyyyyyyyrrr,4806.0
4810,3,rrrrrrrrGGG,4811.0
4815,4,rrrrrrrrrrr,4816.0
4820,0,gGGgGGggrrG,4821.0
4825,1,gGGgGGggrrr,4829.0
4830,2,yyyyyyyyrrr,4832.0
4835,3,rrrrrrrrGGG,4837.0
4840,4,rrrrrrrrrrr,4842.0
4845,0,gGGgGGggrrG,4847.0
4850,1,gGGgGGggrrr,4852.0
4855,3,rrrrrrrrGGG,4860.0
4860,4,rrrrrrrrrrr,4865.0
4865,0,gGGgGGggrrG,4870.0
4870,0,gGGgGGggrrG,4872.0
4875,1,gGGgGGggrrr,4879.0
4880,2,yyyyyyyyrrr,4882.0
4885,3,rrrrrrrrGGG,4887.0
4890,4,rrrrrrrrrrr,4892.0
4895,0,gGGgGGggrrG,4897.0
4900,1,gGGgGGggrrr,4902.0
4905,3,rrrrrrrrGGG,4910.0
4910,4,rrrrrrrrrrr,4915.0
4915,0,gGGgGGggrrG,4920.0
4920,1,gGGgGGggrrr,4925.0
4925,2,yyyyyyyyrrr,4928.0
4930,3,rrrrrrrrGGG,4933.0
4935,4,rrrrrrrrrrr,4938.0
4940,0,gGGgGGggrrG,4943.0
4945,1,gGGgGGggrrr,4949.0
4950,2,yyyyyyyyrrr,4952.0
4955,3,rrrrrrrrGGG,4957.0
4960,4,rrrrrrrrrrr,4962.0
4965,0,gGGgGGggrrG,4967.0
4970,1,gGGgGGggrrr,4972.0
4975,3,rrrrrrrrGGG,4980.0
4980,4,rrrrrrrrrrr,4985.0
4985,0,gGGgGGggrrG,4990.0
4990,1,gGGgGGggrrr,4995.0
4995,2,yyyyyyyyrrr,4998.0
5000,3,rrrrrrrrGGG,5003.0
5005,4,rrrrrrrrrrr,5008.0
5010,0,gGGgGGggrrG,5013.0
5015,1,gGGgGGggrrr,5018.0
5020,2,yyyyyyyyrrr,5021.0
5025,3,rrrrrrrrGGG,5026.0
5030,4,rrrrrrrrrrr,5031.0
5035,0,gGGgGGggrrG,5036.0
5040,1,gGGgGGggrrr,5041.0
5045,3,rrrrrrrrGGG,5049.0
5050,4,rrrrrrrrrrr,5054.0
5055,0,gGGgGGggrrG,5059.0
5060,1,gGGgGGggrrr,5064.0
5065,2,yyyyyyyyrrr,5067.0
5070,3,rrrrrrrrGGG,5072.0
5075,4,rrrrrrrrrrr,5077.0
5080,0,gGGgGGggrrG,5082.0
5085,1,gGGgGGggrrr,5087.0
5090,3,rrrrrrrrGGG,5095.0
5095,4,rrrrrrrrrrr,5100.0
5100,0,gGGgGGggrrG,5105.0
5105,1,gGGgGGggrrr,5110.0
5110,2,yyyyyyyyrrr,5113.0
5115,3,rrrrrrrrGGG,5118.0
5120,4,rrrrrrrrrrr,5123.0
5125,0,gGGgGGggrrG,5128.0
5130,1,gGGgGGggrrr,5133.0
5135,2,yyyyyyyyrrr,5136.0
5140,3,rrrrrrrrGGG,5141.0
5145,4,rrrrrrrrrrr,5146.0
5150,0,gGGgGGggrrG,5151.0
5155,1,gGGgGGggrrr,5160.0
5160,2,yyyyyyyyrrr,5163.0
5165,3,rrrrrrrrGGG,5168.0
5170,4,rrrrrrrrrrr,5173.0
5175,0,gGGgGGggrrG,5178.0
5180,1,gGGgGGggrrr,5183.0
5185,2,yyyyyyyyrrr,5186.0
5190,3,rrrrrrrrGGG,5191.0
5195,4,rrrrrrrrrrr,5196.0
5200,0,gGGgGGggrrG,5201.0
5205,1,gGGgGGggrrr,5206.0
5210,3,rrrrrrrrGGG,5214.0
5215,4,rrrrrrrrrrr,5219.0
5220,0,gGGgGGggrrG,5224.0
5225,1,gGGgGGggrrr,5229.0
5230,2,yyyyyyyyrrr,5232.0
5235,3,rrrrrrrrGGG,5237.0
5240,4,rrrrrrrrrrr,5242.0
5245,0,gGGgGGggrrG,5247.0
5250,1,gGGgGGggrrr,5252.0
5255,3,rrrrrrrrGGG,5260.0
5260,4,rrrrrrrrrrr,5265.0
5265,0,gGGgGGggrrG,5270.0
5270,1,gGGgGGggrrr,5275.0
5275,2,yyyyyyyyrrr,5278.0
5280,3,rrrrrrrrGGG,5283.0
5285,4,rrrrrrrrrrr,5288.0
5290,0,gGGgGGggrrG,5293.0
5295,1,gGGgGGggrrr,5298.0
5300,2,yyyyyyyyrrr,5301.0
5305,3,rrrrrrrrGGG,5306.0
5310,4,rrrrrrrrrrr,5311.0
5315,0,gGGgGGggrrG,5316.0
5320,1,gGGgGGggrrr,5321.0
5325,3,rrrrrrrrGGG,5329.0
5330,4,rrrrrrrrrrr,5334.0
5335,0,gGGgGGggrrG,5339.0
5340,1,gGGgGGggrrr,5344.0
5345,2,yyyyyyyyrrr,5347.0
5350,3,rrrrrrrrGGG,5352.0
5355,4,rrrrrrrrrrr,5357.0
5360,0,gGGgGGggrrG,5362.0
5365,1,gGGgGGggrrr,5367.0
5370,3,rrrrrrrrGGG,5375.0
5375,4,rrrrrrrrrrr,5380.0
5380,0,gGGgGGggrrG,5385.0
5385,1,gGGgGGggrrr,5390.0
5390,2,yyyyyyyyrrr,5393.0
5395,3,rrrrrrrrGGG,5398.0
5400,4,rrrrrrrrrrr,5403.0
5405,0,gGGgGGggrrG,5408.0
5410,1,gGGgGGggrrr,5413.0
5415,2,yyyyyyyyrrr,5416.0
5420,3,rrrrrrrrGGG,5421.0
5425,4,rrrrrrrrrrr,5426.0
5430,0,gGGgGGggrrG,5431.0
5435,1,gGGgGGggrrr,5436.0
5440,3,rrrrrrrrGGG,5444.0
5445,4,rrrrrrrrrrr,5449.0
5450,0,gGGgGGggrrG,5454.0
5455,1,gGGgGGggrrr,5459.0
5460,2,yyyyyyyyrrr,5462.0
5465,3,rrrrrrrrGGG,5467.0
5470,4,rrrrrrrrrrr,5472.0
5475,0,gGGgGGggrrG,5477.0
5480,1,gGGgGGggrrr,5482.0
5485,3,rrrrrrrrGGG,5490.0
5490,4,rrrrrrrrrrr,5495.0
5495,0,gGGgGGggrrG,5500.0
5500,1,gGGgGGggrrr,5505.0
5505,2,yyyyyyyyrrr,5508.0
5510,3,rrrrrrrrGGG,5513.0
5515,4,rrrrrrrrrrr,5518.0
5520,0,gGGgGGggrrG,5523.0
5525,1,gGGgGGggrrr,5528.0
5530,2,yyyyyyyyrrr,5531.0
5535,3,rrrrrrrrGGG,5536.0
5540,4,rrrrrrrrrrr,5541.0
5545,0,gGGgGGggrrG,5546.0
5550,1,gGGgGGggrrr,5551.0
5555,3,rrrrrrrrGGG,5559.0
5560,4,rrrrrrrrrrr,5564.0
5565,0,gGGgGGggrrG,5569.0
5570,1,gGGgGGggrrr,5574.0
5575,2,yyyyyyyyrrr,5577.0
5580,3,rrrrrrrrGGG,5582.0
5585,4,rrrrrrrrrrr,5587.0
5590,0,gGGgGGggrrG,5592.0
5595,1,gGGgGGggrrr,5597.0
5600,3,rrrrrrrrGGG,5605.0
5605,4,rrrrrrrrrrr,5610.0
5610,0,gGGgGGggrrG,5615.0
5615,1,gGGgGGggrrr,5620.0
5620,2,yyyyyyyyrrr,5623.0
5625,3,rrrrrrrrGGG,5628.0
5630,4,rrrrrrrrrrr,5633.0
5635,0,gGGgGGggrrG,5638.0
5640,1,gGGgGGggrrr,5643.0
5645,2,yyyyyyyyrrr,5646.0
5650,3,rrrrrrrrGGG,5651.0
5655,4,rrrrrrrrrrr,5656.0
5660,0,gGGgGGggrrG,5661.0
5665,1,gGGgGGggrrr,5666.0
5670,3,rrrrrrrrGGG,5674.0
5675,4,rrrrrrrrrrr,5679.0
5680,0,gGGgGGggrrG,5684.0
5685,1,gGGgGGggrrr,5689.0
5690,2,yyyyyyyyrrr,5692.0
5695,3,rrrrrrrrGGG,5697.0
5700,4,rrrrrrrrrrr,5702.0
5705,0,gGGgGGggrrG,5707.0
5710,1,gGGgGGggrrr,5712.0
5715,3,rrrrrrrrGGG,5720.0
5720,4,rrrrrrrrrrr,5725.0
5725,0,gGGgGGggrrG,5730.0
5730,1,gGGgGGggrrr,5735.0
5735,2,yyyyyyyyrrr,5738.0
5740,3,rrrrrrrrGGG,5743.0
5745,4,rrrrrrrrrrr,5748.0
5750,0,gGGgGGggrrG,5753.0
5755,1,gGGgGGggrrr,5758.0
5760,2,yyyyyyyyrrr,5761.0
5765,3,rrrrrrrrGGG,5766.0
5770,4,rrrrrrrrrrr,5771.0
5775,0,gGGgGGggrrG,5776.0
5780,1,gGGgGGggrrr,5781.0
5785,3,rrrrrrrrGGG,5789.0
5790,4,rrrrrrrrrrr,5794.0
5795,0,gGGgGGggrrG,5799.0
5800,1,gGGgGGggrrr,5804.0
5805,2,yyyyyyyyrrr,5807.0
5810,3,rrrrrrrrGGG,5812.0
5815,4,rrrrrrrrrrr,5817.0
5820,0,gGGgGGggrrG,5822.0
5825,1,gGGgGGggrrr,5827.0
5830,3,rrrrrrrrGGG,5835.0
5835,4,rrrrrrrrrrr,5840.0
5840,0,gGGgGGggrrG,5845.0
5845,1,gGGgGGggrrr,5850.0
5850,2,yyyyyyyyrrr,5853.0
5855,3,rrrrrrrrGGG,5858.0
5860,4,rrrrrrrrrrr,5863.0
5865,0,gGGgGGggrrG,5868.0
5870,1,gGGgGGggrrr,5873.0
5875,2,yyyyyyyyrrr,5876.0
5880,3,rrrrrrrrGGG,5881.0
5885,4,rrrrrrrrrrr,5886.0
5890,0,gGGgGGggrrG,5891.0
5895,1,gGGgGGggrrr,5896.0
5900,3,rrrrrrrrGGG,5904.0
5905,4,rrrrrrrrrrr,5909.0
5910,0,gGGgGGggrrG,5914.0
5915,1,gGGgGGggrrr,5919.0
5920,2,yyyyyyyyrrr,5922.0
5925,3,rrrrrrrrGGG,5927.0
5930,4,rrrrrrrrrrr,5932.0
5935,0,gGGgGGggrrG,5937.0
5940,1,gGGgGGggrrr,5942.0
5945,3,rrrrrrrrGGG,5950.0
5950,4,rrrrrrrrrrr,5955.0
5955,0,gGGgGGggrrG,5960.0
5960,1,gGGgGGggrrr,5965.0
5965,2,yyyyyyyyrrr,5968.0
5970,3,rrrrrrrrGGG,5973.0
5975,4,rrrrrrrrrrr,5978.0
5980,0,gGGgGGggrrG,5983.0
5985,1,gGGgGGggrrr,5988.0
5990,2,yyyyyyyyrrr,5991.0
5995,3,rrrrrrrrGGG,5996.0
6000,4,rrrrrrrrrrr,6001.0
6005,0,gGGgGGggrrG,6006.0
6010,1,gGGgGGggrrr,6011.0
6015,3,rrrrrrrrGGG,6019.0
6020,4,rrrrrrrrrrr,6024.0
6025,0,gGGgGGggrrG,6029.0
6030,1,gGGgGGggrrr,6034.0
6035,2,yyyyyyyyrrr,6037.0
6040,3,rrrrrrrrGGG,6042.0
6045,4,rrrrrrrrrrr,6047.0
6050,0,gGGgGGggrrG,6052.0
6055,1,gGGgGGggrrr,6057.0
6060,3,rrrrrrrrGGG,6065.0
6065,4,rrrrrrrrrrr,6070.0
6070,0,gGGgGGggrrG,6075.0
6075,1,gGGgGGggrrr,6080.0
6080,2,yyyyyyyyrrr,6083.0
6085,3,rrrrrrrrGGG,6088.0
6090,4,rrrrrrrrrrr,6093.0
6095,0,gGGgGGggrrG,6098.0
6100,1,gGGgGGggrrr,6103.0
6105,2,yyyyyyyyrrr,6106.0
6110,3,rrrrrrrrGGG,6111.0
6115,4,rrrrrrrrrrr,6116.0
6120,0,gGGgGGggrrG,6121.0
6125,1,gGGgGGggrrr,6126.0
6130,3,rrrrrrrrGGG,6134.0
6135,4,rrrrrrrrrrr,6139.0
6140,0,gGGgGGggrrG,6144.0
6145,1,gGGgGGggrrr,6149.0
6150,2,yyyyyyyyrrr,6152.0
6155,3,rrrrrrrrGGG,6157.0
6160,4,rrrrrrrrrrr,6162.0
6165,0,gGGgGGggrrG,6167.0
6170,1,gGGgGGggrrr,6172.0
6175,3,rrrrrrrrGGG,6180.0
6180,4,rrrrrrrrrrr,6185.0
6185,0,gGGgGGggrrG,6190.0
6190,1,gGGgGGggrrr,6195.0
6195,2,yyyyyyyyrrr,6198.0
6200,3,rrrrrrrrGGG,6203.0
6205,4,rrrrrrrrrrr,6208.0
6210,0,gGGgGGggrrG,6213.0
6215,1,gGGgGGggrrr,6218.0
6220,2,yyyyyyyyrrr,6221.0
6225,3,rrrrrrrrGGG,6226.0
6230,4,rrrrrrrrrrr,6231.0
6235,0,gGGgGGggrrG,6236.0
6240,1,gGGgGGggrrr,6241.0
6245,3,rrrrrrrrGGG,6249.0
6250,4,rrrrrrrrrrr,6254.0
6255,0,gGGgGGggrrG,6259.0
6260,1,gGGgGGggrrr,6264.0
6265,2,yyyyyyyyrrr,6267.0
6270,3,rrrrrrrrGGG,6272.0
6275,4,rrrrrrrrrrr,6277.0
6280,0,gGGgGGggrrG,6282.0
6285,1,gGGgGGggrrr,6287.0
6290,3,rrrrrrrrGGG,6295.0
6295,4,rrrrrrrrrrr,6300.0
6300,0,gGGgGGggrrG,6305.0
6305,1,gGGgGGggrrr,6310.0
6310,2,yyyyyyyyrrr,6313.0
6315,3,rrrrrrrrGGG,6318.0
6320,4,rrrrrrrrrrr,6323.0
6325,0,gGGgGGggrrG,6328.0
6330,1,gGGgGGggrrr,6333.0
6335,2,yyyyyyyyrrr,6336.0
6340,3,rrrrrrrrGGG,6341.0
6345,4,rrrrrrrrrrr,6346.0
6350,0,gGGgGGggrrG,6351.0
6355,1,gGGgGGggrrr,6356.0
6360,3,rrrrrrrrGGG,6364.0
6365,4,rrrrrrrrrrr,6369.0
6370,0,gGGgGGggrrG,6374.0
6375,1,gGGgGGggrrr,6379.0
6380,2,yyyyyyyyrrr,6382.0
6385,3,rrrrrrrrGGG,6387.0
6390,4,rrrrrrrrrrr,6392.0
6395,0,gGGgGGggrrG,6397.0
6400,1,gGGgGGggrrr,6402.0
6405,3,rrrrrrrrGGG,6410.0
6410,4,rrrrrrrrrrr,6415.0
6415,0,gGGgGGggrrG,6420.0
6420,1,gGGgGGggrrr,6425.0
6425,2,yyyyyyyyrrr,6428.0
6430,3,rrrrrrrrGGG,6433.0
6435,4,rrrrrrrrrrr,6438.0
6440,0,gGGgGGggrrG,6443.0
6445,1,gGGgGGggrrr,6448.0
6450,2,yyyyyyyyrrr,6451.0
6455,3,rrrrrrrrGGG,6456.0
6460,4,rrrrrrrrrrr,6461.0
6465,0,gGGgGGggrrG,6466.0
6470,1,gGGgGGggrrr,6471.0
6475,3,rrrrrrrrGGG,6479.0
6480,4,rrrrrrrrrrr,6484.0
6485,0,gGGgGGggrrG,6489.0
6490,1,gGGgGGggrrr,6494.0
6495,2,yyyyyyyyrrr,6497.0
6500,3,rrrrrrrrGGG,6502.0
6505,4,rrrrrrrrrrr,6507.0
6510,0,gGGgGGggrrG,6512.0
6515,1,gGGgGGggrrr,6517.0
6520,3,rrrrrrrrGGG,6525.0
6525,4,rrrrrrrrrrr,6530.0
6530,0,gGGgGGggrrG,6535.0
6535,1,gGGgGGggrrr,6540.0
6540,2,yyyyyyyyrrr,6543.0
6545,3,rrrrrrrrGGG,6548.0
6550,4,rrrrrrrrrrr,6553.0
6555,0,gGGgGGggrrG,6558.0
6560,1,gGGgGGggrrr,6563.0
6565,2,yyyyyyyyrrr,6566.0
6570,3,rrrrrrrrGGG,6571.0
6575,4,rrrrrrrrrrr,6576.0
6580,0,gGGgGGggrrG,6581.0
6585,1,gGGgGGggrrr,6586.0
6590,3,rrrrrrrrGGG,6594.0
6595,4,rrrrrrrrrrr,6599.0
6600,0,gGGgGGggrrG,6604.0
6605,1,gGGgGGggrrr,6609.0
6610,2,yyyyyyyyrrr,6612.0
6615,3,rrrrrrrrGGG,6617.0
6620,4,rrrrrrrrrrr,6622.0
6625,0,gGGgGGggrrG,6627.0
6630,1,gGGgGGggrrr,6632.0
6635,3,rrrrrrrrGGG,6640.0
6640,4,rrrrrrrrrrr,6645.0
6645,0,gGGgGGggrrG,6650.0
6650,1,gGGgGGggrrr,6655.0
6655,2,yyyyyyyyrrr,6658.0
6660,3,rrrrrrrrGGG,6663.0
6665,4,rrrrrrrrrrr,6668.0
6670,0,gGGgGGggrrG,6673.0
6675,1,gGGgGGggrrr,6678.0
6680,2,yyyyyyyyrrr,6681.0
6685,3,rrrrrrrrGGG,6686.0
6690,4,rrrrrrrrrrr,6691.0
6695,0,gGGgGGggrrG,6696.0
6700,1,gGGgGGggrrr,6701.0
6705,3,rrrrrrrrGGG,6709.0
6710,4,rrrrrrrrrrr,6714.0
6715,0,gGGgGGggrrG,6719.0
6720,1,gGGgGGggrrr,6724.0
6725,2,yyyyyyyyrrr,6727.0
6730,3,rrrrrrrrGGG,6732.0
6735,4,rrrrrrrrrrr,6737.0
6740,0,gGGgGGggrrG,6742.0
6745,1,gGGgGGggrrr,6747.0
6750,3,rrrrrrrrGGG,6755.0
6755,4,rrrrrrrrrrr,6760.0
6760,0,gGGgGGggrrG,6765.0
6765,1,gGGgGGggrrr,6770.0
6770,2,yyyyyyyyrrr,6773.0
6775,3,rrrrrrrrGGG,6778.0
6780,4,rrrrrrrrrrr,6783.0
6785,0,gGGgGGggrrG,6788.0
6790,1,gGGgGGggrrr,6793.0
6795,2,yyyyyyyyrrr,6796.0
6800,3,rrrrrrrrGGG,6801.0
6805,4,rrrrrrrrrrr,6806.0
6810,0,gGGgGGggrrG,6811.0
6815,1,gGGgGGggrrr,6816.0
6820,3,rrrrrrrrGGG,6824.0
6825,4,rrrrrrrrrrr,6829.0
6830,0,gGGgGGggrrG,6834.0
6835,1,gGGgGGggrrr,6839.0
6840,2,yyyyyyyyrrr,6842.0
6845,3,rrrrrrrrGGG,6847.0
6850,4,rrrrrrrrrrr,6852.0
6855,0,gGGgGGggrrG,6857.0
6860,1,gGGgGGggrrr,6862.0
6865,3,rrrrrrrrGGG,6870.0
6870,4,rrrrrrrrrrr,6875.0
6875,0,gGGgGGggrrG,6880.0
6880,1,gGGgGGggrrr,6885.0
6885,2,yyyyyyyyrrr,6888.0
6890,3,rrrrrrrrGGG,6893.0
6895,4,rrrrrrrrrrr,6898.0
6900,0,gGGgGGggrrG,6903.0
6905,1,gGGgGGggrrr,6908.0
6910,2,yyyyyyyyrrr,6911.0
6915,3,rrrrrrrrGGG,6916.0
6920,4,rrrrrrrrrrr,6921.0
6925,0,gGGgGGggrrG,6926.0
6930,1,gGGgGGggrrr,6931.0
6935,3,rrrrrrrrGGG,6939.0
6940,4,rrrrrrrrrrr,6944.0
6945,0,gGGgGGggrrG,6949.0
6950,1,gGGgGGggrrr,6954.0
6955,2,yyyyyyyyrrr,6957.0
6960,3,rrrrrrrrGGG,6962.0
6965,4,rrrrrrrrrrr,6967.0
6970,0,gGGgGGggrrG,6972.0
6975,1,gGGgGGggrrr,6977.0
6980,3,rrrrrrrrGGG,6985.0
6985,4,rrrrrrrrrrr,6990.0
6990,0,gGGgGGggrrG,6995.0
6995,1,gGGgGGggrrr,7000.0
7000,2,yyyyyyyyrrr,7003.0
7005,3,rrrrrrrrGGG,7008.0
7010,4,rrrrrrrrrrr,7013.0
7015,0,gGGgGGggrrG,7018.0
7020,1,gGGgGGggrrr,7023.0
7025,2,yyyyyyyyrrr,7026.0
7030,3,rrrrrrrrGGG,7031.0
7035,4,rrrrrrrrrrr,7036.0
7040,0,gGGgGGggrrG,7041.0
7045,1,gGGgGGggrrr,7046.0
7050,3,rrrrrrrrGGG,7054.0
7055,4,rrrrrrrrrrr,7059.0
7060,0,gGGgGGggrrG,7064.0
7065,1,gGGgGGggrrr,7069.0
7070,2,yyyyyyyyrrr,7072.0
7075,3,rrrrrrrrGGG,7077.0
7080,4,rrrrrrrrrrr,7082.0
7085,0,gGGgGGggrrG,7087.0
7090,1,gGGgGGggrrr,7092.0
7095,3,rrrrrrrrGGG,7100.0
7100,4,rrrrrrrrrrr,7105.0
7105,0,gGGgGGggrrG,7110.0
7110,1,gGGgGGggrrr,7115.0
7115,2,yyyyyyyyrrr,7118.0
7120,3,rrrrrrrrGGG,7123.0
7125,4,rrrrrrrrrrr,7128.0
7130,0,gGGgGGggrrG,7133.0
7135,1,gGGgGGggrrr,7138.0
7140,2,yyyyyyyyrrr,7141.0
7145,3,rrrrrrrrGGG,7146.0
7150,4,rrrrrrrrrrr,7151.0
7155,0,gGGgGGggrrG,7156.0
7160,1,gGGgGGggrrr,7161.0
7165,3,rrrrrrrrGGG,7169.0
7170,4,rrrrrrrrrrr,7174.0
7175,0,gGGgGGggrrG,7179.0
7180,1,gGGgGGggrrr,7184.0
7185,2,yyyyyyyyrrr,7187.0
7190,3,rrrrrrrrGGG,7192.0
7195,4,rrrrrrrrrrr,7197.0
7200,0,gGGgGGggrrG,7202.0
7205,1,gGGgGGggrrr,7207.0
7210,3,rrrrrrrrGGG,7215.0
7215,4,rrrrrrrrrrr,7220.0
7220,0,gGGgGGggrrG,7225.0
7225,1,gGGgGGggrrr,7230.0
7230,2,yyyyyyyyrrr,7233.0
7235,3,rrrrrrrrGGG,7238.0
7240,4,rrrrrrrrrrr,7243.0
7245,0,gGGgGGggrrG,7248.0
7250,1,gGGgGGggrrr,7253.0
7255,2,yyyyyyyyrrr,7256.0
7260,3,rrrrrrrrGGG,7261.0
7265,4,rrrrrrrrrrr,7266.0
7270,0,gGGgGGggrrG,7271.0
7275,1,gGGgGGggrrr,7276.0
7280,3,rrrrrrrrGGG,7284.0
7285,4,rrrrrrrrrrr,7289.0
7290,0,gGGgGGggrrG,7294.0
7295,1,gGGgGGggrrr,7299.0
7300,2,yyyyyyyyrrr,7302.0
7305,3,rrrrrrrrGGG,7307.0
7310,4,rrrrrrrrrrr,7312.0
7315,0,gGGgGGggrrG,7317.0
7320,1,gGGgGGggrrr,7322.0
7325,3,rrrrrrrrGGG,7330.0
7330,4,rrrrrrrrrrr,7335.0
7335,0,gGGgGGggrrG,7340.0
7340,1,gGGgGGggrrr,7345.0
7345,2,yyyyyyyyrrr,7348.0
7350,3,rrrrrrrrGGG,7353.0
7355,4,rrrrrrrrrrr,7358.0
7360,0,gGGgGGggrrG,7363.0
7365,1,gGGgGGggrrr,7368.0
7370,2,yyyyyyyyrrr,7371.0
7375,3,rrrrrrrrGGG,7376.0
7380,4,rrrrrrrrrrr,7381.0
7385,0,gGGgGGggrrG,7386.0
7390,1,gGGgGGggrrr,7391.0
7395,3,rrrrrrrrGGG,7399.0
7400,4,rrrrrrrrrrr,7404.0
7405,0,gGGgGGggrrG,7409.0
7410,1,gGGgGGggrrr,7414.0
7415,2,yyyyyyyyrrr,7417.0
7420,3,rrrrrrrrGGG,7422.0
7425,4,rrrrrrrrrrr,7427.0
7430,0,gGGgGGggrrG,7432.0
7435,1,gGGgGGggrrr,7437.0
7440,3,rrrrrrrrGGG,7445.0
7445,4,rrrrrrrrrrr,7450.0
7450,0,gGGgGGggrrG,7455.0
7455,1,gGGgGGggrrr,7460.0
7460,2,yyyyyyyyrrr,7463.0
7465,3,rrrrrrrrGGG,7468.0
7470,4,rrrrrrrrrrr,7473.0
7475,0,gGGgGGggrrG,7478.0
7480,1,gGGgGGggrrr,7483.0
7485,2,yyyyyyyyrrr,7486.0
7490,3,rrrrrrrrGGG,7491.0
7495,4,rrrrrrrrrrr,7496.0
7500,0,gGGgGGggrrG,7501.0
7505,1,gGGgGGggrrr,7506.0
7510,3,rrrrrrrrGGG,7514.0
7515,4,rrrrrrrrrrr,7519.0
7520,0,gGGgGGggrrG,7524.0
7525,1,gGGgGGggrrr,7529.0
7530,2,yyyyyyyyrrr,7532.0
7535,3,rrrrrrrrGGG,7537.0
7540,4,rrrrrrrrrrr,7542.0
7545,0,gGGgGGggrrG,7547.0
7550,1,gGGgGGggrrr,7552.0
7555,3,rrrrrrrrGGG,7560.0
7560,4,rrrrrrrrrrr,7565.0
7565,0,gGGgGGggrrG,7570.0
7570,1,gGGgGGggrrr,7575.0
7575,2,yyyyyyyyrrr,7578.0
7580,3,rrrrrrrrGGG,7583.0
7585,4,rrrrrrrrrrr,7588.0
7590,0,gGGgGGggrrG,7593.0
7595,1,gGGgGGggrrr,7598.0
7600,2,yyyyyyyyrrr,7601.0
7605,3,rrrrrrrrGGG,7606.0
7610,4,rrrrrrrrrrr,7611.0
7615,0,gGGgGGggrrG,7616.0
7620,1,gGGgGGggrrr,7621.0
7625,3,rrrrrrrrGGG,7629.0
7630,4,rrrrrrrrrrr,7634.0
7635,0,gGGgGGggrrG,7639.0
7640,1,gGGgGGggrrr,7644.0
7645,2,yyyyyyyyrrr,7647.0
7650,3,rrrrrrrrGGG,7652.0
7655,4,rrrrrrrrrrr,7657.0
7660,0,gGGgGGggrrG,7662.0
7665,1,gGGgGGggrrr,7667.0
7670,3,rrrrrrrrGGG,7675.0
7675,4,rrrrrrrrrrr,7680.0
7680,0,gGGgGGggrrG,7685.0
7685,1,gGGgGGggrrr,7690.0
7690,2,yyyyyyyyrrr,7693.0
7695,3,rrrrrrrrGGG,7698.0
7700,4,rrrrrrrrrrr,7703.0
7705,0,gGGgGGggrrG,7708.0
7710,1,gGGgGGggrrr,7713.0
7715,2,yyyyyyyyrrr,7716.0
7720,3,rrrrrrrrGGG,7721.0
7725,4,rrrrrrrrrrr,7726.0
7730,0,gGGgGGggrrG,7731.0
7735,1,gGGgGGggrrr,7736.0
7740,3,rrrrrrrrGGG,7744.0
7745,4,rrrrrrrrrrr,7749.0
7750,0,gGGgGGggrrG,7754.0
7755,1,gGGgGGggrrr,7759.0
7760,2,yyyyyyyyrrr,7762.0
7765,3,rrrrrrrrGGG,7767.0
7770,4,rrrrrrrrrrr,7772.0
7775,0,gGGgGGggrrG,7777.0
7780,1,gGGgGGggrrr,7782.0
7785,3,rrrrrrrrGGG,7790.0
7790,4,rrrrrrrrrrr,7795.0
7795,0,gGGgGGggrrG,7800.0
7800,1,gGGgGGggrrr,7805.0
7805,2,yyyyyyyyrrr,7808.0
7810,3,rrrrrrrrGGG,7813.0
7815,4,rrrrrrrrrrr,7818.0
7820,0,gGGgGGggrrG,7823.0
7825,1,gGGgGGggrrr,7828.0
7830,2,yyyyyyyyrrr,7831.0
7835,3,rrrrrrrrGGG,7836.0
7840,4,rrrrrrrrrrr,7841.0
7845,0,gGGgGGggrrG,7846.0
7850,1,gGGgGGggrrr,7851.0
7855,3,rrrrrrrrGGG,7859.0
7860,4,rrrrrrrrrrr,7864.0
7865,0,gGGgGGggrrG,7869.0
7870,1,gGGgGGggrrr,7874.0
7875,2,yyyyyyyyrrr,7877.0
7880,3,rrrrrrrrGGG,7882.0
7885,4,rrrrrrrrrrr,7887.0
7890,0,gGGgGGggrrG,7892.0
7895,1,gGGgGGggrrr,7897.0
7900,3,rrrrrrrrGGG,7905.0
7905,4,rrrrrrrrrrr,7910.0
7910,0,gGGgGGggrrG,7915.0
7915,1,gGGgGGggrrr,7920.0
7920,2,yyyyyyyyrrr,7923.0
7925,3,rrrrrrrrGGG,7928.0
7930,4,rrrrrrrrrrr,7933.0
7935,0,gGGgGGggrrG,7938.0
7940,1,gGGgGGggrrr,7943.0
7945,2,yyyyyyyyrrr,7946.0
7950,3,rrrrrrrrGGG,7951.0
7955,4,rrrrrrrrrrr,7956.0
7960,0,gGGgGGggrrG,7961.0
7965,1,gGGgGGggrrr,7966.0
7970,3,rrrrrrrrGGG,7974.0
7975,4,rrrrrrrrrrr,7979.0
7980,0,gGGgGGggrrG,7984.0
7985,1,gGGgGGggrrr,7989.0
7990,2,yyyyyyyyrrr,7992.0
7995,3,rrrrrrrrGGG,7997.0
8000,4,rrrrrrrrrrr,8002.0
8005,0,gGGgGGggrrG,8007.0
8010,1,gGGgGGggrrr,8012.0
8015,3,rrrrrrrrGGG,8020.0
8020,4,rrrrrrrrrrr,8025.0
8025,0,gGGgGGggrrG,8030.0
8030,1,gGGgGGggrrr,8035.0
8035,2,yyyyyyyyrrr,8038.0
8040,3,rrrrrrrrGGG,8043.0
8045,4,rrrrrrrrrrr,8048.0
8050,0,gGGgGGggrrG,8053.0
8055,1,gGGgGGggrrr,8058.0
8060,2,yyyyyyyyrrr,8061.0
8065,3,rrrrrrrrGGG,8066.0
8070,4,rrrrrrrrrrr,8071.0
8075,0,gGGgGGggrrG,8076.0
8080,1,gGGgGGggrrr,8081.0
8085,3,rrrrrrrrGGG,8089.0
8090,4,rrrrrrrrrrr,8094.0
8095,0,gGGgGGggrrG,8099.0
8100,1,gGGgGGggrrr,8104.0
8105,2,yyyyyyyyrrr,8107.0
8110,3,rrrrrrrrGGG,8112.0
8115,4,rrrrrrrrrrr,8117.0
8120,0,gGGgGGggrrG,8122.0
8125,1,gGGgGGggrrr,8127.0
8130,3,rrrrrrrrGGG,8135.0
8135,4,rrrrrrrrrrr,8140.0
8140,0,gGGgGGggrrG,8145.0
8145,1,gGGgGGggrrr,8150.0
8150,2,yyyyyyyyrrr,8153.0
8155,3,rrrrrrrrGGG,8158.0
8160,4,rrrrrrrrrrr,8163.0
8165,0,gGGgGGggrrG,8168.0
8170,1,gGGgGGggrrr,8173.0
8175,2,yyyyyyyyrrr,8176.0
8180,3,rrrrrrrrGGG,8181.0
8185,4,rrrrrrrrrrr,8186.0
8190,0,gGGgGGggrrG,8191.0
8195,1,gGGgGGggrrr,8196.0
8200,3,rrrrrrrrGGG,8204.0
8205,4,rrrrrrrrrrr,8209.0
8210,0,gGGgGGggrrG,8214.0
8215,1,gGGgGGggrrr,8219.0
8220,2,yyyyyyyyrrr,8222.0
8225,3,rrrrrrrrGGG,8227.0
8230,4,rrrrrrrrrrr,8232.0
8235,0,gGGgGGggrrG,8237.0
8240,1,gGGgGGggrrr,8242.0
8245,3,rrrrrrrrGGG,8250.0
8250,4,rrrrrrrrrrr,8255.0
8255,0,gGGgGGggrrG,8260.0
8260,1,gGGgGGggrrr,8265.0
8265,2,yyyyyyyyrrr,8268.0
8270,3,rrrrrrrrGGG,8273.0
8275,4,rrrrrrrrrrr,8278.0
8280,0,gGGgGGggrrG,8283.0
8285,1,gGGgGGggrrr,8288.0
8290,2,yyyyyyyyrrr,8291.0
8295,3,rrrrrrrrGGG,8296.0
8300,4,rrrrrrrrrrr,8301.0
8305,0,gGGgGGggrrG,8306.0
8310,1,gGGgGGggrrr,8311.0
8315,3,rrrrrrrrGGG,8319.0
8320,4,rrrrrrrrrrr,8324.0
8325,0,gGGgGGggrrG,8329.0
8330,1,gGGgGGggrrr,8334.0
8335,2,yyyyyyyyrrr,8337.0
8340,3,rrrrrrrrGGG,8342.0
8345,4,rrrrrrrrrrr,8347.0
8350,0,gGGgGGggrrG,8352.0
8355,1,gGGgGGggrrr,8357.0
8360,3,rrrrrrrrGGG,8365.0
8365,4,rrrrrrrrrrr,8370.0
8370,0,gGGgGGggrrG,8375.0
8375,1,gGGgGGggrrr,8380.0
8380,2,yyyyyyyyrrr,8383.0
8385,3,rrrrrrrrGGG,8388.0
8390,4,rrrrrrrrrrr,8393.0
8395,0,gGGgGGggrrG,8398.0
8400,1,gGGgGGggrrr,8403.0
8405,2,yyyyyyyyrrr,8406.0
8410,3,rrrrrrrrGGG,8411.0
8415,4,rrrrrrrrrrr,8416.0
8420,0,gGGgGGggrrG,8421.0
8425,1,gGGgGGggrrr,8426.0
8430,3,rrrrrrrrGGG,8434.0
8435,4,rrrrrrrrrrr,8439.0
8440,0,gGGgGGggrrG,8444.0
8445,1,gGGgGGggrrr,8449.0
8450,2,yyyyyyyyrrr,8452.0
8455,3,rrrrrrrrGGG,8457.0
8460,4,rrrrrrrrrrr,8462.0
8465,0,gGGgGGggrrG,8467.0
8470,1,gGGgGGggrrr,8472.0
8475,3,rrrrrrrrGGG,8480.0
8480,4,rrrrrrrrrrr,8485.0
8485,0,gGGgGGggrrG,8490.0
8490,1,gGGgGGggrrr,8495.0
8495,2,yyyyyyyyrrr,8498.0
8500,3,rrrrrrrrGGG,8503.0
8505,4,rrrrrrrrrrr,8508.0
8510,0,gGGgGGggrrG,8513.0
8515,1,gGGgGGggrrr,8518.0
8520,2,yyyyyyyyrrr,8521.0
8525,3,rrrrrrrrGGG,8526.0
8530,4,rrrrrrrrrrr,8531.0
8535,0,gGGgGGggrrG,8536.0
8540,1,gGGgGGggrrr,8541.0
8545,3,rrrrrrrrGGG,8549.0
8550,4,rrrrrrrrrrr,8554.0
8555,0,gGGgGGggrrG,8559.0
8560,1,gGGgGGggrrr,8564.0
8565,2,yyyyyyyyrrr,8567.0
8570,3,rrrrrrrrGGG,8572.0
8575,4,rrrrrrrrrrr,8577.0
8580,0,gGGgGGggrrG,8582.0
8585,1,gGGgGGggrrr,8587.0
8590,3,rrrrrrrrGGG,8595.0
8595,4,rrrrrrrrrrr,8600.0
8600,0,gGGgGGggrrG,8605.0
8605,1,gGGgGGggrrr,8610.0
8610,2,yyyyyyyyrrr,8613.0
8615,3,rrrrrrrrGGG,8618.0
8620,4,rrrrrrrrrrr,8623.0
8625,0,gGGgGGggrrG,8628.0
8630,1,gGGgGGggrrr,8633.0
8635,2,yyyyyyyyrrr,8636.0
8640,3,rrrrrrrrGGG,8641.0
8645,4,rrrrrrrrrrr,8646.0
8650,0,gGGgGGggrrG,8651.0
8655,1,gGGgGGggrrr,8656.0
8660,3,rrrrrrrrGGG,8664.0
8665,4,rrrrrrrrrrr,8669.0
8670,0,gGGgGGggrrG,8674.0
8675,1,gGGgGGggrrr,8679.0
8680,2,yyyyyyyyrrr,8682.0
8685,3,rrrrrrrrGGG,8687.0
8690,4,rrrrrrrrrrr,8692.0
8695,0,gGGgGGggrrG,8697.0
8700,1,gGGgGGggrrr,8702.0
8705,3,rrrrrrrrGGG,8710.0
8710,4,rrrrrrrrrrr,8715.0
8715,0,gGGgGGggrrG,8720.0
8720,1,gGGgGGggrrr,8725.0
8725,2,yyyyyyyyrrr,8728.0
8730,3,rrrrrrrrGGG,8733.0
8735,4,rrrrrrrrrrr,8738.0
8740,0,gGGgGGggrrG,8743.0
8745,1,gGGgGGggrrr,8748.0
8750,2,yyyyyyyyrrr,8751.0
8755,3,rrrrrrrrGGG,8756.0
8760,4,rrrrrrrrrrr,8761.0
8765,0,gGGgGGggrrG,8766.0
8770,1,gGGgGGggrrr,8771.0
8775,3,rrrrrrrrGGG,8779.0
8780,4,rrrrrrrrrrr,8784.0
8785,0,gGGgGGggrrG,8789.0
8790,1,gGGgGGggrrr,8794.0
8795,2,yyyyyyyyrrr,8797.0
8800,3,rrrrrrrrGGG,8802.0
8805,4,rrrrrrrrrrr,8807.0
8810,0,gGGgGGggrrG,8812.0
8815,1,gGGgGGggrrr,8817.0
8820,3,rrrrrrrrGGG,8825.0
8825,4,rrrrrrrrrrr,8830.0
8830,0,gGGgGGggrrG,8835.0
8835,1,gGGgGGggrrr,8840.0
8840,2,yyyyyyyyrrr,8843.0
8845,3,rrrrrrrrGGG,8848.0
8850,4,rrrrrrrrrrr,8853.0
8855,0,gGGgGGggrrG,8858.0
8860,1,gGGgGGggrrr,8863.0
8865,2,yyyyyyyyrrr,8866.0
8870,3,rrrrrrrrGGG,8871.0
8875,4,rrrrrrrrrrr,8876.0
8880,0,gGGgGGggrrG,8881.0
8885,1,gGGgGGggrrr,8886.0
8890,3,rrrrrrrrGGG,8894.0
8895,4,rrrrrrrrrrr,8899.0
8900,0,gGGgGGggrrG,8904.0
8905,1,gGGgGGggrrr,8909.0
8910,2,yyyyyyyyrrr,8912.0
8915,3,rrrrrrrrGGG,8917.0
8920,4,rrrrrrrrrrr,8922.0
8925,0,gGGgGGggrrG,8927.0
8930,1,gGGgGGggrrr,8932.0
8935,3,rrrrrrrrGGG,8940.0
8940,4,rrrrrrrrrrr,8945.0
8945,0,gGGgGGggrrG,8950.0
8950,1,gGGgGGggrrr,8955.0
8955,2,yyyyyyyyrrr,8958.0
8960,3,rrrrrrrrGGG,8963.0
8965,4,rrrrrrrrrrr,8968.0
8970,0,gGGgGGggrrG,8973.0
8975,1,gGGgGGggrrr,8978.0
8980,2,yyyyyyyyrrr,8981.0
8985,3,rrrrrrrrGGG,8986.0
8990,4,rrrrrrrrrrr,8991.0
8995,0,gGGgGGggrrG,8996.0
9000,1,gGGgGGggrrr,9001.0
9005,3,rrrrrrrrGGG,9009.0
9010,4,rrrrrrrrrrr,9014.0
9015,0,gGGgGGggrrG,9019.0
9020,1,gGGgGGggrrr,9024.0
9025,2,yyyyyyyyrrr,9027.0
9030,3,rrrrrrrrGGG,9032.0
9035,4,rrrrrrrrrrr,9037.0
9040,0,gGGgGGggrrG,9042.0
9045,1,gGGgGGggrrr,9047.0
9050,3,rrrrrrrrGGG,9055.0
9055,4,rrrrrrrrrrr,9060.0
9060,0,gGGgGGggrrG,9065.0
9065,1,gGGgGGggrrr,9070.0
9070,2,yyyyyyyyrrr,9073.0
9075,3,rrrrrrrrGGG,9078.0
9080,4,rrrrrrrrrrr,9083.0
9085,0,gGGgGGggrrG,9088.0
9090,1,gGGgGGggrrr,9093.0
9095,2,yyyyyyyyrrr,9096.0
9100,3,rrrrrrrrGGG,9101.0
9105,4,rrrrrrrrrrr,9106.0
9110,0,gGGgGGggrrG,9111.0
9115,1,gGGgGGggrrr,9116.0
9120,3,rrrrrrrrGGG,9124.0
9125,4,rrrrrrrrrrr,9129.0
9130,0,gGGgGGggrrG,9134.0
9135,1,gGGgGGggrrr,9139.0
9140,2,yyyyyyyyrrr,9142.0
9145,3,rrrrrrrrGGG,9147.0
9150,4,rrrrrrrrrrr,9152.0
9155,0,gGGgGGggrrG,9157.0
9160,1,gGGgGGggrrr,9162.0
9165,3,rrrrrrrrGGG,9170.0
9170,4,rrrrrrrrrrr,9175.0
9175,0,gGGgGGggrrG,9180.0
9180,1,gGGgGGggrrr,9185.0
9185,2,yyyyyyyyrrr,9188.0
9190,3,rrrrrrrrGGG,9193.0
9195,4,rrrrrrrrrrr,9198.0
9200,0,gGGgGGggrrG,9203.0
9205,1,gGGgGGggrrr,9208.0
9210,2,yyyyyyyyrrr,9211.0
9215,3,rrrrrrrrGGG,9216.0
9220,4,rrrrrrrrrrr,9221.0
9225,0,gGGgGGggrrG,9226.0
9230,1,gGGgGGggrrr,9231.0
9235,3,rrrrrrrrGGG,9239.0
9240,4,rrrrrrrrrrr,9244.0
9245,0,gGGgGGggrrG,9249.0
9250,1,gGGgGGggrrr,9254.0
9255,2,yyyyyyyyrrr,9257.0
9260,3,rrrrrrrrGGG,9262.0
9265,4,rrrrrrrrrrr,9267.0
9270,0,gGGgGGggrrG,9272.0
9275,1,gGGgGGggrrr,9277.0
9280,3,rrrrrrrrGGG,9285.0
9285,4,rrrrrrrrrrr,9290.0
9290,0,gGGgGGggrrG,9295.0
9295,1,gGGgGGggrrr,9300.0
9300,2,yyyyyyyyrrr,9303.0
9305,3,rrrrrrrrGGG,9308.0
9310,4,rrrrrrrrrrr,9313.0
9315,0,gGGgGGggrrG,9318.0
9320,1,gGGgGGggrrr,9323.0
9325,2,yyyyyyyyrrr,9326.0
9330,3,rrrrrrrrGGG,9331.0
9335,4,rrrrrrrrrrr,9336.0
9340,0,gGGgGGggrrG,9341.0
9345,1,gGGgGGggrrr,9346.0
9350,3,rrrrrrrrGGG,9354.0
9355,4,rrrrrrrrrrr,9359.0
9360,0,gGGgGGggrrG,9364.0
9365,1,gGGgGGggrrr,9369.0
9370,2,yyyyyyyyrrr,9372.0
9375,3,rrrrrrrrGGG,9377.0
9380,4,rrrrrrrrrrr,9382.0
9385,0,gGGgGGggrrG,9387.0
9390,1,gGGgGGggrrr,9392.0
9395,3,rrrrrrrrGGG,9400.0
9400,4,rrrrrrrrrrr,9405.0
9405,0,gGGgGGggrrG,9410.0
9410,1,gGGgGGggrrr,9415.0
9415,2,yyyyyyyyrrr,9418.0
9420,3,rrrrrrrrGGG,9423.0
9425,4,rrrrrrrrrrr,9428.0
9430,0,gGGgGGggrrG,9433.0
9435,1,gGGgGGggrrr,9438.0
9440,2,yyyyyyyyrrr,9441.0
9445,3,rrrrrrrrGGG,9446.0
9450,4,rrrrrrrrrrr,9451.0
9455,0,gGGgGGggrrG,9456.0
9460,1,gGGgGGggrrr,9461.0
9465,3,rrrrrrrrGGG,9469.0
9470,4,rrrrrrrrrrr,9474.0
9475,0,gGGgGGggrrG,9479.0
9480,1,gGGgGGggrrr,9484.0
9485,2,yyyyyyyyrrr,9487.0
9490,3,rrrrrrrrGGG,9492.0
9495,4,rrrrrrrrrrr,9497.0
9500,0,gGGgGGggrrG,9502.0
9505,1,gGGgGGggrrr,9507.0
9510,3,rrrrrrrrGGG,9515.0
9515,4,rrrrrrrrrrr,9520.0
9520,0,gGGgGGggrrG,9525.0
9525,1,gGGgGGggrrr,9530.0
9530,2,yyyyyyyyrrr,9533.0
9535,3,rrrrrrrrGGG,9538.0
9540,4,rrrrrrrrrrr,9543.0
9545,0,gGGgGGggrrG,9548.0
9550,1,gGGgGGggrrr,9553.0
9555,2,yyyyyyyyrrr,9556.0
9560,3,rrrrrrrrGGG,9561.0
9565,4,rrrrrrrrrrr,9566.0
9570,0,gGGgGGggrrG,9571.0
9575,1,gGGgGGggrrr,9576.0
9580,3,rrrrrrrrGGG,9584.0
9585,4,rrrrrrrrrrr,9589.0
9590,0,gGGgGGggrrG,9594.0
9595,1,gGGgGGggrrr,9599.0
9600,2,yyyyyyyyrrr,9602.0
9605,3,rrrrrrrrGGG,9607.0
9610,4,rrrrrrrrrrr,9612.0
9615,0,gGGgGGggrrG,9617.0
9620,1,gGGgGGggrrr,9622.0
9625,3,rrrrrrrrGGG,9630.0
9630,4,rrrrrrrrrrr,9635.0
9635,0,gGGgGGggrrG,9640.0
9640,1,gGGgGGggrrr,9645.0
9645,2,yyyyyyyyrrr,9648.0
9650,3,rrrrrrrrGGG,9653.0
9655,4,rrrrrrrrrrr,9658.0
9660,0,gGGgGGggrrG,9663.0
9665,1,gGGgGGggrrr,9668.0
9670,2,yyyyyyyyrrr,9671.0
9675,3,rrrrrrrrGGG,9676.0
9680,4,rrrrrrrrrrr,9681.0
9685,0,gGGgGGggrrG,9686.0
9690,1,gGGgGGggrrr,9691.0
9695,3,rrrrrrrrGGG,9699.0
9700,4,rrrrrrrrrrr,9704.0
9705,0,gGGgGGggrrG,9709.0
9710,1,gGGgGGggrrr,9714.0
9715,2,yyyyyyyyrrr,9717.0
9720,3,rrrrrrrrGGG,9722.0
9725,4,rrrrrrrrrrr,9727.0
9730,0,gGGgGGggrrG,9732.0
9735,1,gGGgGGggrrr,9737.0
9740,3,rrrrrrrrGGG,9745.0
9745,4,rrrrrrrrrrr,9750.0
9750,0,gGGgGGggrrG,9755.0
9755,1,gGGgGGggrrr,9760.0
9760,2,yyyyyyyyrrr,9763.0
9765,3,rrrrrrrrGGG,9768.0
9770,4,rrrrrrrrrrr,9773.0
9775,0,gGGgGGggrrG,9778.0
9780,1,gGGgGGggrrr,9783.0
9785,2,yyyyyyyyrrr,9786.0
9790,3,rrrrrrrrGGG,9791.0
9795,4,rrrrrrrrrrr,9796.0
9800,0,gGGgGGggrrG,9801.0
9805,1,gGGgGGggrrr,9806.0
9810,3,rrrrrrrrGGG,9814.0
9815,4,rrrrrrrrrrr,9819.0
9820,0,gGGgGGggrrG,9824.0
9825,1,gGGgGGggrrr,9829.0
9830,2,yyyyyyyyrrr,9832.0
9835,3,rrrrrrrrGGG,9837.0
9840,4,rrrrrrrrrrr,9842.0
9845,0,gGGgGGggrrG,9847.0
9850,1,gGGgGGggrrr,9852.0
9855,3,rrrrrrrrGGG,9860.0
9860,4,rrrrrrrrrrr,9865.0
9865,0,gGGgGGggrrG,9870.0
9870,1,gGGgGGggrrr,9875.0
9875,2,yyyyyyyyrrr,9878.0
9880,3,rrrrrrrrGGG,9883.0
9885,4,rrrrrrrrrrr,9888.0
9890,0,gGGgGGggrrG,9893.0
9895,1,gGGgGGggrrr,9898.0
9900,2,yyyyyyyyrrr,9901.0
9905,3,rrrrrrrrGGG,9906.0
9910,4,rrrrrrrrrrr,9911.0
9915,0,gGGgGGggrrG,9916.0
9920,1,gGGgGGggrrr,9921.0
9925,3,rrrrrrrrGGG,9929.0
9930,4,rrrrrrrrrrr,9934.0
9935,0,gGGgGGggrrG,9939.0
9940,1,gGGgGGggrrr,9944.0
9945,2,yyyyyyyyrrr,9947.0
9950,3,rrrrrrrrGGG,9952.0
9955,4,rrrrrrrrrrr,9957.0
9960,0,gGGgGGggrrG,9962.0
9965,1,gGGgGGggrrr,9967.0
9970,3,rrrrrrrrGGG,9975.0
9975,4,rrrrrrrrrrr,9980.0
9980,0,gGGgGGggrrG,9985.0
9985,1,gGGgGGggrrr,9990.0
9990,2,yyyyyyyyrrr,9993.0
9995,3,rrrrrrrrGGG,9998.0
