0,0,gGGggrrrrrrrrrGGGggrrGGrG,5.0
5,1,gGGggrrrrrrrrrGGGggrrrrrr,10.0
10,2,yyyyyrrrrrrrrryyyyyrrrrrr,13.0
15,3,rrrrrggGggggggrrrrrrrrrrr,18.0
20,4,rrrrryyyyyyyyyrrrrrrrrrrr,21.0
25,5,rrrrrrrrrrrrrrrrrrrGGGGGG,26.0
30,6,rrrrrrrrrrrrrrrrrrrrrrrrr,31.0
35,0,gGGggrrrrrrrrrGGGggrrGGrG,36.0
40,1,gGGggrrrrrrrrrGGGggrrrrrr,41.0
45,3,rrrrrggGggggggrrrrrrrrrrr,49.0
50,4,rrrrryyyyyyyyyrrrrrrrrrrr,52.0
55,5,rrrrrrrrrrrrrrrrrrrGGGGGG,57.0
60,6,rrrrrrrrrrrrrrrrrrrrrrrrr,62.0
65,0,gGGggrrrrrrrrrGGGggrrGGrG,67.0
70,1,gGGggrrrrrrrrrGGGggrrrrrr,72.0
75,3,rrrrrggGggggggrrrrrrrrrrr,80.0
80,4,rrrrryyyyyyyyyrrrrrrrrrrr,83.0
85,5,rrrrrrrrrrrrrrrrrrrGGGGGG,88.0
90,6,rrrrrrrrrrrrrrrrrrrrrrrrr,93.0
95,0,gGGggrrrrrrrrrGGGggrrGGrG,98.0
100,1,gGGggrrrrrrrrrGGGggrrrrrr,103.0
105,2,yyyyyrrrrrrrrryyyyyrrrrrr,106.0
110,3,rrrrrggGggggggrrrrrrrrrrr,111.0
115,5,rrrrrrrrrrrrrrrrrrrGGGGGG,119.0
120,6,rrrrrrrrrrrrrrrrrrrrrrrrr,124.0
125,0,gGGggrrrrrrrrrGGGggrrGGrG,129.0
130,1,gGGggrrrrrrrrrGGGggrrrrrr,134.0
135,2,yyyyyrrrrrrrrryyyyyrrrrrr,137.0
140,3,rrrrrggGggggggrrrrrrrrrrr,142.0
145,5,rrrrrrrrrrrrrrrrrrrGGGGGG,150.0
150,6,rrrrrrrrrrrrrrrrrrrrrrrrr,155.0
155,0,gGGggrrrrrrrrrGGGggrrGGrG,160.0
160,1,gGGggrrrrrrrrrGGGggrrrrrr,165.0
165,2,yyyyyrrrrrrrrryyyyyrrrrrr,168.0
170,3,rrrrrggGggggggrrrrrrrrrrr,173.0
175,4,rrrrryyyyyyyyyrrrrrrrrrrr,176.0
180,5,rrrrrrrrrrrrrrrrrrrGGGGGG,181.0
185,6,rrrrrrrrrrrrrrrrrrrrrrrrr,186.0
190,0,gGGggrrrrrrrrrGGGggrrGGrG,191.0
195,1,gGGggrrrrrrrrrGGGggrrrrrr,200.0
200,2,yyyyyrrrrrrrrryyyyyrrrrrr,203.0
205,3,rrrrrggGggggggrrrrrrrrrrr,208.0
210,4,rrrrryyyyyyyyyrrrrrrrrrrr,211.0
215,5,rrrrrrrrrrrrrrrrrrrGGGGGG,216.0
220,6,rrrrrrrrrrrrrrrrrrrrrrrrr,221.0
225,0,gGGggrrrrrrrrrGGGggrrGGrG,226.0
230,1,gGGggrrrrrrrrrGGGggrrrrrr,231.0
235,3,rrrrrggGggggggrrrrrrrrrrr,239.0
240,4,rrrrryyyyyyyyyrrrrrrrrrrr,242.0
245,5,rrrrrrrrrrrrrrrrrrrGGGGGG,247.0
250,6,rrrrrrrrrrrrrrrrrrrrrrrrr,252.0
255,0,gGGggrrrrrrrrrGGGggrrGGrG,257.0
260,1,gGGggrrrrrrrrrGGGggrrrrrr,262.0
265,3,rrrrrggGggggggrrrrrrrrrrr,270.0
270,4,rrrrryyyyyyyyyrrrrrrrrrrr,273.0
275,5,rrrrrrrrrrrrrrrrrrrGGGGGG,278.0
280,6,rrrrrrrrrrrrrrrrrrrrrrrrr,283.0
285,0,gGGggrrrrrrrrrGGGggrrGGrG,288.0
290,1,gGGggrrrrrrrrrGGGggrrrrrr,293.0
295,2,yyyyyrrrrrrrrryyyyyrrrrrr,296.0
300,3,rrrrrggGggggggrrrrrrrrrrr,301.0
305,3,rrrrrggGggggggrrrrrrrrrrr,306.0
310,5,rrrrrrrrrrrrrrrrrrrGGGGGG,314.0
315,6,rrrrrrrrrrrrrrrrrrrrrrrrr,319.0
320,0,gGGggrrrrrrrrrGGGggrrGGrG,324.0
325,1,gGGggrrrrrrrrrGGGggrrrrrr,330.0
330,2,yyyyyrrrrrrrrryyyyyrrrrrr,333.0
335,3,rrrrrggGggggggrrrrrrrrrrr,338.0
340,4,rrrrryyyyyyyyyrrrrrrrrrrr,341.0
345,5,rrrrrrrrrrrrrrrrrrrGGGGGG,346.0
350,6,rrrrrrrrrrrrrrrrrrrrrrrrr,351.0
355,0,gGGggrrrrrrrrrGGGggrrGGrG,356.0
360,1,gGGggrrrrrrrrrGGGggrrrrrr,361.0
365,3,rrrrrggGggggggrrrrrrrrrrr,369.0
370,4,rrrrryyyyyyyyyrrrrrrrrrrr,372.0
375,5,rrrrrrrrrrrrrrrrrrrGGGGGG,377.0
380,6,rrrrrrrrrrrrrrrrrrrrrrrrr,382.0
385,0,gGGggrrrrrrrrrGGGggrrGGrG,387.0
390,1,gGGggrrrrrrrrrGGGggrrrrrr,392.0
395,3,rrrrrggGggggggrrrrrrrrrrr,400.0
400,4,rrrrryyyyyyyyyrrrrrrrrrrr,403.0
405,5,rrrrrrrrrrrrrrrrrrrGGGGGG,408.0
410,6,rrrrrrrrrrrrrrrrrrrrrrrrr,413.0
415,0,gGGggrrrrrrrrrGGGggrrGGrG,418.0
420,1,gGGggrrrrrrrrrGGGggrrrrrr,423.0
425,2,yyyyyrrrrrrrrryyyyyrrrrrr,426.0
430,3,rrrrrggGggggggrrrrrrrrrrr,431.0
435,5,rrrrrrrrrrrrrrrrrrrGGGGGG,439.0
440,6,rrrrrrrrrrrrrrrrrrrrrrrrr,444.0
445,0,gGGggrrrrrrrrrGGGggrrGGrG,449.0
450,1,gGGggrrrrrrrrrGGGggrrrrrr,454.0
455,2,yyyyyrrrrrrrrryyyyyrrrrrr,457.0
460,3,rrrrrggGggggggrrrrrrrrrrr,462.0
465,5,rrrrrrrrrrrrrrrrrrrGGGGGG,470.0
470,6,rrrrrrrrrrrrrrrrrrrrrrrrr,475.0
475,0,gGGggrrrrrrrrrGGGggrrGGrG,480.0
480,0,gGGggrrrrrrrrrGGGggrrGGrG,482.0
485,1,gGGggrrrrrrrrrGGGggrrrrrr,490.0
490,2,yyyyyrrrrrrrrryyyyyrrrrrr,493.0
495,3,rrrrrggGggggggrrrrrrrrrrr,498.0
500,3,rrrrrggGggggggrrrrrrrrrrr,501.0
505,5,rrrrrrrrrrrrrrrrrrrGGGGGG,510.0
510,6,rrrrrrrrrrrrrrrrrrrrrrrrr,515.0
515,0,gGGggrrrrrrrrrGGGggrrGGrG,520.0
520,1,gGGggrrrrrrrrrGGGggrrrrrr,525.0
525,2,yyyyyrrrrrrrrryyyyyrrrrrr,528.0
530,3,rrrrrggGggggggrrrrrrrrrrr,533.0
535,4,rrrrryyyyyyyyyrrrrrrrrrrr,536.0
540,5,rrrrrrrrrrrrrrrrrrrGGGGGG,541.0
545,6,rrrrrrrrrrrrrrrrrrrrrrrrr,546.0
550,0,gGGggrrrrrrrrrGGGggrrGGrG,551.0
555,1,gGGggrrrrrrrrrGGGggrrrrrr,559.0
560,2,yyyyyrrrrrrrrryyyyyrrrrrr,562.0
565,3,rrrrrggGggggggrrrrrrrrrrr,567.0
570,5,rrrrrrrrrrrrrrrrrrrGGGGGG,575.0
575,6,rrrrrrrrrrrrrrrrrrrrrrrrr,580.0
580,0,gGGggrrrrrrrrrGGGggrrGGrG,585.0
585,1,gGGggrrrrrrrrrGGGggrrrrrr,590.0
590,2,yyyyyrrrrrrrrryyyyyrrrrrr,593.0
595,3,rrrrrggGggggggrrrrrrrrrrr,598.0
600,3,rrrrrggGggggggrrrrrrrrrrr,602.0
605,3,rrrrrggGggggggrrrrrrrrrrr,606.0
610,5,rrrrrrrrrrrrrrrrrrrGGGGGG,614.0
615,6,rrrrrrrrrrrrrrrrrrrrrrrrr,619.0
620,0,gGGggrrrrrrrrrGGGggrrGGrG,624.0
625,0,gGGggrrrrrrrrrGGGggrrGGrG,626.0
630,1,gGGggrrrrrrrrrGGGggrrrrrr,633.0
635,2,yyyyyrrrrrrrrryyyyyrrrrrr,636.0
640,3,rrrrrggGggggggrrrrrrrrrrr,641.0
645,5,rrrrrrrrrrrrrrrrrrrGGGGGG,649.0
650,6,rrrrrrrrrrrrrrrrrrrrrrrrr,654.0
655,0,gGGggrrrrrrrrrGGGggrrGGrG,659.0
660,1,gGGggrrrrrrrrrGGGggrrrrrr,664.0
665,2,yyyyyrrrrrrrrryyyyyrrrrrr,667.0
670,3,rrrrrggGggggggrrrrrrrrrrr,672.0
675,5,rrrrrrrrrrrrrrrrrrrGGGGGG,680.0
680,6,rrrrrrrrrrrrrrrrrrrrrrrrr,685.0
685,0,gGGggrrrrrrrrrGGGggrrGGrG,690.0
690,0,gGGggrrrrrrrrrGGGggrrGGrG,692.0
695,0,gGGggrrrrrrrrrGGGggrrGGrG,697.0
700,1,gGGggrrrrrrrrrGGGggrrrrrr,704.0
705,2,yyyyyrrrrrrrrryyyyyrrrrrr,707.0
710,3,rrrrrggGggggggrrrrrrrrrrr,712.0
715,3,rrrrrggGggggggrrrrrrrrrrr,717.0
720,3,rrrrrggGggggggrrrrrrrrrrr,721.0
725,5,rrrrrrrrrrrrrrrrrrrGGGGGG,729.0
730,6,rrrrrrrrrrrrrrrrrrrrrrrrr,734.0
735,0,gGGggrrrrrrrrrGGGggrrGGrG,739.0
740,0,gGGggrrrrrrrrrGGGggrrGGrG,741.0
745,1,gGGggrrrrrrrrrGGGggrrrrrr,749.0
750,2,yyyyyrrrrrrrrryyyyyrrrrrr,752.0
755,3,rrrrrggGggggggrrrrrrrrrrr,757.0
760,3,rrrrrggGggggggrrrrrrrrrrr,762.0
765,4,rrrrryyyyyyyyyrrrrrrrrrrr,767.0
770,5,rrrrrrrrrrrrrrrrrrrGGGGGG,772.0
775,6,rrrrrrrrrrrrrrrrrrrrrrrrr,777.0
780,0,gGGggrrrrrrrrrGGGggrrGGrG,782.0
785,0,gGGggrrrrrrrrrGGGggrrGGrG,787.0
790,0,gGGggrrrrrrrrrGGGggrrGGrG,791.0
795,1,gGGggrrrrrrrrrGGGggrrrrrr,798.0
800,2,yyyyyrrrrrrrrryyyyyrrrrrr,801.0
805,3,rrrrrggGggggggrrrrrrrrrrr,806.0
810,5,rrrrrrrrrrrrrrrrrrrGGGGGG,814.0
815,6,rrrrrrrrrrrrrrrrrrrrrrrrr,819.0
820,0,gGGggrrrrrrrrrGGGggrrGGrG,824.0
825,0,gGGggrrrrrrrrrGGGggrrGGrG,826.0
830,1,gGGggrrrrrrrrrGGGggrrrrrr,833.0
835,2,yyyyyrrrrrrrrryyyyyrrrrrr,836.0
840,3,rrrrrggGggggggrrrrrrrrrrr,841.0
845,5,rrrrrrrrrrrrrrrrrrrGGGGGG,849.0
850,6,rrrrrrrrrrrrrrrrrrrrrrrrr,854.0
855,0,gGGggrrrrrrrrrGGGggrrGGrG,859.0
860,1,gGGggrrrrrrrrrGGGggrrrrrr,864.0
865,2,yyyyyrrrrrrrrryyyyyrrrrrr,867.0
870,3,rrrrrggGggggggrrrrrrrrrrr,872.0
875,3,rrrrrggGggggggrrrrrrrrrrr,876.0
880,5,rrrrrrrrrrrrrrrrrrrGGGGGG,884.0
885,6,rrrrrrrrrrrrrrrrrrrrrrrrr,889.0
890,0,gGGggrrrrrrrrrGGGggrrGGrG,894.0
895,0,gGGggrrrrrrrrrGGGggrrGGrG,897.0
900,0,gGGggrrrrrrrrrGGGggrrGGrG,901.0
905,1,gGGggrrrrrrrrrGGGggrrrrrr,910.0
910,2,yyyyyrrrrrrrrryyyyyrrrrrr,913.0
915,3,rrrrrggGggggggrrrrrrrrrrr,918.0
920,3,rrrrrggGggggggrrrrrrrrrrr,922.0
925,4,rrrrryyyyyyyyyrrrrrrrrrrr,926.0
930,5,rrrrrrrrrrrrrrrrrrrGGGGGG,931.0
935,6,rrrrrrrrrrrrrrrrrrrrrrrrr,936.0
940,0,gGGggrrrrrrrrrGGGggrrGGrG,941.0
945,0,gGGggrrrrrrrrrGGGggrrGGrG,947.0
950,1,gGGggrrrrrrrrrGGGggrrrrrr,953.0
955,2,yyyyyrrrrrrrrryyyyyrrrrrr,956.0
960,3,rrrrrggGggggggrrrrrrrrrrr,961.0
965,5,rrrrrrrrrrrrrrrrrrrGGGGGG,969.0
970,6,rrrrrrrrrrrrrrrrrrrrrrrrr,974.0
975,0,gGGggrrrrrrrrrGGGggrrGGrG,979.0
980,1,gGGggrrrrrrrrrGGGggrrrrrr,984.0
985,2,yyyyyrrrrrrrrryyyyyrrrrrr,987.0
990,3,rrrrrggGggggggrrrrrrrrrrr,992.0
995,3,rrrrrggGggggggrrrrrrrrrrr,997.0
1000,4,rrrrryyyyyyyyyrrrrrrrrrrr,1002.0
1005,5,rrrrrrrrrrrrrrrrrrrGGGGGG,1007.0
1010,6,rrrrrrrrrrrrrrrrrrrrrrrrr,1012.0
1015,0,gGGggrrrrrrrrrGGGggrrGGrG,1017.0
1020,1,gGGggrrrrrrrrrGGGggrrrrrr,1022.0
1025,3,rrrrrggGggggggrrrrrrrrrrr,1030.0
1030,3,rrrrrggGggggggrrrrrrrrrrr,1031.0
1035,5,rrrrrrrrrrrrrrrrrrrGGGGGG,1039.0
1040,6,rrrrrrrrrrrrrrrrrrrrrrrrr,1044.0
1045,0,gGGggrrrrrrrrrGGGggrrGGrG,1049.0
1050,1,gGGggrrrrrrrrrGGGggrrrrrr,1054.0
1055,2,yyyyyrrrrrrrrryyyyyrrrrrr,1057.0
1060,3,rrrrrggGggggggrrrrrrrrrrr,1062.0
1065,5,rrrrrrrrrrrrrrrrrrrGGGGGG,1070.0
1070,6,rrrrrrrrrrrrrrrrrrrrrrrrr,1075.0
1075,0,gGGggrrrrrrrrrGGGggrrGGrG,1080.0
1080,1,gGGggrrrrrrrrrGGGggrrrrrr,1085.0
1085,2,yyyyyrrrrrrrrryyyyyrrrrrr,1088.0
1090,3,rrrrrggGggggggrrrrrrrrrrr,1093.0
1095,4,rrrrryyyyyyyyyrrrrrrrrrrr,1096.0
1100,5,rrrrrrrrrrrrrrrrrrrGGGGGG,1101.0
1105,6,rrrrrrrrrrrrrrrrrrrrrrrrr,1106.0
1110,0,gGGggrrrrrrrrrGGGggrrGGrG,1111.0
1115,1,gGGggrrrrrrrrrGGGggrrrrrr,1120.0
1120,2,yyyyyrrrrrrrrryyyyyrrrrrr,1123.0
1125,3,rrrrrggGggggggrrrrrrrrrrr,1128.0
1130,4,rrrrryyyyyyyyyrrrrrrrrrrr,1131.0
1135,5,rrrrrrrrrrrrrrrrrrrGGGGGG,1136.0
1140,6,rrrrrrrrrrrrrrrrrrrrrrrrr,1141.0
1145,0,gGGggrrrrrrrrrGGGggrrGGrG,1146.0
1150,0,gGGggrrrrrrrrrGGGggrrGGrG,1151.0
1155,1,gGGggrrrrrrrrrGGGggrrrrrr,1159.0
1160,2,yyyyyrrrrrrrrryyyyyrrrrrr,1162.0
1165,3,rrrrrggGggggggrrrrrrrrrrr,1167.0
1170,5,rrrrrrrrrrrrrrrrrrrGGGGGG,1175.0
1175,6,rrrrrrrrrrrrrrrrrrrrrrrrr,1180.0
1180,0,gGGggrrrrrrrrrGGGggrrGGrG,1185.0
1185,1,gGGggrrrrrrrrrGGGggrrrrrr,1190.0
1190,2,yyyyyrrrrrrrrryyyyyrrrrrr,1193.0
1195,3,rrrrrggGggggggrrrrrrrrrrr,1198.0
1200,3,rrrrrggGggggggrrrrrrrrrrr,1202.0
1205,3,rrrrrggGggggggrrrrrrrrrrr,1206.0
1210,3,rrrrrggGggggggrrrrrrrrrrr,1212.0
1215,3,rrrrrggGggggggrrrrrrrrrrr,1216.0
1220,3,rrrrrggGggggggrrrrrrrrrrr,1222.0
1225,3,rrrrrggGggggggrrrrrrrrrrr,1226.0
1230,3,rrrrrggGggggggrrrrrrrrrrr,1232.0
1235,3,rrrrrggGggggggrrrrrrrrrrr,1236.0
1240,3,rrrrrggGggggggrrrrrrrrrrr,1242.0
1245,4,rrrrryyyyyyyyyrrrrrrrrrrr,1246.0
1250,5,rrrrrrrrrrrrrrrrrrrGGGGGG,1251.0
1255,6,rrrrrrrrrrrrrrrrrrrrrrrrr,1256.0
1260,0,gGGggrrrrrrrrrGGGggrrGGrG,1261.0
1265,1,gGGggrrrrrrrrrGGGggrrrrrr,1270.0
1270,2,yyyyyrrrrrrrrryyyyyrrrrrr,1273.0
1275,3,rrrrrggGggggggrrrrrrrrrrr,1278.0
1280,4,rrrrryyyyyyyyyrrrrrrrrrrr,1281.0
1285,5,rrrrrrrrrrrrrrrrrrrGGGGGG,1286.0
1290,6,rrrrrrrrrrrrrrrrrrrrrrrrr,1291.0
1295,0,gGGggrrrrrrrrrGGGggrrGGrG,1296.0
1300,1,gGGggrrrrrrrrrGGGggrrrrrr,1301.0
1305,3,rrrrrggGggggggrrrrrrrrrrr,1309.0
1310,4,rrrrryyyyyyyyyrrrrrrrrrrr,1312.0
1315,5,rrrrrrrrrrrrrrrrrrrGGGGGG,1317.0
1320,6,rrrrrrrrrrrrrrrrrrrrrrrrr,1322.0
1325,0,gGGggrrrrrrrrrGGGggrrGGrG,1327.0
1330,1,gGGggrrrrrrrrrGGGggrrrrrr,1333.0
1335,2,yyyyyrrrrrrrrryyyyyrrrrrr,1336.0
1340,3,rrrrrggGggggggrrrrrrrrrrr,1341.0
1345,3,rrrrrggGggggggrrrrrrrrrrr,1347.0
1350,4,rrrrryyyyyyyyyrrrrrrrrrrr,1351.0
1355,5,rrrrrrrrrrrrrrrrrrrGGGGGG,1356.0
1360,6,rrrrrrrrrrrrrrrrrrrrrrrrr,1361.0
1365,0,gGGggrrrrrrrrrGGGggrrGGrG,1366.0
1370,1,gGGggrrrrrrrrrGGGggrrrrrr,1371.0
1375,3,rrrrrggGggggggrrrrrrrrrrr,1379.0
1380,3,rrrrrggGggggggrrrrrrrrrrr,1381.0
1385,4,rrrrryyyyyyyyyrrrrrrrrrrr,1386.0
1390,5,rrrrrrrrrrrrrrrrrrrGGGGGG,1391.0
1395,6,rrrrrrrrrrrrrrrrrrrrrrrrr,1396.0
1400,0,gGGggrrrrrrrrrGGGggrrGGrG,1401.0
1405,1,gGGggrrrrrrrrrGGGggrrrrrr,1407.0
1410,3,rrrrrggGggggggrrrrrrrrrrr,1415.0
1415,3,rrrrrggGggggggrrrrrrrrrrr,1417.0
1420,4,rrrrryyyyyyyyyrrrrrrrrrrr,1423.0
1425,5,rrrrrrrrrrrrrrrrrrrGGGGGG,1428.0
1430,6,rrrrrrrrrrrrrrrrrrrrrrrrr,1433.0
1435,0,gGGggrrrrrrrrrGGGggrrGGrG,1438.0
1440,1,gGGggrrrrrrrrrGGGggrrrrrr,1443.0
1445,2,yyyyyrrrrrrrrryyyyyrrrrrr,1446.0
1450,3,rrrrrggGggggggrrrrrrrrrrr,1451.0
1455,3,rrrrrggGggggggrrrrrrrrrrr,1457.0
1460,3,rrrrrggGggggggrrrrrrrrrrr,1461.0
1465,4,rrrrryyyyyyyyyrrrrrrrrrrr,1466.0
1470,5,rrrrrrrrrrrrrrrrrrrGGGGGG,1471.0
1475,6,rrrrrrrrrrrrrrrrrrrrrrrrr,1476.0
1480,0,gGGggrrrrrrrrrGGGggrrGGrG,1481.0
1485,1,gGGggrrrrrrrrrGGGggrrrrrr,1486.0
1490,3,rrrrrggGggggggrrrrrrrrrrr,1494.0
1495,4,rrrrryyyyyyyyyrrrrrrrrrrr,1497.0
1500,5,rrrrrrrrrrrrrrrrrrrGGGGGG,1502.0
1505,6,rrrrrrrrrrrrrrrrrrrrrrrrr,1507.0
1510,0,gGGggrrrrrrrrrGGGggrrGGrG,1512.0
1515,1,gGGggrrrrrrrrrGGGggrrrrrr,1518.0
1520,2,yyyyyrrrrrrrrryyyyyrrrrrr,1521.0
1525,3,rrrrrggGggggggrrrrrrrrrrr,1526.0
1530,5,rrrrrrrrrrrrrrrrrrrGGGGGG,1534.0
1535,6,rrrrrrrrrrrrrrrrrrrrrrrrr,1539.0
1540,0,gGGggrrrrrrrrrGGGggrrGGrG,1544.0
1545,0,gGGggrrrrrrrrrGGGggrrGGrG,1547.0
1550,1,gGGggrrrrrrrrrGGGggrrrrrr,1554.0
1555,2,yyyyyrrrrrrrrryyyyyrrrrrr,1557.0
1560,3,rrrrrggGggggggrrrrrrrrrrr,1562.0
1565,5,rrrrrrrrrrrrrrrrrrrGGGGGG,1570.0
1570,6,rrrrrrrrrrrrrrrrrrrrrrrrr,1575.0
1575,0,gGGggrrrrrrrrrGGGggrrGGrG,1580.0
1580,0,gGGggrrrrrrrrrGGGggrrGGrG,1582.0
1585,0,gGGggrrrrrrrrrGGGggrrGGrG,1586.0
1590,1,gGGggrrrrrrrrrGGGggrrrrrr,1592.0
1595,3,rrrrrggGggggggrrrrrrrrrrr,1600.0
1600,3,rrrrrggGggggggrrrrrrrrrrr,1602.0
1605,4,rrrrryyyyyyyyyrrrrrrrrrrr,1606.0
1610,5,rrrrrrrrrrrrrrrrrrrGGGGGG,1611.0
1615,6,rrrrrrrrrrrrrrrrrrrrrrrrr,1616.0
1620,0,gGGggrrrrrrrrrGGGggrrGGrG,1621.0
1625,0,gGGggrrrrrrrrrGGGggrrGGrG,1626.0
1630,1,gGGggrrrrrrrrrGGGggrrrrrr,1631.0
1635,3,rrrrrggGggggggrrrrrrrrrrr,1639.0
1640,3,rrrrrggGggggggrrrrrrrrrrr,1641.0
1645,5,rrrrrrrrrrrrrrrrrrrGGGGGG,1649.0
1650,6,rrrrrrrrrrrrrrrrrrrrrrrrr,1654.0
1655,0,gGGggrrrrrrrrrGGGggrrGGrG,1659.0
1660,0,gGGggrrrrrrrrrGGGggrrGGrG,1661.0
1665,0,gGGggrrrrrrrrrGGGggrrGGrG,1666.0
1670,1,gGGggrrrrrrrrrGGGggrrrrrr,1672.0
1675,3,rrrrrggGggggggrrrrrrrrrrr,1680.0
1680,4,rrrrryyyyyyyyyrrrrrrrrrrr,1683.0
1685,5,rrrrrrrrrrrrrrrrrrrGGGGGG,1688.0
1690,6,rrrrrrrrrrrrrrrrrrrrrrrrr,1693.0
1695,0,gGGggrrrrrrrrrGGGggrrGGrG,1698.0
1700,1,gGGggrrrrrrrrrGGGggrrrrrr,1703.0
1705,2,yyyyyrrrrrrrrryyyyyrrrrrr,1706.0
1710,3,rrrrrggGggggggrrrrrrrrrrr,1711.0
1715,3,rrrrrggGggggggrrrrrrrrrrr,1716.0
1720,4,rrrrryyyyyyyyyrrrrrrrrrrr,1721.0
1725,5,rrrrrrrrrrrrrrrrrrrGGGGGG,1726.0
1730,6,rrrrrrrrrrrrrrrrrrrrrrrrr,1731.0
1735,0,gGGggrrrrrrrrrGGGggrrGGrG,1736.0
1740,1,gGGggrrrrrrrrrGGGggrrrrrr,1741.0
1745,3,rrrrrggGggggggrrrrrrrrrrr,1749.0
1750,4,rrrrryyyyyyyyyrrrrrrrrrrr,1752.0
1755,5,rrrrrrrrrrrrrrrrrrrGGGGGG,1757.0
1760,6,rrrrrrrrrrrrrrrrrrrrrrrrr,1762.0
1765,0,gGGggrrrrrrrrrGGGggrrGGrG,1767.0
1770,1,gGGggrrrrrrrrrGGGggrrrrrr,1772.0
1775,3,rrrrrggGggggggrrrrrrrrrrr,1780.0
1780,3,rrrrrggGggggggrrrrrrrrrrr,1782.0
1785,3,rrrrrggGggggggrrrrrrrrrrr,1786.0
1790,3,rrrrrggGggggggrrrrrrrrrrr,1792.0
1795,3,rrrrrggGggggggrrrrrrrrrrr,1796.0
1800,3,rrrrrggGggggggrrrrrrrrrrr,1802.0
1805,3,rrrrrggGggggggrrrrrrrrrrr,1806.0
1810,3,rrrrrggGggggggrrrrrrrrrrr,1812.0
1815,3,rrrrrggGggggggrrrrrrrrrrr,1816.0
1820,4,rrrrryyyyyyyyyrrrrrrrrrrr,1823.0
1825,5,rrrrrrrrrrrrrrrrrrrGGGGGG,1828.0
1830,6,rrrrrrrrrrrrrrrrrrrrrrrrr,1833.0
1835,0,gGGggrrrrrrrrrGGGggrrGGrG,1838.0
1840,0,gGGggrrrrrrrrrGGGggrrGGrG,1841.0
1845,1,gGGggrrrrrrrrrGGGggrrrrrr,1846.0
1850,3,rrrrrggGggggggrrrrrrrrrrr,1854.0
1855,3,rrrrrggGggggggrrrrrrrrrrr,1856.0
1860,3,rrrrrggGggggggrrrrrrrrrrr,1862.0
1865,3,rrrrrggGggggggrrrrrrrrrrr,1866.0
1870,3,rrrrrggGggggggrrrrrrrrrrr,1872.0
1875,3,rrrrrggGggggggrrrrrrrrrrr,1876.0
1880,3,rrrrrggGggggggrrrrrrrrrrr,1882.0
1885,3,rrrrrggGggggggrrrrrrrrrrr,1886.0
1890,3,rrrrrggGggggggrrrrrrrrrrr,1892.0
1895,3,rrrrrggGggggggrrrrrrrrrrr,1896.0
1900,4,rrrrryyyyyyyyyrrrrrrrrrrr,1902.0
1905,5,rrrrrrrrrrrrrrrrrrrGGGGGG,1907.0
1910,6,rrrrrrrrrrrrrrrrrrrrrrrrr,1912.0
1915,0,gGGggrrrrrrrrrGGGggrrGGrG,1917.0
1920,0,gGGggrrrrrrrrrGGGggrrGGrG,1921.0
1925,0,gGGggrrrrrrrrrGGGggrrGGrG,1926.0
1930,0,gGGggrrrrrrrrrGGGggrrGGrG,1932.0
1935,0,gGGggrrrrrrrrrGGGggrrGGrG,1936.0
1940,0,gGGggrrrrrrrrrGGGggrrGGrG,1942.0
1945,0,gGGggrrrrrrrrrGGGggrrGGrG,1946.0
1950,1,gGGggrrrrrrrrrGGGggrrrrrr,1951.0
1955,3,rrrrrggGggggggrrrrrrrrrrr,1959.0
1960,3,rrrrrggGggggggrrrrrrrrrrr,1961.0
1965,4,rrrrryyyyyyyyyrrrrrrrrrrr,1967.0
1970,5,rrrrrrrrrrrrrrrrrrrGGGGGG,1972.0
1975,6,rrrrrrrrrrrrrrrrrrrrrrrrr,1977.0
1980,0,gGGggrrrrrrrrrGGGggrrGGrG,1982.0
1985,0,gGGggrrrrrrrrrGGGggrrGGrG,1987.0
1990,1,gGGggrrrrrrrrrGGGggrrrrrr,1993.0
1995,2,yyyyyrrrrrrrrryyyyyrrrrrr,1996.0
2000,3,rrrrrggGggggggrrrrrrrrrrr,2001.0
2005,4,rrrrryyyyyyyyyrrrrrrrrrrr,2008.0
2010,5,rrrrrrrrrrrrrrrrrrrGGGGGG,2013.0
2015,6,rrrrrrrrrrrrrrrrrrrrrrrrr,2018.0
2020,0,gGGggrrrrrrrrrGGGggrrGGrG,2023.0
2025,0,gGGggrrrrrrrrrGGGggrrGGrG,2026.0
2030,1,gGGggrrrrrrrrrGGGggrrrrrr,2032.0
2035,3,rrrrrggGggggggrrrrrrrrrrr,2040.0
2040,4,rrrrryyyyyyyyyrrrrrrrrrrr,2043.0
2045,5,rrrrrrrrrrrrrrrrrrrGGGGGG,2048.0
2050,6,rrrrrrrrrrrrrrrrrrrrrrrrr,2053.0
2055,0,gGGggrrrrrrrrrGGGggrrGGrG,2058.0
2060,0,gGGggrrrrrrrrrGGGggrrGGrG,2061.0
2065,1,gGGggrrrrrrrrrGGGggrrrrrr,2067.0
2070,3,rrrrrggGggggggrrrrrrrrrrr,2075.0
2075,4,rrrrryyyyyyyyyrrrrrrrrrrr,2078.0
2080,5,rrrrrrrrrrrrrrrrrrrGGGGGG,2083.0
2085,6,rrrrrrrrrrrrrrrrrrrrrrrrr,2088.0
2090,0,gGGggrrrrrrrrrGGGggrrGGrG,2093.0
2095,0,gGGggrrrrrrrrrGGGggrrGGrG,2096.0
2100,1,gGGggrrrrrrrrrGGGggrrrrrr,2101.0
2105,3,rrrrrggGggggggrrrrrrrrrrr,2109.0
2110,4,rrrrryyyyyyyyyrrrrrrrrrrr,2112.0
2115,5,rrrrrrrrrrrrrrrrrrrGGGGGG,2117.0
2120,6,rrrrrrrrrrrrrrrrrrrrrrrrr,2122.0
2125,0,gGGggrrrrrrrrrGGGggrrGGrG,2127.0
2130,0,gGGggrrrrrrrrrGGGggrrGGrG,2131.0
2135,1,gGGggrrrrrrrrrGGGggrrrrrr,2136.0
2140,3,rrrrrggGggggggrrrrrrrrrrr,2144.0
2145,4,rrrrryyyyyyyyyrrrrrrrrrrr,2147.0
2150,5,rrrrrrrrrrrrrrrrrrrGGGGGG,2152.0
2155,6,rrrrrrrrrrrrrrrrrrrrrrrrr,2157.0
2160,0,gGGggrrrrrrrrrGGGggrrGGrG,2162.0
2165,0,gGGggrrrrrrrrrGGGggrrGGrG,2166.0
2170,1,gGGggrrrrrrrrrGGGggrrrrrr,2172.0
2175,3,rrrrrggGggggggrrrrrrrrrrr,2180.0
2180,3,rrrrrggGggggggrrrrrrrrrrr,2182.0
2185,3,rrrrrggGggggggrrrrrrrrrrr,2186.0
2190,3,rrrrrggGggggggrrrrrrrrrrr,2192.0
2195,3,rrrrrggGggggggrrrrrrrrrrr,2196.0
2200,3,rrrrrggGggggggrrrrrrrrrrr,2202.0
2205,3,rrrrrggGggggggrrrrrrrrrrr,2206.0
2210,3,rrrrrggGggggggrrrrrrrrrrr,2212.0
2215,3,rrrrrggGggggggrrrrrrrrrrr,2216.0
2220,3,rrrrrggGggggggrrrrrrrrrrr,2222.0
2225,4,rrrrryyyyyyyyyrrrrrrrrrrr,2228.0
2230,5,rrrrrrrrrrrrrrrrrrrGGGGGG,2233.0
2235,6,rrrrrrrrrrrrrrrrrrrrrrrrr,2238.0
2240,0,gGGggrrrrrrrrrGGGggrrGGrG,2243.0
2245,0,gGGggrrrrrrrrrGGGggrrGGrG,2246.0
2250,0,gGGggrrrrrrrrrGGGggrrGGrG,2251.0
2255,1,gGGggrrrrrrrrrGGGggrrrrrr,2256.0
2260,3,rrrrrggGggggggrrrrrrrrrrr,2264.0
2265,3,rrrrrggGggggggrrrrrrrrrrr,2266.0
2270,3,rrrrrggGggggggrrrrrrrrrrr,2271.0
2275,3,rrrrrggGggggggrrrrrrrrrrr,2276.0
2280,3,rrrrrggGggggggrrrrrrrrrrr,2281.0
2285,3,rrrrrggGggggggrrrrrrrrrrr,2286.0
2290,3,rrrrrggGggggggrrrrrrrrrrr,2291.0
2295,3,rrrrrggGggggggrrrrrrrrrrr,2296.0
2300,3,rrrrrggGggggggrrrrrrrrrrr,2301.0
2305,5,rrrrrrrrrrrrrrrrrrrGGGGGG,2310.0
2310,6,rrrrrrrrrrrrrrrrrrrrrrrrr,2315.0
2315,0,gGGggrrrrrrrrrGGGggrrGGrG,2320.0
2320,1,gGGggrrrrrrrrrGGGggrrrrrr,2325.0
2325,2,yyyyyrrrrrrrrryyyyyrrrrrr,2328.0
2330,3,rrrrrggGggggggrrrrrrrrrrr,2333.0
2335,4,rrrrryyyyyyyyyrrrrrrrrrrr,2336.0
2340,5,rrrrrrrrrrrrrrrrrrrGGGGGG,2341.0
2345,6,rrrrrrrrrrrrrrrrrrrrrrrrr,2346.0
2350,0,gGGggrrrrrrrrrGGGggrrGGrG,2351.0
2355,0,gGGggrrrrrrrrrGGGggrrGGrG,2356.0
2360,1,gGGggrrrrrrrrrGGGggrrrrrr,2361.0
2365,3,rrrrrggGggggggrrrrrrrrrrr,2369.0
2370,4,rrrrryyyyyyyyyrrrrrrrrrrr,2372.0
2375,5,rrrrrrrrrrrrrrrrrrrGGGGGG,2377.0
2380,6,rrrrrrrrrrrrrrrrrrrrrrrrr,2382.0
2385,0,gGGggrrrrrrrrrGGGggrrGGrG,2387.0
2390,1,gGGggrrrrrrrrrGGGggrrrrrr,2392.0
2395,3,rrrrrggGggggggrrrrrrrrrrr,2400.0
2400,4,rrrrryyyyyyyyyrrrrrrrrrrr,2403.0
2405,5,rrrrrrrrrrrrrrrrrrrGGGGGG,2408.0
2410,6,rrrrrrrrrrrrrrrrrrrrrrrrr,2413.0
2415,0,gGGggrrrrrrrrrGGGggrrGGrG,2418.0
2420,1,gGGggrrrrrrrrrGGGggrrrrrr,2423.0
2425,2,yyyyyrrrrrrrrryyyyyrrrrrr,2426.0
2430,3,rrrrrggGggggggrrrrrrrrrrr,2431.0
2435,5,rrrrrrrrrrrrrrrrrrrGGGGGG,2439.0
2440,6,rrrrrrrrrrrrrrrrrrrrrrrrr,2444.0
2445,0,gGGggrrrrrrrrrGGGggrrGGrG,2449.0
2450,0,gGGggrrrrrrrrrGGGggrrGGrG,2451.0
2455,1,gGGggrrrrrrrrrGGGggrrrrrr,2459.0
2460,2,yyyyyrrrrrrrrryyyyyrrrrrr,2462.0
2465,3,rrrrrggGggggggrrrrrrrrrrr,2467.0
2470,5,rrrrrrrrrrrrrrrrrrrGGGGGG,2475.0
2475,6,rrrrrrrrrrrrrrrrrrrrrrrrr,2480.0
2480,0,gGGggrrrrrrrrrGGGggrrGGrG,2485.0
2485,1,gGGggrrrrrrrrrGGGggrrrrrr,2490.0
2490,2,yyyyyrrrrrrrrryyyyyrrrrrr,2493.0
2495,3,rrrrrggGggggggrrrrrrrrrrr,2498.0
2500,4,rrrrryyyyyyyyyrrrrrrrrrrr,2501.0
2505,5,rrrrrrrrrrrrrrrrrrrGGGGGG,2506.0
2510,6,rrrrrrrrrrrrrrrrrrrrrrrrr,2511.0
2515,0,gGGggrrrrrrrrrGGGggrrGGrG,2516.0
2520,1,gGGggrrrrrrrrrGGGggrrrrrr,2525.0
2525,2,yyyyyrrrrrrrrryyyyyrrrrrr,2528.0
2530,3,rrrrrggGggggggrrrrrrrrrrr,2533.0
2535,3,rrrrrggGggggggrrrrrrrrrrr,2536.0
2540,4,rrrrryyyyyyyyyrrrrrrrrrrr,2543.0
2545,5,rrrrrrrrrrrrrrrrrrrGGGGGG,2548.0
2550,6,rrrrrrrrrrrrrrrrrrrrrrrrr,2553.0
2555,0,gGGggrrrrrrrrrGGGggrrGGrG,2558.0
2560,0,gGGggrrrrrrrrrGGGggrrGGrG,2562.0
2565,1,gGGggrrrrrrrrrGGGggrrrrrr,2570.0
2570,2,yyyyyrrrrrrrrryyyyyrrrrrr,2573.0
2575,3,rrrrrggGggggggrrrrrrrrrrr,2578.0
2580,4,rrrrryyyyyyyyyrrrrrrrrrrr,2582.0
2585,5,rrrrrrrrrrrrrrrrrrrGGGGGG,2587.0
2590,6,rrrrrrrrrrrrrrrrrrrrrrrrr,2592.0
2595,0,gGGggrrrrrrrrrGGGggrrGGrG,2597.0
2600,0,gGGggrrrrrrrrrGGGggrrGGrG,2601.0
2605,0,gGGggrrrrrrrrrGGGggrrGGrG,2606.0
2610,1,gGGggrrrrrrrrrGGGggrrrrrr,2612.0
2615,3,rrrrrggGggggggrrrrrrrrrrr,2620.0
2620,3,rrrrrggGggggggrrrrrrrrrrr,2622.0
2625,3,rrrrrggGggggggrrrrrrrrrrr,2626.0
2630,4,rrrrryyyyyyyyyrrrrrrrrrrr,2633.0
2635,5,rrrrrrrrrrrrrrrrrrrGGGGGG,2638.0
2640,6,rrrrrrrrrrrrrrrrrrrrrrrrr,2643.0
2645,0,gGGggrrrrrrrrrGGGggrrGGrG,2648.0
2650,0,gGGggrrrrrrrrrGGGggrrGGrG,2652.0
2655,1,gGGggrrrrrrrrrGGGggrrrrrr,2658.0
2660,2,yyyyyrrrrrrrrryyyyyrrrrrr,2661.0
2665,3,rrrrrggGggggggrrrrrrrrrrr,2666.0
2670,5,rrrrrrrrrrrrrrrrrrrGGGGGG,2674.0
2675,6,rrrrrrrrrrrrrrrrrrrrrrrrr,2679.0
2680,0,gGGggrrrrrrrrrGGGggrrGGrG,2684.0
2685,0,gGGggrrrrrrrrrGGGggrrGGrG,2686.0
2690,0,gGGggrrrrrrrrrGGGggrrGGrG,2691.0
2695,1,gGGggrrrrrrrrrGGGggrrrrrr,2696.0
2700,3,rrrrrggGggggggrrrrrrrrrrr,2704.0
2705,3,rrrrrggGggggggrrrrrrrrrrr,2706.0
2710,5,rrrrrrrrrrrrrrrrrrrGGGGGG,2715.0
2715,6,rrrrrrrrrrrrrrrrrrrrrrrrr,2720.0
2720,0,gGGggrrrrrrrrrGGGggrrGGrG,2725.0
2725,0,gGGggrrrrrrrrrGGGggrrGGrG,2727.0
2730,0,gGGggrrrrrrrrrGGGggrrGGrG,2731.0
2735,1,gGGggrrrrrrrrrGGGggrrrrrr,2736.0
2740,3,rrrrrggGggggggrrrrrrrrrrr,2744.0
2745,4,rrrrryyyyyyyyyrrrrrrrrrrr,2747.0
2750,5,rrrrrrrrrrrrrrrrrrrGGGGGG,2752.0
2755,6,rrrrrrrrrrrrrrrrrrrrrrrrr,2757.0
2760,0,gGGggrrrrrrrrrGGGggrrGGrG,2762.0
2765,1,gGGggrrrrrrrrrGGGggrrrrrr,2767.0
2770,3,rrrrrggGggggggrrrrrrrrrrr,2775.0
2775,4,rrrrryyyyyyyyyrrrrrrrrrrr,2778.0
2780,5,rrrrrrrrrrrrrrrrrrrGGGGGG,2783.0
2785,6,rrrrrrrrrrrrrrrrrrrrrrrrr,2788.0
2790,0,gGGggrrrrrrrrrGGGggrrGGrG,2793.0
2795,1,gGGggrrrrrrrrrGGGggrrrrrr,2799.0
2800,2,yyyyyrrrrrrrrryyyyyrrrrrr,2802.0
2805,3,rrrrrggGggggggrrrrrrrrrrr,2807.0
2810,4,rrrrryyyyyyyyyrrrrrrrrrrr,2813.0
2815,5,rrrrrrrrrrrrrrrrrrrGGGGGG,2818.0
2820,6,rrrrrrrrrrrrrrrrrrrrrrrrr,2823.0
2825,0,gGGggrrrrrrrrrGGGggrrGGrG,2828.0
2830,1,gGGggrrrrrrrrrGGGggrrrrrr,2834.0
2835,2,yyyyyrrrrrrrrryyyyyrrrrrr,2837.0
2840,3,rrrrrggGggggggrrrrrrrrrrr,2842.0
2845,3,rrrrrggGggggggrrrrrrrrrrr,2847.0
2850,4,rrrrryyyyyyyyyrrrrrrrrrrr,2853.0
2855,5,rrrrrrrrrrrrrrrrrrrGGGGGG,2858.0
2860,6,rrrrrrrrrrrrrrrrrrrrrrrrr,2863.0
2865,0,gGGggrrrrrrrrrGGGggrrGGrG,2868.0
2870,1,gGGggrrrrrrrrrGGGggrrrrrr,2873.0
2875,2,yyyyyrrrrrrrrryyyyyrrrrrr,2876.0
2880,3,rrrrrggGggggggrrrrrrrrrrr,2881.0
2885,5,rrrrrrrrrrrrrrrrrrrGGGGGG,2889.0
2890,6,rrrrrrrrrrrrrrrrrrrrrrrrr,2894.0
2895,0,gGGggrrrrrrrrrGGGggrrGGrG,2899.0
2900,1,gGGggrrrrrrrrrGGGggrrrrrr,2904.0
2905,2,yyyyyrrrrrrrrryyyyyrrrrrr,2907.0
2910,3,rrrrrggGggggggrrrrrrrrrrr,2912.0
2915,5,rrrrrrrrrrrrrrrrrrrGGGGGG,2920.0
2920,6,rrrrrrrrrrrrrrrrrrrrrrrrr,2925.0
2925,0,gGGggrrrrrrrrrGGGggrrGGrG,2930.0
2930,1,gGGggrrrrrrrrrGGGggrrrrrr,2935.0
2935,2,yyyyyrrrrrrrrryyyyyrrrrrr,2938.0
2940,3,rrrrrggGggggggrrrrrrrrrrr,2943.0
2945,4,rrrrryyyyyyyyyrrrrrrrrrrr,2946.0
2950,5,rrrrrrrrrrrrrrrrrrrGGGGGG,2951.0
2955,6,rrrrrrrrrrrrrrrrrrrrrrrrr,2956.0
2960,0,gGGggrrrrrrrrrGGGggrrGGrG,2961.0
2965,1,gGGggrrrrrrrrrGGGggrrrrrr,2970.0
2970,2,yyyyyrrrrrrrrryyyyyrrrrrr,2973.0
2975,3,rrrrrggGggggggrrrrrrrrrrr,2978.0
2980,4,rrrrryyyyyyyyyrrrrrrrrrrr,2981.0
2985,5,rrrrrrrrrrrrrrrrrrrGGGGGG,2986.0
2990,6,rrrrrrrrrrrrrrrrrrrrrrrrr,2991.0
2995,0,gGGggrrrrrrrrrGGGggrrGGrG,2996.0
3000,1,gGGggrrrrrrrrrGGGggrrrrrr,3001.0
3005,3,rrrrrggGggggggrrrrrrrrrrr,3009.0
3010,4,rrrrryyyyyyyyyrrrrrrrrrrr,3012.0
3015,5,rrrrrrrrrrrrrrrrrrrGGGGGG,3017.0
3020,6,rrrrrrrrrrrrrrrrrrrrrrrrr,3022.0
3025,0,gGGggrrrrrrrrrGGGggrrGGrG,3027.0
3030,0,gGGggrrrrrrrrrGGGggrrGGrG,3031.0
3035,0,gGGggrrrrrrrrrGGGggrrGGrG,3037.0
3040,0,gGGggrrrrrrrrrGGGggrrGGrG,3041.0
3045,1,gGGggrrrrrrrrrGGGggrrrrrr,3047.0
3050,3,rrrrrggGggggggrrrrrrrrrrr,3055.0
3055,3,rrrrrggGggggggrrrrrrrrrrr,3057.0
3060,4,rrrrryyyyyyyyyrrrrrrrrrrr,3061.0
3065,5,rrrrrrrrrrrrrrrrrrrGGGGGG,3066.0
3070,6,rrrrrrrrrrrrrrrrrrrrrrrrr,3071.0
3075,0,gGGggrrrrrrrrrGGGggrrGGrG,3076.0
3080,1,gGGggrrrrrrrrrGGGggrrrrrr,3082.0
3085,3,rrrrrggGggggggrrrrrrrrrrr,3090.0
3090,4,rrrrryyyyyyyyyrrrrrrrrrrr,3093.0
3095,5,rrrrrrrrrrrrrrrrrrrGGGGGG,3098.0
3100,6,rrrrrrrrrrrrrrrrrrrrrrrrr,3103.0
3105,0,gGGggrrrrrrrrrGGGggrrGGrG,3108.0
3110,1,gGGggrrrrrrrrrGGGggrrrrrr,3113.0
3115,2,yyyyyrrrrrrrrryyyyyrrrrrr,3116.0
3120,3,rrrrrggGggggggrrrrrrrrrrr,3121.0
3125,5,rrrrrrrrrrrrrrrrrrrGGGGGG,3129.0
3130,6,rrrrrrrrrrrrrrrrrrrrrrrrr,3134.0
3135,0,gGGggrrrrrrrrrGGGggrrGGrG,3139.0
3140,1,gGGggrrrrrrrrrGGGggrrrrrr,3144.0
3145,2,yyyyyrrrrrrrrryyyyyrrrrrr,3147.0
3150,3,rrrrrggGggggggrrrrrrrrrrr,3152.0
3155,5,rrrrrrrrrrrrrrrrrrrGGGGGG,3160.0
3160,6,rrrrrrrrrrrrrrrrrrrrrrrrr,3165.0
3165,0,gGGggrrrrrrrrrGGGggrrGGrG,3170.0
3170,1,gGGggrrrrrrrrrGGGggrrrrrr,3175.0
3175,2,yyyyyrrrrrrrrryyyyyrrrrrr,3178.0
3180,3,rrrrrggGggggggrrrrrrrrrrr,3183.0
3185,4,rrrrryyyyyyyyyrrrrrrrrrrr,3186.0
3190,5,rrrrrrrrrrrrrrrrrrrGGGGGG,3191.0
3195,6,rrrrrrrrrrrrrrrrrrrrrrrrr,3196.0
3200,0,gGGggrrrrrrrrrGGGggrrGGrG,3201.0
3205,1,gGGggrrrrrrrrrGGGggrrrrrr,3206.0
3210,3,rrrrrggGggggggrrrrrrrrrrr,3214.0
3215,4,rrrrryyyyyyyyyrrrrrrrrrrr,3217.0
3220,5,rrrrrrrrrrrrrrrrrrrGGGGGG,3222.0
3225,6,rrrrrrrrrrrrrrrrrrrrrrrrr,3227.0
3230,0,gGGggrrrrrrrrrGGGggrrGGrG,3232.0
3235,1,gGGggrrrrrrrrrGGGggrrrrrr,3237.0
3240,3,rrrrrggGggggggrrrrrrrrrrr,3245.0
3245,4,rrrrryyyyyyyyyrrrrrrrrrrr,3248.0
3250,5,rrrrrrrrrrrrrrrrrrrGGGGGG,3253.0
3255,6,rrrrrrrrrrrrrrrrrrrrrrrrr,3258.0
3260,0,gGGggrrrrrrrrrGGGggrrGGrG,3263.0
3265,0,gGGggrrrrrrrrrGGGggrrGGrG,3266.0
3270,1,gGGggrrrrrrrrrGGGggrrrrrr,3272.0
3275,3,rrrrrggGggggggrrrrrrrrrrr,3280.0
3280,4,rrrrryyyyyyyyyrrrrrrrrrrr,3283.0
3285,5,rrrrrrrrrrrrrrrrrrrGGGGGG,3288.0
3290,6,rrrrrrrrrrrrrrrrrrrrrrrrr,3293.0
3295,0,gGGggrrrrrrrrrGGGggrrGGrG,3298.0
3300,1,gGGggrrrrrrrrrGGGggrrrrrr,3304.0
3305,2,yyyyyrrrrrrrrryyyyyrrrrrr,3307.0
3310,3,rrrrrggGggggggrrrrrrrrrrr,3312.0
3315,5,rrrrrrrrrrrrrrrrrrrGGGGGG,3320.0
3320,6,rrrrrrrrrrrrrrrrrrrrrrrrr,3325.0
3325,0,gGGggrrrrrrrrrGGGggrrGGrG,3330.0
3330,0,gGGggrrrrrrrrrGGGggrrGGrG,3331.0
3335,1,gGGggrrrrrrrrrGGGggrrrrrr,3336.0
3340,3,rrrrrggGggggggrrrrrrrrrrr,3344.0
3345,4,rrrrryyyyyyyyyrrrrrrrrrrr,3347.0
3350,5,rrrrrrrrrrrrrrrrrrrGGGGGG,3352.0
3355,6,rrrrrrrrrrrrrrrrrrrrrrrrr,3357.0
3360,0,gGGggrrrrrrrrrGGGggrrGGrG,3362.0
3365,1,gGGggrrrrrrrrrGGGggrrrrrr,3370.0
3370,2,yyyyyrrrrrrrrryyyyyrrrrrr,3373.0
3375,3,rrrrrggGggggggrrrrrrrrrrr,3378.0
3380,4,rrrrryyyyyyyyyrrrrrrrrrrr,3381.0
3385,5,rrrrrrrrrrrrrrrrrrrGGGGGG,3386.0
3390,6,rrrrrrrrrrrrrrrrrrrrrrrrr,3391.0
3395,0,gGGggrrrrrrrrrGGGggrrGGrG,3396.0
3400,0,gGGggrrrrrrrrrGGGggrrGGrG,3402.0
3405,0,gGGggrrrrrrrrrGGGggrrGGrG,3406.0
3410,0,gGGggrrrrrrrrrGGGggrrGGrG,3412.0
3415,0,gGGggrrrrrrrrrGGGggrrGGrG,3416.0
3420,1,gGGggrrrrrrrrrGGGggrrrrrr,3421.0
3425,3,rrrrrggGggggggrrrrrrrrrrr,3429.0
3430,3,rrrrrggGggggggrrrrrrrrrrr,3431.0
3435,4,rrrrryyyyyyyyyrrrrrrrrrrr,3437.0
3440,5,rrrrrrrrrrrrrrrrrrrGGGGGG,3442.0
3445,6,rrrrrrrrrrrrrrrrrrrrrrrrr,3447.0
3450,0,gGGggrrrrrrrrrGGGggrrGGrG,3452.0
3455,0,gGGggrrrrrrrrrGGGggrrGGrG,3456.0
3460,0,gGGggrrrrrrrrrGGGggrrGGrG,3462.0
3465,0,gGGggrrrrrrrrrGGGggrrGGrG,3467.0
3470,0,gGGggrrrrrrrrrGGGggrrGGrG,3471.0
3475,1,gGGggrrrrrrrrrGGGggrrrrrr,3479.0
3480,2,yyyyyrrrrrrrrryyyyyrrrrrr,3482.0
3485,3,rrrrrggGggggggrrrrrrrrrrr,3487.0
3490,4,rrrrryyyyyyyyyrrrrrrrrrrr,3492.0
3495,5,rrrrrrrrrrrrrrrrrrrGGGGGG,3497.0
3500,6,rrrrrrrrrrrrrrrrrrrrrrrrr,3502.0
3505,0,gGGggrrrrrrrrrGGGggrrGGrG,3507.0
3510,0,gGGggrrrrrrrrrGGGggrrGGrG,3511.0
3515,0,gGGggrrrrrrrrrGGGggrrGGrG,3517.0
3520,0,gGGggrrrrrrrrrGGGggrrGGrG,3521.0
3525,0,gGGggrrrrrrrrrGGGggrrGGrG,3527.0
3530,0,gGGggrrrrrrrrrGGGggrrGGrG,3531.0
3535,1,gGGggrrrrrrrrrGGGggrrrrrr,3540.0
3540,2,yyyyyrrrrrrrrryyyyyrrrrrr,3543.0
3545,3,rrrrrggGggggggrrrrrrrrrrr,3548.0
3550,3,rrrrrggGggggggrrrrrrrrrrr,3551.0
3555,4,rrrrryyyyyyyyyrrrrrrrrrrr,3558.0
3560,5,rrrrrrrrrrrrrrrrrrrGGGGGG,3563.0
3565,6,rrrrrrrrrrrrrrrrrrrrrrrrr,3568.0
3570,0,gGGggrrrrrrrrrGGGggrrGGrG,3573.0
3575,0,gGGggrrrrrrrrrGGGggrrGGrG,3577.0
3580,0,gGGggrrrrrrrrrGGGggrrGGrG,3581.0
3585,0,gGGggrrrrrrrrrGGGggrrGGrG,3587.0
3590,0,gGGggrrrrrrrrrGGGggrrGGrG,3591.0
3595,1,gGGggrrrrrrrrrGGGggrrrrrr,3596.0
3600,3,rrrrrggGggggggrrrrrrrrrrr,3604.0
3605,3,rrrrrggGggggggrrrrrrrrrrr,3606.0
3610,3,rrrrrggGggggggrrrrrrrrrrr,3612.0
3615,3,rrrrrggGggggggrrrrrrrrrrr,3617.0
3620,3,rrrrrggGggggggrrrrrrrrrrr,3622.0
3625,3,rrrrrggGggggggrrrrrrrrrrr,3626.0
3630,3,rrrrrggGggggggrrrrrrrrrrr,3631.0
3635,3,rrrrrggGggggggrrrrrrrrrrr,3636.0
3640,4,rrrrryyyyyyyyyrrrrrrrrrrr,3641.0
3645,5,rrrrrrrrrrrrrrrrrrrGGGGGG,3646.0
3650,6,rrrrrrrrrrrrrrrrrrrrrrrrr,3651.0
3655,0,gGGggrrrrrrrrrGGGggrrGGrG,3656.0
3660,0,gGGggrrrrrrrrrGGGggrrGGrG,3662.0
3665,0,gGGggrrrrrrrrrGGGggrrGGrG,3666.0
3670,0,gGGggrrrrrrrrrGGGggrrGGrG,3672.0
3675,0,gGGggrrrrrrrrrGGGggrrGGrG,3676.0
3680,0,gGGggrrrrrrrrrGGGggrrGGrG,3682.0
3685,0,gGGggrrrrrrrrrGGGggrrGGrG,3686.0
3690,0,gGGggrrrrrrrrrGGGggrrGGrG,3692.0
3695,0,gGGggrrrrrrrrrGGGggrrGGrG,3696.0
3700,0,gGGggrrrrrrrrrGGGggrrGGrG,3701.0
3705,1,gGGggrrrrrrrrrGGGggrrrrrr,3706.0
3710,3,rrrrrggGggggggrrrrrrrrrrr,3714.0
3715,3,rrrrrggGggggggrrrrrrrrrrr,3716.0
3720,3,rrrrrggGggggggrrrrrrrrrrr,3721.0
3725,3,rrrrrggGggggggrrrrrrrrrrr,3726.0
3730,4,rrrrryyyyyyyyyrrrrrrrrrrr,3733.0
3735,5,rrrrrrrrrrrrrrrrrrrGGGGGG,3738.0
3740,6,rrrrrrrrrrrrrrrrrrrrrrrrr,3743.0
3745,0,gGGggrrrrrrrrrGGGggrrGGrG,3748.0
3750,0,gGGggrrrrrrrrrGGGggrrGGrG,3751.0
3755,1,gGGggrrrrrrrrrGGGggrrrrrr,3757.0
3760,3,rrrrrggGggggggrrrrrrrrrrr,3765.0
3765,3,rrrrrggGggggggrrrrrrrrrrr,3767.0
3770,3,rrrrrggGggggggrrrrrrrrrrr,3771.0
3775,5,rrrrrrrrrrrrrrrrrrrGGGGGG,3780.0
3780,6,rrrrrrrrrrrrrrrrrrrrrrrrr,3785.0
3785,0,gGGggrrrrrrrrrGGGggrrGGrG,3790.0
3790,0,gGGggrrrrrrrrrGGGggrrGGrG,3792.0
3795,0,gGGggrrrrrrrrrGGGggrrGGrG,3796.0
3800,0,gGGggrrrrrrrrrGGGggrrGGrG,3802.0
3805,0,gGGggrrrrrrrrrGGGggrrGGrG,3806.0
3810,0,gGGggrrrrrrrrrGGGggrrGGrG,3812.0
3815,0,gGGggrrrrrrrrrGGGggrrGGrG,3816.0
3820,0,gGGggrrrrrrrrrGGGggrrGGrG,3822.0
3825,0,gGGggrrrrrrrrrGGGggrrGGrG,3826.0
3830,0,gGGggrrrrrrrrrGGGggrrGGrG,3832.0
3835,1,gGGggrrrrrrrrrGGGggrrrrrr,3840.0
3840,2,yyyyyrrrrrrrrryyyyyrrrrrr,3843.0
3845,3,rrrrrggGggggggrrrrrrrrrrr,3848.0
3850,3,rrrrrggGggggggrrrrrrrrrrr,3852.0
3855,3,rrrrrggGggggggrrrrrrrrrrr,3857.0
3860,3,rrrrrggGggggggrrrrrrrrrrr,3861.0
3865,5,rrrrrrrrrrrrrrrrrrrGGGGGG,3870.0
3870,6,rrrrrrrrrrrrrrrrrrrrrrrrr,3875.0
3875,0,gGGggrrrrrrrrrGGGggrrGGrG,3880.0
3880,0,gGGggrrrrrrrrrGGGggrrGGrG,3882.0
3885,0,gGGggrrrrrrrrrGGGggrrGGrG,3886.0
3890,0,gGGggrrrrrrrrrGGGggrrGGrG,3892.0
3895,0,gGGggrrrrrrrrrGGGggrrGGrG,3896.0
3900,0,gGGggrrrrrrrrrGGGggrrGGrG,3902.0
3905,0,gGGggrrrrrrrrrGGGggrrGGrG,3907.0
3910,0,gGGggrrrrrrrrrGGGggrrGGrG,3911.0
3915,0,gGGggrrrrrrrrrGGGggrrGGrG,3917.0
3920,0,gGGggrrrrrrrrrGGGggrrGGrG,3921.0
3925,1,gGGggrrrrrrrrrGGGggrrrrrr,3930.0
3930,2,yyyyyrrrrrrrrryyyyyrrrrrr,3933.0
3935,3,rrrrrggGggggggrrrrrrrrrrr,3938.0
3940,4,rrrrryyyyyyyyyrrrrrrrrrrr,3941.0
3945,5,rrrrrrrrrrrrrrrrrrrGGGGGG,3946.0
3950,6,rrrrrrrrrrrrrrrrrrrrrrrrr,3951.0
3955,0,gGGggrrrrrrrrrGGGggrrGGrG,3956.0
3960,0,gGGggrrrrrrrrrGGGggrrGGrG,3961.0
3965,0,gGGggrrrrrrrrrGGGggrrGGrG,3967.0
3970,1,gGGggrrrrrrrrrGGGggrrrrrr,3975.0
3975,2,yyyyyrrrrrrrrryyyyyrrrrrr,3978.0
3980,3,rrrrrggGggggggrrrrrrrrrrr,3983.0
3985,4,rrrrryyyyyyyyyrrrrrrrrrrr,3986.0
3990,5,rrrrrrrrrrrrrrrrrrrGGGGGG,3991.0
3995,6,rrrrrrrrrrrrrrrrrrrrrrrrr,3996.0
4000,0,gGGggrrrrrrrrrGGGggrrGGrG,4001.0
4005,1,gGGggrrrrrrrrrGGGggrrrrrr,4006.0
4010,3,rrrrrggGggggggrrrrrrrrrrr,4014.0
4015,4,rrrrryyyyyyyyyrrrrrrrrrrr,4017.0
4020,5,rrrrrrrrrrrrrrrrrrrGGGGGG,4022.0
4025,6,rrrrrrrrrrrrrrrrrrrrrrrrr,4027.0
4030,0,gGGggrrrrrrrrrGGGggrrGGrG,4032.0
4035,0,gGGggrrrrrrrrrGGGggrrGGrG,4037.0
4040,1,gGGggrrrrrrrrrGGGggrrrrrr,4043.0
4045,2,yyyyyrrrrrrrrryyyyyrrrrrr,4046.0
4050,3,rrrrrggGggggggrrrrrrrrrrr,4051.0
4055,5,rrrrrrrrrrrrrrrrrrrGGGGGG,4059.0
4060,6,rrrrrrrrrrrrrrrrrrrrrrrrr,4064.0
4065,0,gGGggrrrrrrrrrGGGggrrGGrG,4069.0
4070,0,gGGggrrrrrrrrrGGGggrrGGrG,4071.0
4075,1,gGGggrrrrrrrrrGGGggrrrrrr,4078.0
4080,2,yyyyyrrrrrrrrryyyyyrrrrrr,4081.0
4085,3,rrrrrggGggggggrrrrrrrrrrr,4086.0
4090,5,rrrrrrrrrrrrrrrrrrrGGGGGG,4094.0
4095,6,rrrrrrrrrrrrrrrrrrrrrrrrr,4099.0
4100,0,gGGggrrrrrrrrrGGGggrrGGrG,4104.0
4105,1,gGGggrrrrrrrrrGGGggrrrrrr,4109.0
4110,2,yyyyyrrrrrrrrryyyyyrrrrrr,4112.0
4115,3,rrrrrggGggggggrrrrrrrrrrr,4117.0
4120,5,rrrrrrrrrrrrrrrrrrrGGGGGG,4125.0
4125,6,rrrrrrrrrrrrrrrrrrrrrrrrr,4130.0
4130,0,gGGggrrrrrrrrrGGGggrrGGrG,4135.0
4135,0,gGGggrrrrrrrrrGGGggrrGGrG,4137.0
4140,1,gGGggrrrrrrrrrGGGggrrrrrr,4145.0
4145,2,yyyyyrrrrrrrrryyyyyrrrrrr,4148.0
4150,3,rrrrrggGggggggrrrrrrrrrrr,4153.0
4155,4,rrrrryyyyyyyyyrrrrrrrrrrr,4156.0
4160,5,rrrrrrrrrrrrrrrrrrrGGGGGG,4161.0
4165,6,rrrrrrrrrrrrrrrrrrrrrrrrr,4166.0
4170,0,gGGggrrrrrrrrrGGGggrrGGrG,4171.0
4175,1,gGGggrrrrrrrrrGGGggrrrrrr,4180.0
4180,2,yyyyyrrrrrrrrryyyyyrrrrrr,4183.0
4185,3,rrrrrggGggggggrrrrrrrrrrr,4188.0
4190,4,rrrrryyyyyyyyyrrrrrrrrrrr,4191.0
4195,5,rrrrrrrrrrrrrrrrrrrGGGGGG,4196.0
4200,6,rrrrrrrrrrrrrrrrrrrrrrrrr,4201.0
4205,0,gGGggrrrrrrrrrGGGggrrGGrG,4206.0
4210,1,gGGggrrrrrrrrrGGGggrrrrrr,4215.0
4215,2,yyyyyrrrrrrrrryyyyyrrrrrr,4218.0
4220,3,rrrrrggGggggggrrrrrrrrrrr,4223.0
4225,4,rrrrryyyyyyyyyrrrrrrrrrrr,4226.0
4230,5,rrrrrrrrrrrrrrrrrrrGGGGGG,4231.0
4235,6,rrrrrrrrrrrrrrrrrrrrrrrrr,4236.0
4240,0,gGGggrrrrrrrrrGGGggrrGGrG,4241.0
4245,1,gGGggrrrrrrrrrGGGggrrrrrr,4249.0
4250,2,yyyyyrrrrrrrrryyyyyrrrrrr,4252.0
4255,3,rrrrrggGggggggrrrrrrrrrrr,4257.0
4260,5,rrrrrrrrrrrrrrrrrrrGGGGGG,4265.0
4265,6,rrrrrrrrrrrrrrrrrrrrrrrrr,4270.0
4270,0,gGGggrrrrrrrrrGGGggrrGGrG,4275.0
4275,0,gGGggrrrrrrrrrGGGggrrGGrG,4277.0
4280,1,gGGggrrrrrrrrrGGGggrrrrrr,4284.0
4285,2,yyyyyrrrrrrrrryyyyyrrrrrr,4287.0
4290,3,rrrrrggGggggggrrrrrrrrrrr,4292.0
4295,4,rrrrryyyyyyyyyrrrrrrrrrrr,4298.0
4300,5,rrrrrrrrrrrrrrrrrrrGGGGGG,4303.0
4305,6,rrrrrrrrrrrrrrrrrrrrrrrrr,4308.0
4310,0,gGGggrrrrrrrrrGGGggrrGGrG,4313.0
4315,1,gGGggrrrrrrrrrGGGggrrrrrr,4318.0
4320,2,yyyyyrrrrrrrrryyyyyrrrrrr,4321.0
4325,3,rrrrrggGggggggrrrrrrrrrrr,4326.0
4330,5,rrrrrrrrrrrrrrrrrrrGGGGGG,4334.0
4335,6,rrrrrrrrrrrrrrrrrrrrrrrrr,4339.0
4340,0,gGGggrrrrrrrrrGGGggrrGGrG,4344.0
4345,0,gGGggrrrrrrrrrGGGggrrGGrG,4346.0
4350,1,gGGggrrrrrrrrrGGGggrrrrrr,4353.0
4355,2,yyyyyrrrrrrrrryyyyyrrrrrr,4356.0
4360,3,rrrrrggGggggggrrrrrrrrrrr,4361.0
4365,5,rrrrrrrrrrrrrrrrrrrGGGGGG,4369.0
4370,6,rrrrrrrrrrrrrrrrrrrrrrrrr,4374.0
4375,0,gGGggrrrrrrrrrGGGggrrGGrG,4379.0
4380,0,gGGggrrrrrrrrrGGGggrrGGrG,4381.0
4385,1,gGGggrrrrrrrrrGGGggrrrrrr,4388.0
4390,2,yyyyyrrrrrrrrryyyyyrrrrrr,4391.0
4395,3,rrrrrggGggggggrrrrrrrrrrr,4396.0
4400,5,rrrrrrrrrrrrrrrrrrrGGGGGG,4404.0
4405,6,rrrrrrrrrrrrrrrrrrrrrrrrr,4409.0
4410,0,gGGggrrrrrrrrrGGGggrrGGrG,4414.0
4415,0,gGGggrrrrrrrrrGGGggrrGGrG,4416.0
4420,0,gGGggrrrrrrrrrGGGggrrGGrG,4422.0
4425,1,gGGggrrrrrrrrrGGGggrrrrrr,4428.0
4430,2,yyyyyrrrrrrrrryyyyyrrrrrr,4431.0
4435,3,rrrrrggGggggggrrrrrrrrrrr,4436.0
4440,5,rrrrrrrrrrrrrrrrrrrGGGGGG,4444.0
4445,6,rrrrrrrrrrrrrrrrrrrrrrrrr,4449.0
4450,0,gGGggrrrrrrrrrGGGggrrGGrG,4454.0
4455,1,gGGggrrrrrrrrrGGGggrrrrrr,4459.0
4460,2,yyyyyrrrrrrrrryyyyyrrrrrr,4462.0
4465,3,rrrrrggGggggggrrrrrrrrrrr,4467.0
4470,5,rrrrrrrrrrrrrrrrrrrGGGGGG,4475.0
4475,6,rrrrrrrrrrrrrrrrrrrrrrrrr,4480.0
4480,0,gGGggrrrrrrrrrGGGggrrGGrG,4485.0
4485,1,gGGggrrrrrrrrrGGGggrrrrrr,4490.0
4490,2,yyyyyrrrrrrrrryyyyyrrrrrr,4493.0
4495,3,rrrrrggGggggggrrrrrrrrrrr,4498.0
4500,4,rrrrryyyyyyyyyrrrrrrrrrrr,4501.0
4505,5,rrrrrrrrrrrrrrrrrrrGGGGGG,4506.0
4510,6,rrrrrrrrrrrrrrrrrrrrrrrrr,4511.0
4515,0,gGGggrrrrrrrrrGGGggrrGGrG,4516.0
4520,1,gGGggrrrrrrrrrGGGggrrrrrr,4521.0
4525,3,rrrrrggGggggggrrrrrrrrrrr,4529.0
4530,3,rrrrrggGggggggrrrrrrrrrrr,4531.0
4535,4,rrrrryyyyyyyyyrrrrrrrrrrr,4536.0
4540,5,rrrrrrrrrrrrrrrrrrrGGGGGG,4541.0
4545,6,rrrrrrrrrrrrrrrrrrrrrrrrr,4546.0
4550,0,gGGggrrrrrrrrrGGGggrrGGrG,4551.0
4555,1,gGGggrrrrrrrrrGGGggrrrrrr,4556.0
4560,3,rrrrrggGggggggrrrrrrrrrrr,4564.0
4565,4,rrrrryyyyyyyyyrrrrrrrrrrr,4567.0
4570,5,rrrrrrrrrrrrrrrrrrrGGGGGG,4572.0
4575,6,rrrrrrrrrrrrrrrrrrrrrrrrr,4577.0
4580,0,gGGggrrrrrrrrrGGGggrrGGrG,4582.0
4585,1,gGGggrrrrrrrrrGGGggrrrrrr,4590.0
4590,2,yyyyyrrrrrrrrryyyyyrrrrrr,4593.0
4595,3,rrrrrggGggggggrrrrrrrrrrr,4598.0
4600,4,rrrrryyyyyyyyyrrrrrrrrrrr,4601.0
4605,5,rrrrrrrrrrrrrrrrrrrGGGGGG,4606.0
4610,6,rrrrrrrrrrrrrrrrrrrrrrrrr,4611.0
4615,0,gGGggrrrrrrrrrGGGggrrGGrG,4616.0
4620,1,gGGggrrrrrrrrrGGGggrrrrrr,4621.0
4625,3,rrrrrggGggggggrrrrrrrrrrr,4629.0
4630,4,rrrrryyyyyyyyyrrrrrrrrrrr,4632.0
4635,5,rrrrrrrrrrrrrrrrrrrGGGGGG,4637.0
4640,6,rrrrrrrrrrrrrrrrrrrrrrrrr,4642.0
4645,0,gGGggrrrrrrrrrGGGggrrGGrG,4647.0
4650,0,gGGggrrrrrrrrrGGGggrrGGrG,4651.0
4655,1,gGGggrrrrrrrrrGGGggrrrrrr,4656.0
4660,3,rrrrrggGggggggrrrrrrrrrrr,4664.0
4665,4,rrrrryyyyyyyyyrrrrrrrrrrr,4667.0
4670,5,rrrrrrrrrrrrrrrrrrrGGGGGG,4672.0
4675,6,rrrrrrrrrrrrrrrrrrrrrrrrr,4677.0
4680,0,gGGggrrrrrrrrrGGGggrrGGrG,4682.0
4685,1,gGGggrrrrrrrrrGGGggrrrrrr,4687.0
4690,3,rrrrrggGggggggrrrrrrrrrrr,4695.0
4695,4,rrrrryyyyyyyyyrrrrrrrrrrr,4698.0
4700,5,rrrrrrrrrrrrrrrrrrrGGGGGG,4703.0
4705,6,rrrrrrrrrrrrrrrrrrrrrrrrr,4708.0
4710,0,gGGggrrrrrrrrrGGGggrrGGrG,4713.0
4715,0,gGGggrrrrrrrrrGGGggrrGGrG,4716.0
4720,1,gGGggrrrrrrrrrGGGggrrrrrr,4722.0
4725,3,rrrrrggGggggggrrrrrrrrrrr,4730.0
4730,4,rrrrryyyyyyyyyrrrrrrrrrrr,4733.0
4735,5,rrrrrrrrrrrrrrrrrrrGGGGGG,4738.0
4740,6,rrrrrrrrrrrrrrrrrrrrrrrrr,4743.0
4745,0,gGGggrrrrrrrrrGGGggrrGGrG,4748.0
4750,1,gGGggrrrrrrrrrGGGggrrrrrr,4753.0
4755,2,yyyyyrrrrrrrrryyyyyrrrrrr,4756.0
4760,3,rrrrrggGggggggrrrrrrrrrrr,4761.0
4765,5,rrrrrrrrrrrrrrrrrrrGGGGGG,4769.0
4770,6,rrrrrrrrrrrrrrrrrrrrrrrrr,4774.0
4775,0,gGGggrrrrrrrrrGGGggrrGGrG,4779.0
4780,1,gGGggrrrrrrrrrGGGggrrrrrr,4784.0
4785,2,yyyyyrrrrrrrrryyyyyrrrrrr,4787.0
4790,3,rrrrrggGggggggrrrrrrrrrrr,4792.0
4795,5,rrrrrrrrrrrrrrrrrrrGGGGGG,4800.0
4800,6,rrrrrrrrrrrrrrrrrrrrrrrrr,4805.0
4805,0,gGGggrrrrrrrrrGGGggrrGGrG,4810.0
4810,0,gGGggrrrrrrrrrGGGggrrGGrG,4812.0
4815,1,gGGggrrrrrrrrrGGGggrrrrrr,4818.0
4820,2,yyyyyrrrrrrrrryyyyyrrrrrr,4821.0
4825,3,rrrrrggGggggggrrrrrrrrrrr,4826.0
4830,5,rrrrrrrrrrrrrrrrrrrGGGGGG,4834.0
4835,6,rrrrrrrrrrrrrrrrrrrrrrrrr,4839.0
4840,0,gGGggrrrrrrrrrGGGggrrGGrG,4844.0
4845,1,gGGggrrrrrrrrrGGGggrrrrrr,4849.0
4850,2,yyyyyrrrrrrrrryyyyyrrrrrr,4852.0
4855,3,rrrrrggGggggggrrrrrrrrrrr,4857.0
4860,5,rrrrrrrrrrrrrrrrrrrGGGGGG,4865.0
4865,6,rrrrrrrrrrrrrrrrrrrrrrrrr,4870.0
4870,0,gGGggrrrrrrrrrGGGggrrGGrG,4875.0
4875,1,gGGggrrrrrrrrrGGGggrrrrrr,4880.0
4880,2,yyyyyrrrrrrrrryyyyyrrrrrr,4883.0
4885,3,rrrrrggGggggggrrrrrrrrrrr,4888.0
4890,4,rrrrryyyyyyyyyrrrrrrrrrrr,4891.0
4895,5,rrrrrrrrrrrrrrrrrrrGGGGGG,4896.0
4900,6,rrrrrrrrrrrrrrrrrrrrrrrrr,4901.0
4905,0,gGGggrrrrrrrrrGGGggrrGGrG,4906.0
4910,1,gGGggrrrrrrrrrGGGggrrrrrr,4911.0
4915,3,rrrrrggGggggggrrrrrrrrrrr,4919.0
4920,4,rrrrryyyyyyyyyrrrrrrrrrrr,4922.0
4925,5,rrrrrrrrrrrrrrrrrrrGGGGGG,4927.0
4930,6,rrrrrrrrrrrrrrrrrrrrrrrrr,4932.0
4935,0,gGGggrrrrrrrrrGGGggrrGGrG,4937.0
4940,1,gGGggrrrrrrrrrGGGggrrrrrr,4942.0
4945,3,rrrrrggGggggggrrrrrrrrrrr,4950.0
4950,3,rrrrrggGggggggrrrrrrrrrrr,4952.0
4955,3,rrrrrggGggggggrrrrrrrrrrr,4956.0
4960,5,rrrrrrrrrrrrrrrrrrrGGGGGG,4965.0
4965,6,rrrrrrrrrrrrrrrrrrrrrrrrr,4970.0
4970,0,gGGggrrrrrrrrrGGGggrrGGrG,4975.0
4975,1,gGGggrrrrrrrrrGGGggrrrrrr,4980.0
4980,2,yyyyyrrrrrrrrryyyyyrrrrrr,4983.0
4985,3,rrrrrggGggggggrrrrrrrrrrr,4988.0
4990,4,rrrrryyyyyyyyyrrrrrrrrrrr,4991.0
4995,5,rrrrrrrrrrrrrrrrrrrGGGGGG,4996.0
5000,6,rrrrrrrrrrrrrrrrrrrrrrrrr,5001.0
5005,0,gGGggrrrrrrrrrGGGggrrGGrG,5006.0
5010,1,gGGggrrrrrrrrrGGGggrrrrrr,5011.0
5015,3,rrrrrggGggggggrrrrrrrrrrr,5019.0
5020,4,rrrrryyyyyyyyyrrrrrrrrrrr,5022.0
5025,5,rrrrrrrrrrrrrrrrrrrGGGGGG,5027.0
5030,6,rrrrrrrrrrrrrrrrrrrrrrrrr,5032.0
5035,0,gGGggrrrrrrrrrGGGggrrGGrG,5037.0
5040,1,gGGggrrrrrrrrrGGGggrrrrrr,5042.0
5045,3,rrrrrggGggggggrrrrrrrrrrr,5050.0
5050,4,rrrrryyyyyyyyyrrrrrrrrrrr,5053.0
5055,5,rrrrrrrrrrrrrrrrrrrGGGGGG,5058.0
5060,6,rrrrrrrrrrrrrrrrrrrrrrrrr,5063.0
5065,0,gGGggrrrrrrrrrGGGggrrGGrG,5068.0
5070,1,gGGggrrrrrrrrrGGGggrrrrrr,5073.0
5075,2,yyyyyrrrrrrrrryyyyyrrrrrr,5076.0
5080,3,rrrrrggGggggggrrrrrrrrrrr,5081.0
5085,5,rrrrrrrrrrrrrrrrrrrGGGGGG,5089.0
5090,6,rrrrrrrrrrrrrrrrrrrrrrrrr,5094.0
5095,0,gGGggrrrrrrrrrGGGggrrGGrG,5099.0
5100,1,gGGggrrrrrrrrrGGGggrrrrrr,5104.0
5105,2,yyyyyrrrrrrrrryyyyyrrrrrr,5107.0
5110,3,rrrrrggGggggggrrrrrrrrrrr,5112.0
5115,5,rrrrrrrrrrrrrrrrrrrGGGGGG,5120.0
5120,6,rrrrrrrrrrrrrrrrrrrrrrrrr,5125.0
5125,0,gGGggrrrrrrrrrGGGggrrGGrG,5130.0
5130,1,gGGggrrrrrrrrrGGGggrrrrrr,5135.0
5135,2,yyyyyrrrrrrrrryyyyyrrrrrr,5138.0
5140,3,rrrrrggGggggggrrrrrrrrrrr,5143.0
5145,4,rrrrryyyyyyyyyrrrrrrrrrrr,5146.0
5150,5,rrrrrrrrrrrrrrrrrrrGGGGGG,5151.0
5155,6,rrrrrrrrrrrrrrrrrrrrrrrrr,5156.0
5160,0,gGGggrrrrrrrrrGGGggrrGGrG,5161.0
5165,1,gGGggrrrrrrrrrGGGggrrrrrr,5166.0
5170,3,rrrrrggGggggggrrrrrrrrrrr,5174.0
5175,4,rrrrryyyyyyyyyrrrrrrrrrrr,5177.0
5180,5,rrrrrrrrrrrrrrrrrrrGGGGGG,5182.0
5185,6,rrrrrrrrrrrrrrrrrrrrrrrrr,5187.0
5190,0,gGGggrrrrrrrrrGGGggrrGGrG,5192.0
5195,1,gGGggrrrrrrrrrGGGggrrrrrr,5197.0
5200,3,rrrrrggGggggggrrrrrrrrrrr,5205.0
5205,4,rrrrryyyyyyyyyrrrrrrrrrrr,5208.0
5210,5,rrrrrrrrrrrrrrrrrrrGGGGGG,5213.0
5215,6,rrrrrrrrrrrrrrrrrrrrrrrrr,5218.0
5220,0,gGGggrrrrrrrrrGGGggrrGGrG,5223.0
5225,1,gGGggrrrrrrrrrGGGggrrrrrr,5228.0
5230,2,yyyyyrrrrrrrrryyyyyrrrrrr,5231.0
5235,3,rrrrrggGggggggrrrrrrrrrrr,5236.0
5240,5,rrrrrrrrrrrrrrrrrrrGGGGGG,5244.0
5245,6,rrrrrrrrrrrrrrrrrrrrrrrrr,5249.0
5250,0,gGGggrrrrrrrrrGGGggrrGGrG,5254.0
5255,1,gGGggrrrrrrrrrGGGggrrrrrr,5259.0
5260,2,yyyyyrrrrrrrrryyyyyrrrrrr,5262.0
5265,3,rrrrrggGggggggrrrrrrrrrrr,5267.0
5270,5,rrrrrrrrrrrrrrrrrrrGGGGGG,5275.0
5275,6,rrrrrrrrrrrrrrrrrrrrrrrrr,5280.0
5280,0,gGGggrrrrrrrrrGGGggrrGGrG,5285.0
5285,1,gGGggrrrrrrrrrGGGggrrrrrr,5290.0
5290,2,yyyyyrrrrrrrrryyyyyrrrrrr,5293.0
5295,3,rrrrrggGggggggrrrrrrrrrrr,5298.0
5300,4,rrrrryyyyyyyyyrrrrrrrrrrr,5301.0
5305,5,rrrrrrrrrrrrrrrrrrrGGGGGG,5306.0
5310,6,rrrrrrrrrrrrrrrrrrrrrrrrr,5311.0
5315,0,gGGggrrrrrrrrrGGGggrrGGrG,5316.0
5320,1,gGGggrrrrrrrrrGGGggrrrrrr,5321.0
5325,3,rrrrrggGggggggrrrrrrrrrrr,5329.0
5330,4,rrrrryyyyyyyyyrrrrrrrrrrr,5332.0
5335,5,rrrrrrrrrrrrrrrrrrrGGGGGG,5337.0
5340,6,rrrrrrrrrrrrrrrrrrrrrrrrr,5342.0
5345,0,gGGggrrrrrrrrrGGGggrrGGrG,5347.0
5350,1,gGGggrrrrrrrrrGGGggrrrrrr,5352.0
5355,3,rrrrrggGggggggrrrrrrrrrrr,5360.0
5360,4,rrrrryyyyyyyyyrrrrrrrrrrr,5363.0
5365,5,rrrrrrrrrrrrrrrrrrrGGGGGG,5368.0
5370,6,rrrrrrrrrrrrrrrrrrrrrrrrr,5373.0
5375,0,gGGggrrrrrrrrrGGGggrrGGrG,5378.0
5380,1,gGGggrrrrrrrrrGGGggrrrrrr,5383.0
5385,2,yyyyyrrrrrrrrryyyyyrrrrrr,5386.0
5390,3,rrrrrggGggggggrrrrrrrrrrr,5391.0
5395,5,rrrrrrrrrrrrrrrrrrrGGGGGG,5399.0
5400,6,rrrrrrrrrrrrrrrrrrrrrrrrr,5404.0
5405,0,gGGggrrrrrrrrrGGGggrrGGrG,5409.0
5410,1,gGGggrrrrrrrrrGGGggrrrrrr,5414.0
5415,2,yyyyyrrrrrrrrryyyyyrrrrrr,5417.0
5420,3,rrrrrggGggggggrrrrrrrrrrr,5422.0
5425,5,rrrrrrrrrrrrrrrrrrrGGGGGG,5430.0
5430,6,rrrrrrrrrrrrrrrrrrrrrrrrr,5435.0
5435,0,gGGggrrrrrrrrrGGGggrrGGrG,5440.0
5440,1,gGGggrrrrrrrrrGGGggrrrrrr,5445.0
5445,2,yyyyyrrrrrrrrryyyyyrrrrrr,5448.0
5450,3,rrrrrggGggggggrrrrrrrrrrr,5453.0
5455,4,rrrrryyyyyyyyyrrrrrrrrrrr,5456.0
5460,5,rrrrrrrrrrrrrrrrrrrGGGGGG,5461.0
5465,6,rrrrrrrrrrrrrrrrrrrrrrrrr,5466.0
5470,0,gGGggrrrrrrrrrGGGggrrGGrG,5471.0
5475,1,gGGggrrrrrrrrrGGGggrrrrrr,5476.0
5480,3,rrrrrggGggggggrrrrrrrrrrr,5484.0
5485,4,rrrrryyyyyyyyyrrrrrrrrrrr,5487.0
5490,5,rrrrrrrrrrrrrrrrrrrGGGGGG,5492.0
5495,6,rrrrrrrrrrrrrrrrrrrrrrrrr,5497.0
5500,0,gGGggrrrrrrrrrGGGggrrGGrG,5502.0
5505,1,gGGggrrrrrrrrrGGGggrrrrrr,5507.0
5510,3,rrrrrggGggggggrrrrrrrrrrr,5515.0
5515,4,rrrrryyyyyyyyyrrrrrrrrrrr,5518.0
5520,5,rrrrrrrrrrrrrrrrrrrGGGGGG,5523.0
5525,6,rrrrrrrrrrrrrrrrrrrrrrrrr,5528.0
5530,0,gGGggrrrrrrrrrGGGggrrGGrG,5533.0
5535,1,gGGggrrrrrrrrrGGGggrrrrrr,5538.0
5540,2,yyyyyrrrrrrrrryyyyyrrrrrr,5541.0
5545,3,rrrrrggGggggggrrrrrrrrrrr,5546.0
5550,5,rrrrrrrrrrrrrrrrrrrGGGGGG,5554.0
5555,6,rrrrrrrrrrrrrrrrrrrrrrrrr,5559.0
5560,0,gGGggrrrrrrrrrGGGggrrGGrG,5564.0
5565,1,gGGggrrrrrrrrrGGGggrrrrrr,5569.0
5570,2,yyyyyrrrrrrrrryyyyyrrrrrr,5572.0
5575,3,rrrrrggGggggggrrrrrrrrrrr,5577.0
5580,5,rrrrrrrrrrrrrrrrrrrGGGGGG,5585.0
5585,6,rrrrrrrrrrrrrrrrrrrrrrrrr,5590.0
5590,0,gGGggrrrrrrrrrGGGggrrGGrG,5595.0
5595,1,gGGggrrrrrrrrrGGGggrrrrrr,5600.0
5600,2,yyyyyrrrrrrrrryyyyyrrrrrr,5603.0
5605,3,rrrrrggGggggggrrrrrrrrrrr,5608.0
5610,4,rrrrryyyyyyyyyrrrrrrrrrrr,5611.0
5615,5,rrrrrrrrrrrrrrrrrrrGGGGGG,5616.0
5620,6,rrrrrrrrrrrrrrrrrrrrrrrrr,5621.0
5625,0,gGGggrrrrrrrrrGGGggrrGGrG,5626.0
5630,1,gGGggrrrrrrrrrGGGggrrrrrr,5631.0
5635,3,rrrrrggGggggggrrrrrrrrrrr,5639.0
5640,4,rrrrryyyyyyyyyrrrrrrrrrrr,5642.0
5645,5,rrrrrrrrrrrrrrrrrrrGGGGGG,5647.0
5650,6,rrrrrrrrrrrrrrrrrrrrrrrrr,5652.0
5655,0,gGGggrrrrrrrrrGGGggrrGGrG,5657.0
5660,1,gGGggrrrrrrrrrGGGggrrrrrr,5662.0
5665,3,rrrrrggGggggggrrrrrrrrrrr,5670.0
5670,4,rrrrryyyyyyyyyrrrrrrrrrrr,5673.0
5675,5,rrrrrrrrrrrrrrrrrrrGGGGGG,5678.0
5680,6,rrrrrrrrrrrrrrrrrrrrrrrrr,5683.0
5685,0,gGGggrrrrrrrrrGGGggrrGGrG,5688.0
5690,1,gGGggrrrrrrrrrGGGggrrrrrr,5693.0
5695,2,yyyyyrrrrrrrrryyyyyrrrrrr,5696.0
5700,3,rrrrrggGggggggrrrrrrrrrrr,5701.0
5705,5,rrrrrrrrrrrrrrrrrrrGGGGGG,5709.0
5710,6,rrrrrrrrrrrrrrrrrrrrrrrrr,5714.0
5715,0,gGGggrrrrrrrrrGGGggrrGGrG,5719.0
5720,1,gGGggrrrrrrrrrGGGggrrrrrr,5724.0
5725,2,yyyyyrrrrrrrrryyyyyrrrrrr,5727.0
5730,3,rrrrrggGggggggrrrrrrrrrrr,5732.0
5735,5,rrrrrrrrrrrrrrrrrrrGGGGGG,5740.0
5740,6,rrrrrrrrrrrrrrrrrrrrrrrrr,5745.0
5745,0,gGGggrrrrrrrrrGGGggrrGGrG,5750.0
5750,1,gGGggrrrrrrrrrGGGggrrrrrr,5755.0
5755,2,yyyyyrrrrrrrrryyyyyrrrrrr,5758.0
5760,3,rrrrrggGggggggrrrrrrrrrrr,5763.0
5765,4,rrrrryyyyyyyyyrrrrrrrrrrr,5766.0
5770,5,rrrrrrrrrrrrrrrrrrrGGGGGG,5771.0
5775,6,rrrrrrrrrrrrrrrrrrrrrrrrr,5776.0
5780,0,gGGggrrrrrrrrrGGGggrrGGrG,5781.0
5785,1,gGGggrrrrrrrrrGGGggrrrrrr,5786.0
5790,3,rrrrrggGggggggrrrrrrrrrrr,5794.0
5795,4,rrrrryyyyyyyyyrrrrrrrrrrr,5797.0
5800,5,rrrrrrrrrrrrrrrrrrrGGGGGG,5802.0
5805,6,rrrrrrrrrrrrrrrrrrrrrrrrr,5807.0
5810,0,gGGggrrrrrrrrrGGGggrrGGrG,5812.0
5815,1,gGGggrrrrrrrrrGGGggrrrrrr,5817.0
5820,3,rrrrrggGggggggrrrrrrrrrrr,5825.0
5825,4,rrrrryyyyyyyyyrrrrrrrrrrr,5828.0
5830,5,rrrrrrrrrrrrrrrrrrrGGGGGG,5833.0
5835,6,rrrrrrrrrrrrrrrrrrrrrrrrr,5838.0
5840,0,gGGggrrrrrrrrrGGGggrrGGrG,5843.0
5845,1,gGGggrrrrrrrrrGGGggrrrrrr,5848.0
5850,2,yyyyyrrrrrrrrryyyyyrrrrrr,5851.0
5855,3,rrrrrggGggggggrrrrrrrrrrr,5856.0
5860,5,rrrrrrrrrrrrrrrrrrrGGGGGG,5864.0
5865,6,rrrrrrrrrrrrrrrrrrrrrrrrr,5869.0
5870,0,gGGggrrrrrrrrrGGGggrrGGrG,5874.0
5875,1,gGGggrrrrrrrrrGGGggrrrrrr,5879.0
5880,2,yyyyyrrrrrrrrryyyyyrrrrrr,5882.0
5885,3,rrrrrggGggggggrrrrrrrrrrr,5887.0
5890,5,rrrrrrrrrrrrrrrrrrrGGGGGG,5895.0
5895,6,rrrrrrrrrrrrrrrrrrrrrrrrr,5900.0
5900,0,gGGggrrrrrrrrrGGGggrrGGrG,5905.0
5905,1,gGGggrrrrrrrrrGGGggrrrrrr,5910.0
5910,2,yyyyyrrrrrrrrryyyyyrrrrrr,5913.0
5915,3,rrrrrggGggggggrrrrrrrrrrr,5918.0
5920,4,rrrrryyyyyyyyyrrrrrrrrrrr,5921.0
5925,5,rrrrrrrrrrrrrrrrrrrGGGGGG,5926.0
5930,6,rrrrrrrrrrrrrrrrrrrrrrrrr,5931.0
5935,0,gGGggrrrrrrrrrGGGggrrGGrG,5936.0
5940,1,gGGggrrrrrrrrrGGGggrrrrrr,5941.0
5945,3,rrrrrggGggggggrrrrrrrrrrr,5949.0
5950,4,rrrrryyyyyyyyyrrrrrrrrrrr,5952.0
5955,5,rrrrrrrrrrrrrrrrrrrGGGGGG,5957.0
5960,6,rrrrrrrrrrrrrrrrrrrrrrrrr,5962.0
5965,0,gGGggrrrrrrrrrGGGggrrGGrG,5967.0
5970,1,gGGggrrrrrrrrrGGGggrrrrrr,5972.0
5975,3,rrrrrggGggggggrrrrrrrrrrr,5980.0
5980,4,rrrrryyyyyyyyyrrrrrrrrrrr,5983.0
5985,5,rrrrrrrrrrrrrrrrrrrGGGGGG,5988.0
5990,6,rrrrrrrrrrrrrrrrrrrrrrrrr,5993.0
5995,0,gGGggrrrrrrrrrGGGggrrGGrG,5998.0
6000,1,gGGggrrrrrrrrrGGGggrrrrrr,6003.0
6005,2,yyyyyrrrrrrrrryyyyyrrrrrr,6006.0
6010,3,rrrrrggGggggggrrrrrrrrrrr,6011.0
6015,5,rrrrrrrrrrrrrrrrrrrGGGGGG,6019.0
6020,6,rrrrrrrrrrrrrrrrrrrrrrrrr,6024.0
6025,0,gGGggrrrrrrrrrGGGggrrGGrG,6029.0
6030,1,gGGggrrrrrrrrrGGGggrrrrrr,6034.0
6035,2,yyyyyrrrrrrrrryyyyyrrrrrr,6037.0
6040,3,rrrrrggGggggggrrrrrrrrrrr,6042.0
6045,5,rrrrrrrrrrrrrrrrrrrGGGGGG,6050.0
6050,6,rrrrrrrrrrrrrrrrrrrrrrrrr,6055.0
6055,0,gGGggrrrrrrrrrGGGggrrGGrG,6060.0
6060,1,gGGggrrrrrrrrrGGGggrrrrrr,6065.0
6065,2,yyyyyrrrrrrrrryyyyyrrrrrr,6068.0
6070,3,rrrrrggGggggggrrrrrrrrrrr,6073.0
6075,4,rrrrryyyyyyyyyrrrrrrrrrrr,6076.0
6080,5,rrrrrrrrrrrrrrrrrrrGGGGGG,6081.0
6085,6,rrrrrrrrrrrrrrrrrrrrrrrrr,6086.0
6090,0,gGGggrrrrrrrrrGGGggrrGGrG,6091.0
6095,1,gGGggrrrrrrrrrGGGggrrrrrr,6096.0
6100,3,rrrrrggGggggggrrrrrrrrrrr,6104.0
6105,4,rrrrryyyyyyyyyrrrrrrrrrrr,6107.0
6110,5,rrrrrrrrrrrrrrrrrrrGGGGGG,6112.0
6115,6,rrrrrrrrrrrrrrrrrrrrrrrrr,6117.0
6120,0,gGGggrrrrrrrrrGGGggrrGGrG,6122.0
6125,1,gGGggrrrrrrrrrGGGggrrrrrr,6127.0
6130,3,rrrrrggGggggggrrrrrrrrrrr,6135.0
6135,4,rrrrryyyyyyyyyrrrrrrrrrrr,6138.0
6140,5,rrrrrrrrrrrrrrrrrrrGGGGGG,6143.0
6145,6,rrrrrrrrrrrrrrrrrrrrrrrrr,6148.0
6150,0,gGGggrrrrrrrrrGGGggrrGGrG,6153.0
6155,1,gGGggrrrrrrrrrGGGggrrrrrr,6158.0
6160,2,yyyyyrrrrrrrrryyyyyrrrrrr,6161.0
6165,3,rrrrrggGggggggrrrrrrrrrrr,6166.0
6170,5,rrrrrrrrrrrrrrrrrrrGGGGGG,6174.0
6175,6,rrrrrrrrrrrrrrrrrrrrrrrrr,6179.0
6180,0,gGGggrrrrrrrrrGGGggrrGGrG,6184.0
6185,1,gGGggrrrrrrrrrGGGggrrrrrr,6189.0
6190,2,yyyyyrrrrrrrrryyyyyrrrrrr,6192.0
6195,3,rrrrrggGggggggrrrrrrrrrrr,6197.0
6200,5,rrrrrrrrrrrrrrrrrrrGGGGGG,6205.0
6205,6,rrrrrrrrrrrrrrrrrrrrrrrrr,6210.0
6210,0,gGGggrrrrrrrrrGGGggrrGGrG,6215.0
6215,1,gGGggrrrrrrrrrGGGggrrrrrr,6220.0
6220,2,yyyyyrrrrrrrrryyyyyrrrrrr,6223.0
6225,3,rrrrrggGggggggrrrrrrrrrrr,6228.0
6230,4,rrrrryyyyyyyyyrrrrrrrrrrr,6231.0
6235,5,rrrrrrrrrrrrrrrrrrrGGGGGG,6236.0
6240,6,rrrrrrrrrrrrrrrrrrrrrrrrr,6241.0
6245,0,gGGggrrrrrrrrrGGGggrrGGrG,6246.0
6250,1,gGGggrrrrrrrrrGGGggrrrrrr,6251.0
6255,3,rrrrrggGggggggrrrrrrrrrrr,6259.0
6260,4,rrrrryyyyyyyyyrrrrrrrrrrr,6262.0
6265,5,rrrrrrrrrrrrrrrrrrrGGGGGG,6267.0
6270,6,rrrrrrrrrrrrrrrrrrrrrrrrr,6272.0
6275,0,gGGggrrrrrrrrrGGGggrrGGrG,6277.0
6280,1,gGGggrrrrrrrrrGGGggrrrrrr,6282.0
6285,3,rrrrrggGggggggrrrrrrrrrrr,6290.0
6290,4,rrrrryyyyyyyyyrrrrrrrrrrr,6293.0
6295,5,rrrrrrrrrrrrrrrrrrrGGGGGG,6298.0
6300,6,rrrrrrrrrrrrrrrrrrrrrrrrr,6303.0
6305,0,gGGggrrrrrrrrrGGGggrrGGrG,6308.0
6310,1,gGGggrrrrrrrrrGGGggrrrrrr,6313.0
6315,2,yyyyyrrrrrrrrryyyyyrrrrrr,6316.0
6320,3,rrrrrggGggggggrrrrrrrrrrr,6321.0
6325,5,rrrrrrrrrrrrrrrrrrrGGGGGG,6329.0
6330,6,rrrrrrrrrrrrrrrrrrrrrrrrr,6334.0
6335,0,gGGggrrrrrrrrrGGGggrrGGrG,6339.0
6340,1,gGGggrrrrrrrrrGGGggrrrrrr,6344.0
6345,2,yyyyyrrrrrrrrryyyyyrrrrrr,6347.0
6350,3,rrrrrggGggggggrrrrrrrrrrr,6352.0
6355,5,rrrrrrrrrrrrrrrrrrrGGGGGG,6360.0
6360,6,rrrrrrrrrrrrrrrrrrrrrrrrr,6365.0
6365,0,gGGggrrrrrrrrrGGGggrrGGrG,6370.0
6370,1,gGGggrrrrrrrrrGGGggrrrrrr,6375.0
6375,2,yyyyyrrrrrrrrryyyyyrrrrrr,6378.0
6380,3,rrrrrggGggggggrrrrrrrrrrr,6383.0
6385,4,rrrrryyyyyyyyyrrrrrrrrrrr,6386.0
6390,5,rrrrrrrrrrrrrrrrrrrGGGGGG,6391.0
6395,6,rrrrrrrrrrrrrrrrrrrrrrrrr,6396.0
6400,0,gGGggrrrrrrrrrGGGggrrGGrG,6401.0
6405,1,gGGggrrrrrrrrrGGGggrrrrrr,6406.0
6410,3,rrrrrggGggggggrrrrrrrrrrr,6414.0
6415,4,rrrrryyyyyyyyyrrrrrrrrrrr,6417.0
6420,5,rrrrrrrrrrrrrrrrrrrGGGGGG,6422.0
6425,6,rrrrrrrrrrrrrrrrrrrrrrrrr,6427.0
6430,0,gGGggrrrrrrrrrGGGggrrGGrG,6432.0
6435,1,gGGggrrrrrrrrrGGGggrrrrrr,6437.0
6440,3,rrrrrggGggggggrrrrrrrrrrr,6445.0
6445,4,rrrrryyyyyyyyyrrrrrrrrrrr,6448.0
6450,5,rrrrrrrrrrrrrrrrrrrGGGGGG,6453.0
6455,6,rrrrrrrrrrrrrrrrrrrrrrrrr,6458.0
6460,0,gGGggrrrrrrrrrGGGggrrGGrG,6463.0
6465,1,gGGggrrrrrrrrrGGGggrrrrrr,6468.0
6470,2,yyyyyrrrrrrrrryyyyyrrrrrr,6471.0
6475,3,rrrrrggGggggggrrrrrrrrrrr,6476.0
6480,5,rrrrrrrrrrrrrrrrrrrGGGGGG,6484.0
6485,6,rrrrrrrrrrrrrrrrrrrrrrrrr,6489.0
6490,0,gGGggrrrrrrrrrGGGggrrGGrG,6494.0
6495,1,gGGggrrrrrrrrrGGGggrrrrrr,6499.0
6500,2,yyyyyrrrrrrrrryyyyyrrrrrr,6502.0
6505,3,rrrrrggGggggggrrrrrrrrrrr,6507.0
6510,5,rrrrrrrrrrrrrrrrrrrGGGGGG,6515.0
6515,6,rrrrrrrrrrrrrrrrrrrrrrrrr,6520.0
6520,0,gGGggrrrrrrrrrGGGggrrGGrG,6525.0
6525,1,gGGggrrrrrrrrrGGGggrrrrrr,6530.0
6530,2,yyyyyrrrrrrrrryyyyyrrrrrr,6533.0
6535,3,rrrrrggGggggggrrrrrrrrrrr,6538.0
6540,4,rrrrryyyyyyyyyrrrrrrrrrrr,6541.0
6545,5,rrrrrrrrrrrrrrrrrrrGGGGGG,6546.0
6550,6,rrrrrrrrrrrrrrrrrrrrrrrrr,6551.0
6555,0,gGGggrrrrrrrrrGGGggrrGGrG,6556.0
6560,1,gGGggrrrrrrrrrGGGggrrrrrr,6561.0
6565,3,rrrrrggGggggggrrrrrrrrrrr,6569.0
6570,4,rrrrryyyyyyyyyrrrrrrrrrrr,6572.0
6575,5,rrrrrrrrrrrrrrrrrrrGGGGGG,6577.0
6580,6,rrrrrrrrrrrrrrrrrrrrrrrrr,6582.0
6585,0,gGGggrrrrrrrrrGGGggrrGGrG,6587.0
6590,1,gGGggrrrrrrrrrGGGggrrrrrr,6592.0
6595,3,rrrrrggGggggggrrrrrrrrrrr,6600.0
6600,4,rrrrryyyyyyyyyrrrrrrrrrrr,6603.0
6605,5,rrrrrrrrrrrrrrrrrrrGGGGGG,6608.0
6610,6,rrrrrrrrrrrrrrrrrrrrrrrrr,6613.0
6615,0,gGGggrrrrrrrrrGGGggrrGGrG,6618.0
6620,1,gGGggrrrrrrrrrGGGggrrrrrr,6623.0
6625,2,yyyyyrrrrrrrrryyyyyrrrrrr,6626.0
6630,3,rrrrrggGggggggrrrrrrrrrrr,6631.0
6635,5,rrrrrrrrrrrrrrrrrrrGGGGGG,6639.0
6640,6,rrrrrrrrrrrrrrrrrrrrrrrrr,6644.0
6645,0,gGGggrrrrrrrrrGGGggrrGGrG,6649.0
6650,1,gGGggrrrrrrrrrGGGggrrrrrr,6654.0
6655,2,yyyyyrrrrrrrrryyyyyrrrrrr,6657.0
6660,3,rrrrrggGggggggrrrrrrrrrrr,6662.0
6665,5,rrrrrrrrrrrrrrrrrrrGGGGGG,6670.0
6670,6,rrrrrrrrrrrrrrrrrrrrrrrrr,6675.0
6675,0,gGGggrrrrrrrrrGGGggrrGGrG,6680.0
6680,1,gGGggrrrrrrrrrGGGggrrrrrr,6685.0
6685,2,yyyyyrrrrrrrrryyyyyrrrrrr,6688.0
6690,3,rrrrrggGggggggrrrrrrrrrrr,6693.0
6695,4,rrrrryyyyyyyyyrrrrrrrrrrr,6696.0
6700,5,rrrrrrrrrrrrrrrrrrrGGGGGG,6701.0
6705,6,rrrrrrrrrrrrrrrrrrrrrrrrr,6706.0
6710,0,gGGggrrrrrrrrrGGGggrrGGrG,6711.0
6715,1,gGGggrrrrrrrrrGGGggrrrrrr,6716.0
6720,3,rrrrrggGggggggrrrrrrrrrrr,6724.0
6725,4,rrrrryyyyyyyyyrrrrrrrrrrr,6727.0
6730,5,rrrrrrrrrrrrrrrrrrrGGGGGG,6732.0
6735,6,rrrrrrrrrrrrrrrrrrrrrrrrr,6737.0
6740,0,gGGggrrrrrrrrrGGGggrrGGrG,6742.0
6745,1,gGGggrrrrrrrrrGGGggrrrrrr,6747.0
6750,3,rrrrrggGggggggrrrrrrrrrrr,6755.0
6755,4,rrrrryyyyyyyyyrrrrrrrrrrr,6758.0
6760,5,rrrrrrrrrrrrrrrrrrrGGGGGG,6763.0
6765,6,rrrrrrrrrrrrrrrrrrrrrrrrr,6768.0
6770,0,gGGggrrrrrrrrrGGGggrrGGrG,6773.0
6775,1,gGGggrrrrrrrrrGGGggrrrrrr,6778.0
6780,2,yyyyyrrrrrrrrryyyyyrrrrrr,6781.0
6785,3,rrrrrggGggggggrrrrrrrrrrr,6786.0
6790,5,rrrrrrrrrrrrrrrrrrrGGGGGG,6794.0
6795,6,rrrrrrrrrrrrrrrrrrrrrrrrr,6799.0
6800,0,gGGggrrrrrrrrrGGGggrrGGrG,6804.0
6805,1,gGGggrrrrrrrrrGGGggrrrrrr,6809.0
6810,2,yyyyyrrrrrrrrryyyyyrrrrrr,6812.0
6815,3,rrrrrggGggggggrrrrrrrrrrr,6817.0
6820,5,rrrrrrrrrrrrrrrrrrrGGGGGG,6825.0
6825,6,rrrrrrrrrrrrrrrrrrrrrrrrr,6830.0
6830,0,gGGggrrrrrrrrrGGGggrrGGrG,6835.0
6835,1,gGGggrrrrrrrrrGGGggrrrrrr,6840.0
6840,2,yyyyyrrrrrrrrryyyyyrrrrrr,6843.0
6845,3,rrrrrggGggggggrrrrrrrrrrr,6848.0
6850,4,rrrrryyyyyyyyyrrrrrrrrrrr,6851.0
6855,5,rrrrrrrrrrrrrrrrrrrGGGGGG,6856.0
6860,6,rrrrrrrrrrrrrrrrrrrrrrrrr,6861.0
6865,0,gGGggrrrrrrrrrGGGggrrGGrG,6866.0
6870,1,gGGggrrrrrrrrrGGGggrrrrrr,6871.0
6875,3,rrrrrggGggggggrrrrrrrrrrr,6879.0
6880,4,rrrrryyyyyyyyyrrrrrrrrrrr,6882.0
6885,5,rrrrrrrrrrrrrrrrrrrGGGGGG,6887.0
6890,6,rrrrrrrrrrrrrrrrrrrrrrrrr,6892.0
6895,0,gGGggrrrrrrrrrGGGggrrGGrG,6897.0
6900,1,gGGggrrrrrrrrrGGGggrrrrrr,6902.0
6905,3,rrrrrggGggggggrrrrrrrrrrr,6910.0
6910,4,rrrrryyyyyyyyyrrrrrrrrrrr,6913.0
6915,5,rrrrrrrrrrrrrrrrrrrGGGGGG,6918.0
6920,6,rrrrrrrrrrrrrrrrrrrrrrrrr,6923.0
6925,0,gGGggrrrrrrrrrGGGggrrGGrG,6928.0
6930,1,gGGggrrrrrrrrrGGGggrrrrrr,6933.0
6935,2,yyyyyrrrrrrrrryyyyyrrrrrr,6936.0
6940,3,rrrrrggGggggggrrrrrrrrrrr,6941.0
6945,5,rrrrrrrrrrrrrrrrrrrGGGGGG,6949.0
6950,6,rrrrrrrrrrrrrrrrrrrrrrrrr,6954.0
6955,0,gGGggrrrrrrrrrGGGggrrGGrG,6959.0
6960,1,gGGggrrrrrrrrrGGGggrrrrrr,6964.0
6965,2,yyyyyrrrrrrrrryyyyyrrrrrr,6967.0
6970,3,rrrrrggGggggggrrrrrrrrrrr,6972.0
6975,5,rrrrrrrrrrrrrrrrrrrGGGGGG,6980.0
6980,6,rrrrrrrrrrrrrrrrrrrrrrrrr,6985.0
6985,0,gGGggrrrrrrrrrGGGggrrGGrG,6990.0
6990,1,gGGggrrrrrrrrrGGGggrrrrrr,6995.0
6995,2,yyyyyrrrrrrrrryyyyyrrrrrr,6998.0
7000,3,rrrrrggGggggggrrrrrrrrrrr,7003.0
7005,4,rrrrryyyyyyyyyrrrrrrrrrrr,7006.0
7010,5,rrrrrrrrrrrrrrrrrrrGGGGGG,7011.0
7015,6,rrrrrrrrrrrrrrrrrrrrrrrrr,7016.0
7020,0,gGGggrrrrrrrrrGGGggrrGGrG,7021.0
7025,1,gGGggrrrrrrrrrGGGggrrrrrr,7026.0
7030,3,rrrrrggGggggggrrrrrrrrrrr,7034.0
7035,4,rrrrryyyyyyyyyrrrrrrrrrrr,7037.0
7040,5,rrrrrrrrrrrrrrrrrrrGGGGGG,7042.0
7045,6,rrrrrrrrrrrrrrrrrrrrrrrrr,7047.0
7050,0,gGGggrrrrrrrrrGGGggrrGGrG,7052.0
7055,1,gGGggrrrrrrrrrGGGggrrrrrr,7057.0
7060,3,rrrrrggGggggggrrrrrrrrrrr,7065.0
7065,4,rrrrryyyyyyyyyrrrrrrrrrrr,7068.0
7070,5,rrrrrrrrrrrrrrrrrrrGGGGGG,7073.0
7075,6,rrrrrrrrrrrrrrrrrrrrrrrrr,7078.0
7080,0,gGGggrrrrrrrrrGGGggrrGGrG,7083.0
7085,1,gGGggrrrrrrrrrGGGggrrrrrr,7088.0
7090,2,yyyyyrrrrrrrrryyyyyrrrrrr,7091.0
7095,3,rrrrrggGggggggrrrrrrrrrrr,7096.0
7100,5,rrrrrrrrrrrrrrrrrrrGGGGGG,7104.0
7105,6,rrrrrrrrrrrrrrrrrrrrrrrrr,7109.0
7110,0,gGGggrrrrrrrrrGGGggrrGGrG,7114.0
7115,1,gGGggrrrrrrrrrGGGggrrrrrr,7119.0
7120,2,yyyyyrrrrrrrrryyyyyrrrrrr,7122.0
7125,3,rrrrrggGggggggrrrrrrrrrrr,7127.0
7130,5,rrrrrrrrrrrrrrrrrrrGGGGGG,7135.0
7135,6,rrrrrrrrrrrrrrrrrrrrrrrrr,7140.0
7140,0,gGGggrrrrrrrrrGGGggrrGGrG,7145.0
7145,1,gGGggrrrrrrrrrGGGggrrrrrr,7150.0
7150,2,yyyyyrrrrrrrrryyyyyrrrrrr,7153.0
7155,3,rrrrrggGggggggrrrrrrrrrrr,7158.0
7160,4,rrrrryyyyyyyyyrrrrrrrrrrr,7161.0
7165,5,rrrrrrrrrrrrrrrrrrrGGGGGG,7166.0
7170,6,rrrrrrrrrrrrrrrrrrrrrrrrr,7171.0
7175,0,gGGggrrrrrrrrrGGGggrrGGrG,7176.0
7180,1,gGGggrrrrrrrrrGGGggrrrrrr,7181.0
7185,3,rrrrrggGggggggrrrrrrrrrrr,7189.0
7190,4,rrrrryyyyyyyyyrrrrrrrrrrr,7192.0
7195,5,rrrrrrrrrrrrrrrrrrrGGGGGG,7197.0
7200,6,rrrrrrrrrrrrrrrrrrrrrrrrr,7202.0
7205,0,gGGggrrrrrrrrrGGGggrrGGrG,7207.0
7210,1,gGGggrrrrrrrrrGGGggrrrrrr,7212.0
7215,3,rrrrrggGggggggrrrrrrrrrrr,7220.0
7220,4,rrrrryyyyyyyyyrrrrrrrrrrr,7223.0
7225,5,rrrrrrrrrrrrrrrrrrrGGGGGG,7228.0
7230,6,rrrrrrrrrrrrrrrrrrrrrrrrr,7233.0
7235,0,gGGggrrrrrrrrrGGGggrrGGrG,7238.0
7240,1,gGGggrrrrrrrrrGGGggrrrrrr,7243.0
7245,2,yyyyyrrrrrrrrryyyyyrrrrrr,7246.0
7250,3,rrrrrggGggggggrrrrrrrrrrr,7251.0
7255,5,rrrrrrrrrrrrrrrrrrrGGGGGG,7259.0
7260,6,rrrrrrrrrrrrrrrrrrrrrrrrr,7264.0
7265,0,gGGggrrrrrrrrrGGGggrrGGrG,7269.0
7270,1,gGGggrrrrrrrrrGGGggrrrrrr,7274.0
7275,2,yyyyyrrrrrrrrryyyyyrrrrrr,7277.0
7280,3,rrrrrggGggggggrrrrrrrrrrr,7282.0
7285,5,rrrrrrrrrrrrrrrrrrrGGGGGG,7290.0
7290,6,rrrrrrrrrrrrrrrrrrrrrrrrr,7295.0
7295,0,gGGggrrrrrrrrrGGGggrrGGrG,7300.0
7300,1,gGGggrrrrrrrrrGGGggrrrrrr,7305.0
7305,2,yyyyyrrrrrrrrryyyyyrrrrrr,7308.0
7310,3,rrrrrggGggggggrrrrrrrrrrr,7313.0
7315,4,rrrrryyyyyyyyyrrrrrrrrrrr,7316.0
7320,5,rrrrrrrrrrrrrrrrrrrGGGGGG,7321.0
7325,6,rrrrrrrrrrrrrrrrrrrrrrrrr,7326.0
7330,0,gGGggrrrrrrrrrGGGggrrGGrG,7331.0
7335,1,gGGggrrrrrrrrrGGGggrrrrrr,7336.0
7340,3,rrrrrggGggggggrrrrrrrrrrr,7344.0
7345,4,rrrrryyyyyyyyyrrrrrrrrrrr,7347.0
7350,5,rrrrrrrrrrrrrrrrrrrGGGGGG,7352.0
7355,6,rrrrrrrrrrrrrrrrrrrrrrrrr,7357.0
7360,0,gGGggrrrrrrrrrGGGggrrGGrG,7362.0
7365,1,gGGggrrrrrrrrrGGGggrrrrrr,7367.0
7370,3,rrrrrggGggggggrrrrrrrrrrr,7375.0
7375,4,rrrrryyyyyyyyyrrrrrrrrrrr,7378.0
7380,5,rrrrrrrrrrrrrrrrrrrGGGGGG,7383.0
7385,6,rrrrrrrrrrrrrrrrrrrrrrrrr,7388.0
7390,0,gGGggrrrrrrrrrGGGggrrGGrG,7393.0
7395,1,gGGggrrrrrrrrrGGGggrrrrrr,7398.0
7400,2,yyyyyrrrrrrrrryyyyyrrrrrr,7401.0
7405,3,rrrrrggGggggggrrrrrrrrrrr,7406.0
7410,5,rrrrrrrrrrrrrrrrrrrGGGGGG,7414.0
7415,6,rrrrrrrrrrrrrrrrrrrrrrrrr,7419.0
7420,0,gGGggrrrrrrrrrGGGggrrGGrG,7424.0
7425,1,gGGggrrrrrrrrrGGGggrrrrrr,7429.0
7430,2,yyyyyrrrrrrrrryyyyyrrrrrr,7432.0
7435,3,rrrrrggGggggggrrrrrrrrrrr,7437.0
7440,5,rrrrrrrrrrrrrrrrrrrGGGGGG,7445.0
7445,6,rrrrrrrrrrrrrrrrrrrrrrrrr,7450.0
7450,0,gGGggrrrrrrrrrGGGggrrGGrG,7455.0
7455,1,gGGggrrrrrrrrrGGGggrrrrrr,7460.0
7460,2,yyyyyrrrrrrrrryyyyyrrrrrr,7463.0
7465,3,rrrrrggGggggggrrrrrrrrrrr,7468.0
7470,4,rrrrryyyyyyyyyrrrrrrrrrrr,7471.0
7475,5,rrrrrrrrrrrrrrrrrrrGGGGGG,7476.0
7480,6,rrrrrrrrrrrrrrrrrrrrrrrrr,7481.0
7485,0,gGGggrrrrrrrrrGGGggrrGGrG,7486.0
7490,1,gGGggrrrrrrrrrGGGggrrrrrr,7491.0
7495,3,rrrrrggGggggggrrrrrrrrrrr,7499.0
7500,4,rrrrryyyyyyyyyrrrrrrrrrrr,7502.0
7505,5,rrrrrrrrrrrrrrrrrrrGGGGGG,7507.0
7510,6,rrrrrrrrrrrrrrrrrrrrrrrrr,7512.0
7515,0,gGGggrrrrrrrrrGGGggrrGGrG,7517.0
7520,1,gGGggrrrrrrrrrGGGggrrrrrr,7522.0
7525,3,rrrrrggGggggggrrrrrrrrrrr,7530.0
7530,4,rrrrryyyyyyyyyrrrrrrrrrrr,7533.0
7535,5,rrrrrrrrrrrrrrrrrrrGGGGGG,7538.0
7540,6,rrrrrrrrrrrrrrrrrrrrrrrrr,7543.0
7545,0,gGGggrrrrrrrrrGGGggrrGGrG,7548.0
7550,1,gGGggrrrrrrrrrGGGggrrrrrr,7553.0
7555,2,yyyyyrrrrrrrrryyyyyrrrrrr,7556.0
7560,3,rrrrrggGggggggrrrrrrrrrrr,7561.0
7565,5,rrrrrrrrrrrrrrrrrrrGGGGGG,7569.0
7570,6,rrrrrrrrrrrrrrrrrrrrrrrrr,7574.0
7575,0,gGGggrrrrrrrrrGGGggrrGGrG,7579.0
7580,1,gGGggrrrrrrrrrGGGggrrrrrr,7584.0
7585,2,yyyyyrrrrrrrrryyyyyrrrrrr,7587.0
7590,3,rrrrrggGggggggrrrrrrrrrrr,7592.0
7595,5,rrrrrrrrrrrrrrrrrrrGGGGGG,7600.0
7600,6,rrrrrrrrrrrrrrrrrrrrrrrrr,7605.0
7605,0,gGGggrrrrrrrrrGGGggrrGGrG,7610.0
7610,1,gGGggrrrrrrrrrGGGggrrrrrr,7615.0
7615,2,yyyyyrrrrrrrrryyyyyrrrrrr,7618.0
7620,3,rrrrrggGggggggrrrrrrrrrrr,7623.0
7625,4,rrrrryyyyyyyyyrrrrrrrrrrr,7626.0
7630,5,rrrrrrrrrrrrrrrrrrrGGGGGG,7631.0
7635,6,rrrrrrrrrrrrrrrrrrrrrrrrr,7636.0
7640,0,gGGggrrrrrrrrrGGGggrrGGrG,7641.0
7645,1,gGGggrrrrrrrrrGGGggrrrrrr,7646.0
7650,3,rrrrrggGggggggrrrrrrrrrrr,7654.0
7655,4,rrrrryyyyyyyyyrrrrrrrrrrr,7657.0
7660,5,rrrrrrrrrrrrrrrrrrrGGGGGG,7662.0
7665,6,rrrrrrrrrrrrrrrrrrrrrrrrr,7667.0
7670,0,gGGggrrrrrrrrrGGGggrrGGrG,7672.0
7675,1,gGGggrrrrrrrrrGGGggrrrrrr,7677.0
7680,3,rrrrrggGggggggrrrrrrrrrrr,7685.0
7685,4,rrrrryyyyyyyyyrrrrrrrrrrr,7688.0
7690,5,rrrrrrrrrrrrrrrrrrrGGGGGG,7693.0
7695,6,rrrrrrrrrrrrrrrrrrrrrrrrr,7698.0
7700,0,gGGggrrrrrrrrrGGGggrrGGrG,7703.0
7705,1,gGGggrrrrrrrrrGGGggrrrrrr,7708.0
7710,2,yyyyyrrrrrrrrryyyyyrrrrrr,7711.0
7715,3,rrrrrggGggggggrrrrrrrrrrr,7716.0
7720,5,rrrrrrrrrrrrrrrrrrrGGGGGG,7724.0
7725,6,rrrrrrrrrrrrrrrrrrrrrrrrr,7729.0
7730,0,gGGggrrrrrrrrrGGGggrrGGrG,7734.0
7735,1,gGGggrrrrrrrrrGGGggrrrrrr,7739.0
7740,2,yyyyyrrrrrrrrryyyyyrrrrrr,7742.0
7745,3,rrrrrggGggggggrrrrrrrrrrr,7747.0
7750,5,rrrrrrrrrrrrrrrrrrrGGGGGG,7755.0
7755,6,rrrrrrrrrrrrrrrrrrrrrrrrr,7760.0
7760,0,gGGggrrrrrrrrrGGGggrrGGrG,7765.0
7765,1,gGGggrrrrrrrrrGGGggrrrrrr,7770.0
7770,2,yyyyyrrrrrrrrryyyyyrrrrrr,7773.0
7775,3,rrrrrggGggggggrrrrrrrrrrr,7778.0
7780,4,rrrrryyyyyyyyyrrrrrrrrrrr,7781.0
7785,5,rrrrrrrrrrrrrrrrrrrGGGGGG,7786.0
7790,6,rrrrrrrrrrrrrrrrrrrrrrrrr,7791.0
7795,0,gGGggrrrrrrrrrGGGggrrGGrG,7796.0
7800,1,gGGggrrrrrrrrrGGGggrrrrrr,7801.0
7805,3,rrrrrggGggggggrrrrrrrrrrr,7809.0
7810,4,rrrrryyyyyyyyyrrrrrrrrrrr,7812.0
7815,5,rrrrrrrrrrrrrrrrrrrGGGGGG,7817.0
7820,6,rrrrrrrrrrrrrrrrrrrrrrrrr,7822.0
7825,0,gGGggrrrrrrrrrGGGggrrGGrG,7827.0
7830,1,gGGggrrrrrrrrrGGGggrrrrrr,7832.0
7835,3,rrrrrggGggggggrrrrrrrrrrr,7840.0
7840,4,rrrrryyyyyyyyyrrrrrrrrrrr,7843.0
7845,5,rrrrrrrrrrrrrrrrrrrGGGGGG,7848.0
7850,6,rrrrrrrrrrrrrrrrrrrrrrrrr,7853.0
7855,0,gGGggrrrrrrrrrGGGggrrGGrG,7858.0
7860,1,gGGggrrrrrrrrrGGGggrrrrrr,7863.0
7865,2,yyyyyrrrrrrrrryyyyyrrrrrr,7866.0
7870,3,rrrrrggGggggggrrrrrrrrrrr,7871.0
7875,5,rrrrrrrrrrrrrrrrrrrGGGGGG,7879.0
7880,6,rrrrrrrrrrrrrrrrrrrrrrrrr,7884.0
7885,0,gGGggrrrrrrrrrGGGggrrGGrG,7889.0
7890,1,gGGggrrrrrrrrrGGGggrrrrrr,7894.0
7895,2,yyyyyrrrrrrrrryyyyyrrrrrr,7897.0
7900,3,rrrrrggGggggggrrrrrrrrrrr,7902.0
7905,5,rrrrrrrrrrrrrrrrrrrGGGGGG,7910.0
7910,6,rrrrrrrrrrrrrrrrrrrrrrrrr,7915.0
7915,0,gGGggrrrrrrrrrGGGggrrGGrG,7920.0
7920,1,gGGggrrrrrrrrrGGGggrrrrrr,7925.0
7925,2,yyyyyrrrrrrrrryyyyyrrrrrr,7928.0
7930,3,rrrrrggGggggggrrrrrrrrrrr,7933.0
7935,4,rrrrryyyyyyyyyrrrrrrrrrrr,7936.0
7940,5,rrrrrrrrrrrrrrrrrrrGGGGGG,7941.0
7945,6,rrrrrrrrrrrrrrrrrrrrrrrrr,7946.0
7950,0,gGGggrrrrrrrrrGGGggrrGGrG,7951.0
7955,1,gGGggrrrrrrrrrGGGggrrrrrr,7956.0
7960,3,rrrrrggGggggggrrrrrrrrrrr,7964.0
7965,4,rrrrryyyyyyyyyrrrrrrrrrrr,7967.0
7970,5,rrrrrrrrrrrrrrrrrrrGGGGGG,7972.0
7975,6,rrrrrrrrrrrrrrrrrrrrrrrrr,7977.0
7980,0,gGGggrrrrrrrrrGGGggrrGGrG,7982.0
7985,1,gGGggrrrrrrrrrGGGggrrrrrr,7987.0
7990,3,rrrrrggGggggggrrrrrrrrrrr,7995.0
7995,4,rrrrryyyyyyyyyrrrrrrrrrrr,7998.0
8000,5,rrrrrrrrrrrrrrrrrrrGGGGGG,8003.0
8005,6,rrrrrrrrrrrrrrrrrrrrrrrrr,8008.0
8010,0,gGGggrrrrrrrrrGGGggrrGGrG,8013.0
8015,1,gGGggrrrrrrrrrGGGggrrrrrr,8018.0
8020,2,yyyyyrrrrrrrrryyyyyrrrrrr,8021.0
8025,3,rrrrrggGggggggrrrrrrrrrrr,8026.0
8030,5,rrrrrrrrrrrrrrrrrrrGGGGGG,8034.0
8035,6,rrrrrrrrrrrrrrrrrrrrrrrrr,8039.0
8040,0,gGGggrrrrrrrrrGGGggrrGGrG,8044.0
8045,1,gGGggrrrrrrrrrGGGggrrrrrr,8049.0
8050,2,yyyyyrrrrrrrrryyyyyrrrrrr,8052.0
8055,3,rrrrrggGggggggrrrrrrrrrrr,8057.0
8060,5,rrrrrrrrrrrrrrrrrrrGGGGGG,8065.0
8065,6,rrrrrrrrrrrrrrrrrrrrrrrrr,8070.0
8070,0,gGGggrrrrrrrrrGGGggrrGGrG,8075.0
8075,1,gGGggrrrrrrrrrGGGggrrrrrr,8080.0
8080,2,yyyyyrrrrrrrrryyyyyrrrrrr,8083.0
8085,3,rrrrrggGggggggrrrrrrrrrrr,8088.0
8090,4,rrrrryyyyyyyyyrrrrrrrrrrr,8091.0
8095,5,rrrrrrrrrrrrrrrrrrrGGGGGG,8096.0
8100,6,rrrrrrrrrrrrrrrrrrrrrrrrr,8101.0
8105,0,gGGggrrrrrrrrrGGGggrrGGrG,8106.0
8110,1,gGGggrrrrrrrrrGGGggrrrrrr,8111.0
8115,3,rrrrrggGggggggrrrrrrrrrrr,8119.0
8120,4,rrrrryyyyyyyyyrrrrrrrrrrr,8122.0
8125,5,rrrrrrrrrrrrrrrrrrrGGGGGG,8127.0
8130,6,rrrrrrrrrrrrrrrrrrrrrrrrr,8132.0
8135,0,gGGggrrrrrrrrrGGGggrrGGrG,8137.0
8140,1,gGGggrrrrrrrrrGGGggrrrrrr,8142.0
8145,3,rrrrrggGggggggrrrrrrrrrrr,8150.0
8150,4,rrrrryyyyyyyyyrrrrrrrrrrr,8153.0
8155,5,rrrrrrrrrrrrrrrrrrrGGGGGG,8158.0
8160,6,rrrrrrrrrrrrrrrrrrrrrrrrr,8163.0
8165,0,gGGggrrrrrrrrrGGGggrrGGrG,8168.0
8170,1,gGGggrrrrrrrrrGGGggrrrrrr,8173.0
8175,2,yyyyyrrrrrrrrryyyyyrrrrrr,8176.0
8180,3,rrrrrggGggggggrrrrrrrrrrr,8181.0
8185,5,rrrrrrrrrrrrrrrrrrrGGGGGG,8189.0
8190,6,rrrrrrrrrrrrrrrrrrrrrrrrr,8194.0
8195,0,gGGggrrrrrrrrrGGGggrrGGrG,8199.0
8200,1,gGGggrrrrrrrrrGGGggrrrrrr,8204.0
8205,2,yyyyyrrrrrrrrryyyyyrrrrrr,8207.0
8210,3,rrrrrggGggggggrrrrrrrrrrr,8212.0
8215,5,rrrrrrrrrrrrrrrrrrrGGGGGG,8220.0
8220,6,rrrrrrrrrrrrrrrrrrrrrrrrr,8225.0
8225,0,gGGggrrrrrrrrrGGGggrrGGrG,8230.0
8230,1,gGGggrrrrrrrrrGGGggrrrrrr,8235.0
8235,2,yyyyyrrrrrrrrryyyyyrrrrrr,8238.0
8240,3,rrrrrggGggggggrrrrrrrrrrr,8243.0
8245,4,rrrrryyyyyyyyyrrrrrrrrrrr,8246.0
8250,5,rrrrrrrrrrrrrrrrrrrGGGGGG,8251.0
8255,6,rrrrrrrrrrrrrrrrrrrrrrrrr,8256.0
8260,0,gGGggrrrrrrrrrGGGggrrGGrG,8261.0
8265,1,gGGggrrrrrrrrrGGGggrrrrrr,8266.0
8270,3,rrrrrggGggggggrrrrrrrrrrr,8274.0
8275,4,rrrrryyyyyyyyyrrrrrrrrrrr,8277.0
8280,5,rrrrrrrrrrrrrrrrrrrGGGGGG,8282.0
8285,6,rrrrrrrrrrrrrrrrrrrrrrrrr,8287.0
8290,0,gGGggrrrrrrrrrGGGggrrGGrG,8292.0
8295,1,gGGggrrrrrrrrrGGGggrrrrrr,8297.0
8300,3,rrrrrggGggggggrrrrrrrrrrr,8305.0
8305,4,rrrrryyyyyyyyyrrrrrrrrrrr,8308.0
8310,5,rrrrrrrrrrrrrrrrrrrGGGGGG,8313.0
8315,6,rrrrrrrrrrrrrrrrrrrrrrrrr,8318.0
8320,0,gGGggrrrrrrrrrGGGggrrGGrG,8323.0
8325,1,gGGggrrrrrrrrrGGGggrrrrrr,8328.0
8330,2,yyyyyrrrrrrrrryyyyyrrrrrr,8331.0
8335,3,rrrrrggGggggggrrrrrrrrrrr,8336.0
8340,5,rrrrrrrrrrrrrrrrrrrGGGGGG,8344.0
8345,6,rrrrrrrrrrrrrrrrrrrrrrrrr,8349.0
8350,0,gGGggrrrrrrrrrGGGggrrGGrG,8354.0
8355,1,gGGggrrrrrrrrrGGGggrrrrrr,8359.0
8360,2,yyyyyrrrrrrrrryyyyyrrrrrr,8362.0
8365,3,rrrrrggGggggggrrrrrrrrrrr,8367.0
8370,5,rrrrrrrrrrrrrrrrrrrGGGGGG,8375.0
8375,6,rrrrrrrrrrrrrrrrrrrrrrrrr,8380.0
8380,0,gGGggrrrrrrrrrGGGggrrGGrG,8385.0
8385,1,gGGggrrrrrrrrrGGGggrrrrrr,8390.0
8390,2,yyyyyrrrrrrrrryyyyyrrrrrr,8393.0
8395,3,rrrrrggGggggggrrrrrrrrrrr,8398.0
8400,4,rrrrryyyyyyyyyrrrrrrrrrrr,8401.0
8405,5,rrrrrrrrrrrrrrrrrrrGGGGGG,8406.0
8410,6,rrrrrrrrrrrrrrrrrrrrrrrrr,8411.0
8415,0,gGGggrrrrrrrrrGGGggrrGGrG,8416.0
8420,1,gGGggrrrrrrrrrGGGggrrrrrr,8421.0
8425,3,rrrrrggGggggggrrrrrrrrrrr,8429.0
8430,4,rrrrryyyyyyyyyrrrrrrrrrrr,8432.0
8435,5,rrrrrrrrrrrrrrrrrrrGGGGGG,8437.0
8440,6,rrrrrrrrrrrrrrrrrrrrrrrrr,8442.0
8445,0,gGGggrrrrrrrrrGGGggrrGGrG,8447.0
8450,1,gGGggrrrrrrrrrGGGggrrrrrr,8452.0
8455,3,rrrrrggGggggggrrrrrrrrrrr,8460.0
8460,4,rrrrryyyyyyyyyrrrrrrrrrrr,8463.0
8465,5,rrrrrrrrrrrrrrrrrrrGGGGGG,8468.0
8470,6,rrrrrrrrrrrrrrrrrrrrrrrrr,8473.0
8475,0,gGGggrrrrrrrrrGGGggrrGGrG,8478.0
8480,1,gGGggrrrrrrrrrGGGggrrrrrr,8483.0
8485,2,yyyyyrrrrrrrrryyyyyrrrrrr,8486.0
8490,3,rrrrrggGggggggrrrrrrrrrrr,8491.0
8495,5,rrrrrrrrrrrrrrrrrrrGGGGGG,8499.0
8500,6,rrrrrrrrrrrrrrrrrrrrrrrrr,8504.0
8505,0,gGGggrrrrrrrrrGGGggrrGGrG,8509.0
8510,1,gGGggrrrrrrrrrGGGggrrrrrr,8514.0
8515,2,yyyyyrrrrrrrrryyyyyrrrrrr,8517.0
8520,3,rrrrrggGggggggrrrrrrrrrrr,8522.0
8525,5,rrrrrrrrrrrrrrrrrrrGGGGGG,8530.0
8530,6,rrrrrrrrrrrrrrrrrrrrrrrrr,8535.0
8535,0,gGGggrrrrrrrrrGGGggrrGGrG,8540.0
8540,1,gGGggrrrrrrrrrGGGggrrrrrr,8545.0
8545,2,yyyyyrrrrrrrrryyyyyrrrrrr,8548.0
8550,3,rrrrrggGggggggrrrrrrrrrrr,8553.0
8555,4,rrrrryyyyyyyyyrrrrrrrrrrr,8556.0
8560,5,rrrrrrrrrrrrrrrrrrrGGGGGG,8561.0
8565,6,rrrrrrrrrrrrrrrrrrrrrrrrr,8566.0
8570,0,gGGggrrrrrrrrrGGGggrrGGrG,8571.0
8575,1,gGGggrrrrrrrrrGGGggrrrrrr,8576.0
8580,3,rrrrrggGggggggrrrrrrrrrrr,8584.0
8585,4,rrrrryyyyyyyyyrrrrrrrrrrr,8587.0
8590,5,rrrrrrrrrrrrrrrrrrrGGGGGG,8592.0
8595,6,rrrrrrrrrrrrrrrrrrrrrrrrr,8597.0
8600,0,gGGggrrrrrrrrrGGGggrrGGrG,8602.0
8605,1,gGGggrrrrrrrrrGGGggrrrrrr,8607.0
8610,3,rrrrrggGggggggrrrrrrrrrrr,8615.0
8615,4,rrrrryyyyyyyyyrrrrrrrrrrr,8618.0
8620,5,rrrrrrrrrrrrrrrrrrrGGGGGG,8623.0
8625,6,rrrrrrrrrrrrrrrrrrrrrrrrr,8628.0
8630,0,gGGggrrrrrrrrrGGGggrrGGrG,8633.0
8635,1,gGGggrrrrrrrrrGGGggrrrrrr,8638.0
8640,2,yyyyyrrrrrrrrryyyyyrrrrrr,8641.0
8645,3,rrrrrggGggggggrrrrrrrrrrr,8646.0
8650,5,rrrrrrrrrrrrrrrrrrrGGGGGG,8654.0
8655,6,rrrrrrrrrrrrrrrrrrrrrrrrr,8659.0
8660,0,gGGggrrrrrrrrrGGGggrrGGrG,8664.0
8665,1,gGGggrrrrrrrrrGGGggrrrrrr,8669.0
8670,2,yyyyyrrrrrrrrryyyyyrrrrrr,8672.0
8675,3,rrrrrggGggggggrrrrrrrrrrr,8677.0
8680,5,rrrrrrrrrrrrrrrrrrrGGGGGG,8685.0
8685,6,rrrrrrrrrrrrrrrrrrrrrrrrr,8690.0
8690,0,gGGggrrrrrrrrrGGGggrrGGrG,8695.0
8695,1,gGGggrrrrrrrrrGGGggrrrrrr,8700.0
8700,2,yyyyyrrrrrrrrryyyyyrrrrrr,8703.0
8705,3,rrrrrggGggggggrrrrrrrrrrr,8708.0
8710,4,rrrrryyyyyyyyyrrrrrrrrrrr,8711.0
8715,5,rrrrrrrrrrrrrrrrrrrGGGGGG,8716.0
8720,6,rrrrrrrrrrrrrrrrrrrrrrrrr,8721.0
8725,0,gGGggrrrrrrrrrGGGggrrGGrG,8726.0
8730,1,gGGggrrrrrrrrrGGGggrrrrrr,8731.0
8735,3,rrrrrggGggggggrrrrrrrrrrr,8739.0
8740,4,rrrrryyyyyyyyyrrrrrrrrrrr,8742.0
8745,5,rrrrrrrrrrrrrrrrrrrGGGGGG,8747.0
8750,6,rrrrrrrrrrrrrrrrrrrrrrrrr,8752.0
8755,0,gGGggrrrrrrrrrGGGggrrGGrG,8757.0
8760,1,gGGggrrrrrrrrrGGGggrrrrrr,8762.0
8765,3,rrrrrggGggggggrrrrrrrrrrr,8770.0
8770,4,rrrrryyyyyyyyyrrrrrrrrrrr,8773.0
8775,5,rrrrrrrrrrrrrrrrrrrGGGGGG,8778.0
8780,6,rrrrrrrrrrrrrrrrrrrrrrrrr,8783.0
8785,0,gGGggrrrrrrrrrGGGggrrGGrG,8788.0
8790,1,gGGggrrrrrrrrrGGGggrrrrrr,8793.0
8795,2,yyyyyrrrrrrrrryyyyyrrrrrr,8796.0
8800,3,rrrrrggGggggggrrrrrrrrrrr,8801.0
8805,5,rrrrrrrrrrrrrrrrrrrGGGGGG,8809.0
8810,6,rrrrrrrrrrrrrrrrrrrrrrrrr,8814.0
8815,0,gGGggrrrrrrrrrGGGggrrGGrG,8819.0
8820,1,gGGggrrrrrrrrrGGGggrrrrrr,8824.0
8825,2,yyyyyrrrrrrrrryyyyyrrrrrr,8827.0
8830,3,rrrrrggGggggggrrrrrrrrrrr,8832.0
8835,5,rrrrrrrrrrrrrrrrrrrGGGGGG,8840.0
8840,6,rrrrrrrrrrrrrrrrrrrrrrrrr,8845.0
8845,0,gGGggrrrrrrrrrGGGggrrGGrG,8850.0
8850,1,gGGggrrrrrrrrrGGGggrrrrrr,8855.0
8855,2,yyyyyrrrrrrrrryyyyyrrrrrr,8858.0
8860,3,rrrrrggGggggggrrrrrrrrrrr,8863.0
8865,4,rrrrryyyyyyyyyrrrrrrrrrrr,8866.0
8870,5,rrrrrrrrrrrrrrrrrrrGGGGGG,8871.0
8875,6,rrrrrrrrrrrrrrrrrrrrrrrrr,8876.0
8880,0,gGGggrrrrrrrrrGGGggrrGGrG,8881.0
8885,1,gGGggrrrrrrrrrGGGggrrrrrr,8886.0
8890,3,rrrrrggGggggggrrrrrrrrrrr,8894.0
8895,4,rrrrryyyyyyyyyrrrrrrrrrrr,8897.0
8900,5,rrrrrrrrrrrrrrrrrrrGGGGGG,8902.0
8905,6,rrrrrrrrrrrrrrrrrrrrrrrrr,8907.0
8910,0,gGGggrrrrrrrrrGGGggrrGGrG,8912.0
8915,1,gGGggrrrrrrrrrGGGggrrrrrr,8917.0
8920,3,rrrrrggGggggggrrrrrrrrrrr,8925.0
8925,4,rrrrryyyyyyyyyrrrrrrrrrrr,8928.0
8930,5,rrrrrrrrrrrrrrrrrrrGGGGGG,8933.0
8935,6,rrrrrrrrrrrrrrrrrrrrrrrrr,8938.0
8940,0,gGGggrrrrrrrrrGGGggrrGGrG,8943.0
8945,1,gGGggrrrrrrrrrGGGggrrrrrr,8948.0
8950,2,yyyyyrrrrrrrrryyyyyrrrrrr,8951.0
8955,3,rrrrrggGggggggrrrrrrrrrrr,8956.0
8960,5,rrrrrrrrrrrrrrrrrrrGGGGGG,8964.0
8965,6,rrrrrrrrrrrrrrrrrrrrrrrrr,8969.0
8970,0,gGGggrrrrrrrrrGGGggrrGGrG,8974.0
8975,1,gGGggrrrrrrrrrGGGggrrrrrr,8979.0
8980,2,yyyyyrrrrrrrrryyyyyrrrrrr,8982.0
8985,3,rrrrrggGggggggrrrrrrrrrrr,8987.0
8990,5,rrrrrrrrrrrrrrrrrrrGGGGGG,8995.0
8995,6,rrrrrrrrrrrrrrrrrrrrrrrrr,9000.0
9000,0,gGGggrrrrrrrrrGGGggrrGGrG,9005.0
9005,1,gGGggrrrrrrrrrGGGggrrrrrr,9010.0
9010,2,yyyyyrrrrrrrrryyyyyrrrrrr,9013.0
9015,3,rrrrrggGggggggrrrrrrrrrrr,9018.0
9020,4,rrrrryyyyyyyyyrrrrrrrrrrr,9021.0
9025,5,rrrrrrrrrrrrrrrrrrrGGGGGG,9026.0
9030,6,rrrrrrrrrrrrrrrrrrrrrrrrr,9031.0
9035,0,gGGggrrrrrrrrrGGGggrrGGrG,9036.0
9040,1,gGGggrrrrrrrrrGGGggrrrrrr,9041.0
9045,3,rrrrrggGggggggrrrrrrrrrrr,9049.0
9050,4,rrrrryyyyyyyyyrrrrrrrrrrr,9052.0
9055,5,rrrrrrrrrrrrrrrrrrrGGGGGG,9057.0
9060,6,rrrrrrrrrrrrrrrrrrrrrrrrr,9062.0
9065,0,gGGggrrrrrrrrrGGGggrrGGrG,9067.0
9070,1,gGGggrrrrrrrrrGGGggrrrrrr,9072.0
9075,3,rrrrrggGggggggrrrrrrrrrrr,9080.0
9080,4,rrrrryyyyyyyyyrrrrrrrrrrr,9083.0
9085,5,rrrrrrrrrrrrrrrrrrrGGGGGG,9088.0
9090,6,rrrrrrrrrrrrrrrrrrrrrrrrr,9093.0
9095,0,gGGggrrrrrrrrrGGGggrrGGrG,9098.0
9100,1,gGGggrrrrrrrrrGGGggrrrrrr,9103.0
9105,2,yyyyyrrrrrrrrryyyyyrrrrrr,9106.0
9110,3,rrrrrggGggggggrrrrrrrrrrr,9111.0
9115,5,rrrrrrrrrrrrrrrrrrrGGGGGG,9119.0
9120,6,rrrrrrrrrrrrrrrrrrrrrrrrr,9124.0
9125,0,gGGggrrrrrrrrrGGGggrrGGrG,9129.0
9130,1,gGGggrrrrrrrrrGGGggrrrrrr,9134.0
9135,2,yyyyyrrrrrrrrryyyyyrrrrrr,9137.0
9140,3,rrrrrggGggggggrrrrrrrrrrr,9142.0
9145,5,rrrrrrrrrrrrrrrrrrrGGGGGG,9150.0
9150,6,rrrrrrrrrrrrrrrrrrrrrrrrr,9155.0
9155,0,gGGggrrrrrrrrrGGGggrrGGrG,9160.0
9160,1,gGGggrrrrrrrrrGGGggrrrrrr,9165.0
9165,2,yyyyyrrrrrrrrryyyyyrrrrrr,9168.0
9170,3,rrrrrggGggggggrrrrrrrrrrr,9173.0
9175,4,rrrrryyyyyyyyyrrrrrrrrrrr,9176.0
9180,5,rrrrrrrrrrrrrrrrrrrGGGGGG,9181.0
9185,6,rrrrrrrrrrrrrrrrrrrrrrrrr,9186.0
9190,0,gGGggrrrrrrrrrGGGggrrGGrG,9191.0
9195,1,gGGggrrrrrrrrrGGGggrrrrrr,9196.0
9200,3,rrrrrggGggggggrrrrrrrrrrr,9204.0
9205,4,rrrrryyyyyyyyyrrrrrrrrrrr,9207.0
9210,5,rrrrrrrrrrrrrrrrrrrGGGGGG,9212.0
9215,6,rrrrrrrrrrrrrrrrrrrrrrrrr,9217.0
9220,0,gGGggrrrrrrrrrGGGggrrGGrG,9222.0
9225,1,gGGggrrrrrrrrrGGGggrrrrrr,9227.0
9230,3,rrrrrggGggggggrrrrrrrrrrr,9235.0
9235,4,rrrrryyyyyyyyyrrrrrrrrrrr,9238.0
9240,5,rrrrrrrrrrrrrrrrrrrGGGGGG,9243.0
9245,6,rrrrrrrrrrrrrrrrrrrrrrrrr,9248.0
9250,0,gGGggrrrrrrrrrGGGggrrGGrG,9253.0
9255,1,gGGggrrrrrrrrrGGGggrrrrrr,9258.0
9260,2,yyyyyrrrrrrrrryyyyyrrrrrr,9261.0
9265,3,rrrrrggGggggggrrrrrrrrrrr,9266.0
9270,5,rrrrrrrrrrrrrrrrrrrGGGGGG,9274.0
9275,6,rrrrrrrrrrrrrrrrrrrrrrrrr,9279.0
9280,0,gGGggrrrrrrrrrGGGggrrGGrG,9284.0
9285,1,gGGggrrrrrrrrrGGGggrrrrrr,9289.0
9290,2,yyyyyrrrrrrrrryyyyyrrrrrr,9292.0
9295,3,rrrrrggGggggggrrrrrrrrrrr,9297.0
9300,5,rrrrrrrrrrrrrrrrrrrGGGGGG,9305.0
9305,6,rrrrrrrrrrrrrrrrrrrrrrrrr,9310.0
9310,0,gGGggrrrrrrrrrGGGggrrGGrG,9315.0
9315,1,gGGggrrrrrrrrrGGGggrrrrrr,9320.0
9320,2,yyyyyrrrrrrrrryyyyyrrrrrr,9323.0
9325,3,rrrrrggGggggggrrrrrrrrrrr,9328.0
9330,4,rrrrryyyyyyyyyrrrrrrrrrrr,9331.0
9335,5,rrrrrrrrrrrrrrrrrrrGGGGGG,9336.0
9340,6,rrrrrrrrrrrrrrrrrrrrrrrrr,9341.0
9345,0,gGGggrrrrrrrrrGGGggrrGGrG,9346.0
9350,1,gGGggrrrrrrrrrGGGggrrrrrr,9351.0
9355,3,rrrrrggGggggggrrrrrrrrrrr,9359.0
9360,4,rrrrryyyyyyyyyrrrrrrrrrrr,9362.0
9365,5,rrrrrrrrrrrrrrrrrrrGGGGGG,9367.0
9370,6,rrrrrrrrrrrrrrrrrrrrrrrrr,9372.0
9375,0,gGGggrrrrrrrrrGGGggrrGGrG,9377.0
9380,1,gGGggrrrrrrrrrGGGggrrrrrr,9382.0
9385,3,rrrrrggGggggggrrrrrrrrrrr,9390.0
9390,4,rrrrryyyyyyyyyrrrrrrrrrrr,9393.0
9395,5,rrrrrrrrrrrrrrrrrrrGGGGGG,9398.0
9400,6,rrrrrrrrrrrrrrrrrrrrrrrrr,9403.0
9405,0,gGGggrrrrrrrrrGGGggrrGGrG,9408.0
9410,1,gGGggrrrrrrrrrGGGggrrrrrr,9413.0
9415,2,yyyyyrrrrrrrrryyyyyrrrrrr,9416.0
9420,3,rrrrrggGggggggrrrrrrrrrrr,9421.0
9425,5,rrrrrrrrrrrrrrrrrrrGGGGGG,9429.0
9430,6,rrrrrrrrrrrrrrrrrrrrrrrrr,9434.0
9435,0,gGGggrrrrrrrrrGGGggrrGGrG,9439.0
9440,1,gGGggrrrrrrrrrGGGggrrrrrr,9444.0
9445,2,yyyyyrrrrrrrrryyyyyrrrrrr,9447.0
9450,3,rrrrrggGggggggrrrrrrrrrrr,9452.0
9455,5,rrrrrrrrrrrrrrrrrrrGGGGGG,9460.0
9460,6,rrrrrrrrrrrrrrrrrrrrrrrrr,9465.0
9465,0,gGGggrrrrrrrrrGGGggrrGGrG,9470.0
9470,1,gGGggrrrrrrrrrGGGggrrrrrr,9475.0
9475,2,yyyyyrrrrrrrrryyyyyrrrrrr,9478.0
9480,3,rrrrrggGggggggrrrrrrrrrrr,9483.0
9485,4,rrrrryyyyyyyyyrrrrrrrrrrr,9486.0
9490,5,rrrrrrrrrrrrrrrrrrrGGGGGG,9491.0
9495,6,rrrrrrrrrrrrrrrrrrrrrrrrr,9496.0
9500,0,gGGggrrrrrrrrrGGGggrrGGrG,9501.0
9505,1,gGGggrrrrrrrrrGGGggrrrrrr,9506.0
9510,3,rrrrrggGggggggrrrrrrrrrrr,9514.0
9515,4,rrrrryyyyyyyyyrrrrrrrrrrr,9517.0
9520,5,rrrrrrrrrrrrrrrrrrrGGGGGG,9522.0
9525,6,rrrrrrrrrrrrrrrrrrrrrrrrr,9527.0
9530,0,gGGggrrrrrrrrrGGGggrrGGrG,9532.0
9535,1,gGGggrrrrrrrrrGGGggrrrrrr,9537.0
9540,3,rrrrrggGggggggrrrrrrrrrrr,9545.0
9545,4,rrrrryyyyyyyyyrrrrrrrrrrr,9548.0
9550,5,rrrrrrrrrrrrrrrrrrrGGGGGG,9553.0
9555,6,rrrrrrrrrrrrrrrrrrrrrrrrr,9558.0
9560,0,gGGggrrrrrrrrrGGGggrrGGrG,9563.0
9565,1,gGGggrrrrrrrrrGGGggrrrrrr,9568.0
9570,2,yyyyyrrrrrrrrryyyyyrrrrrr,9571.0
9575,3,rrrrrggGggggggrrrrrrrrrrr,9576.0
9580,5,rrrrrrrrrrrrrrrrrrrGGGGGG,9584.0
9585,6,rrrrrrrrrrrrrrrrrrrrrrrrr,9589.0
9590,0,gGGggrrrrrrrrrGGGggrrGGrG,9594.0
9595,1,gGGggrrrrrrrrrGGGggrrrrrr,9599.0
9600,2,yyyyyrrrrrrrrryyyyyrrrrrr,9602.0
9605,3,rrrrrggGggggggrrrrrrrrrrr,9607.0
9610,5,rrrrrrrrrrrrrrrrrrrGGGGGG,9615.0
9615,6,rrrrrrrrrrrrrrrrrrrrrrrrr,9620.0
9620,0,gGGggrrrrrrrrrGGGggrrGGrG,9625.0
9625,1,gGGggrrrrrrrrrGGGggrrrrrr,9630.0
9630,2,yyyyyrrrrrrrrryyyyyrrrrrr,9633.0
9635,3,rrrrrggGggggggrrrrrrrrrrr,9638.0
9640,4,rrrrryyyyyyyyyrrrrrrrrrrr,9641.0
9645,5,rrrrrrrrrrrrrrrrrrrGGGGGG,9646.0
9650,6,rrrrrrrrrrrrrrrrrrrrrrrrr,9651.0
9655,0,gGGggrrrrrrrrrGGGggrrGGrG,9656.0
9660,1,gGGggrrrrrrrrrGGGggrrrrrr,9661.0
9665,3,rrrrrggGggggggrrrrrrrrrrr,9669.0
9670,4,rrrrryyyyyyyyyrrrrrrrrrrr,9672.0
9675,5,rrrrrrrrrrrrrrrrrrrGGGGGG,9677.0
9680,6,rrrrrrrrrrrrrrrrrrrrrrrrr,9682.0
9685,0,gGGggrrrrrrrrrGGGggrrGGrG,9687.0
9690,1,gGGggrrrrrrrrrGGGggrrrrrr,9692.0
9695,3,rrrrrggGggggggrrrrrrrrrrr,9700.0
9700,4,rrrrryyyyyyyyyrrrrrrrrrrr,9703.0
9705,5,rrrrrrrrrrrrrrrrrrrGGGGGG,9708.0
9710,6,rrrrrrrrrrrrrrrrrrrrrrrrr,9713.0
9715,0,gGGggrrrrrrrrrGGGggrrGGrG,9718.0
9720,1,gGGggrrrrrrrrrGGGggrrrrrr,9723.0
9725,2,yyyyyrrrrrrrrryyyyyrrrrrr,9726.0
9730,3,rrrrrggGggggggrrrrrrrrrrr,9731.0
9735,5,rrrrrrrrrrrrrrrrrrrGGGGGG,9739.0
9740,6,rrrrrrrrrrrrrrrrrrrrrrrrr,9744.0
9745,0,gGGggrrrrrrrrrGGGggrrGGrG,9749.0
9750,1,gGGggrrrrrrrrrGGGggrrrrrr,9754.0
9755,2,yyyyyrrrrrrrrryyyyyrrrrrr,9757.0
9760,3,rrrrrggGggggggrrrrrrrrrrr,9762.0
9765,5,rrrrrrrrrrrrrrrrrrrGGGGGG,9770.0
9770,6,rrrrrrrrrrrrrrrrrrrrrrrrr,9775.0
9775,0,gGGggrrrrrrrrrGGGggrrGGrG,9780.0
9780,1,gGGggrrrrrrrrrGGGggrrrrrr,9785.0
9785,2,yyyyyrrrrrrrrryyyyyrrrrrr,9788.0
9790,3,rrrrrggGggggggrrrrrrrrrrr,9793.0
9795,4,rrrrryyyyyyyyyrrrrrrrrrrr,9796.0
9800,5,rrrrrrrrrrrrrrrrrrrGGGGGG,9801.0
9805,6,rrrrrrrrrrrrrrrrrrrrrrrrr,9806.0
9810,0,gGGggrrrrrrrrrGGGggrrGGrG,9811.0
9815,1,gGGggrrrrrrrrrGGGggrrrrrr,9816.0
9820,3,rrrrrggGggggggrrrrrrrrrrr,9824.0
9825,4,rrrrryyyyyyyyyrrrrrrrrrrr,9827.0
9830,5,rrrrrrrrrrrrrrrrrrrGGGGGG,9832.0
9835,6,rrrrrrrrrrrrrrrrrrrrrrrrr,9837.0
9840,0,gGGggrrrrrrrrrGGGggrrGGrG,9842.0
9845,1,gGGggrrrrrrrrrGGGggrrrrrr,9847.0
9850,3,rrrrrggGggggggrrrrrrrrrrr,9855.0
9855,4,rrrrryyyyyyyyyrrrrrrrrrrr,9858.0
9860,5,rrrrrrrrrrrrrrrrrrrGGGGGG,9863.0
9865,6,rrrrrrrrrrrrrrrrrrrrrrrrr,9868.0
9870,0,gGGggrrrrrrrrrGGGggrrGGrG,9873.0
9875,1,gGGggrrrrrrrrrGGGggrrrrrr,9878.0
9880,2,yyyyyrrrrrrrrryyyyyrrrrrr,9881.0
9885,3,rrrrrggGggggggrrrrrrrrrrr,9886.0
9890,5,rrrrrrrrrrrrrrrrrrrGGGGGG,9894.0
9895,6,rrrrrrrrrrrrrrrrrrrrrrrrr,9899.0
9900,0,gGGggrrrrrrrrrGGGggrrGGrG,9904.0
9905,1,gGGggrrrrrrrrrGGGggrrrrrr,9909.0
9910,2,yyyyyrrrrrrrrryyyyyrrrrrr,9912.0
9915,3,rrrrrggGggggggrrrrrrrrrrr,9917.0
9920,5,rrrrrrrrrrrrrrrrrrrGGGGGG,9925.0
9925,6,rrrrrrrrrrrrrrrrrrrrrrrrr,9930.0
9930,0,gGGggrrrrrrrrrGGGggrrGGrG,9935.0
9935,1,gGGggrrrrrrrrrGGGggrrrrrr,9940.0
9940,2,yyyyyrrrrrrrrryyyyyrrrrrr,9943.0
9945,3,rrrrrggGggggggrrrrrrrrrrr,9948.0
9950,4,rrrrryyyyyyyyyrrrrrrrrrrr,9951.0
9955,5,rrrrrrrrrrrrrrrrrrrGGGGGG,9956.0
9960,6,rrrrrrrrrrrrrrrrrrrrrrrrr,9961.0
9965,0,gGGggrrrrrrrrrGGGggrrGGrG,9966.0
9970,1,gGGggrrrrrrrrrGGGggrrrrrr,9971.0
9975,3,rrrrrggGggggggrrrrrrrrrrr,9979.0
9980,4,rrrrryyyyyyyyyrrrrrrrrrrr,9982.0
9985,5,rrrrrrrrrrrrrrrrrrrGGGGGG,9987.0
9990,6,rrrrrrrrrrrrrrrrrrrrrrrrr,9992.0
9995,0,gGGggrrrrrrrrrGGGggrrGGrG,9997.0
