0,0,rrrGggGGGgrGrrrr,5.0
5,1,rrrGggGGGgrrrrrr,10.0
10,2,rrryggyyygrrrrrr,13.0
15,3,rrrrGGrrrGrrrrrr,18.0
20,4,rrrryyrrryrrrrrr,21.0
25,5,gGgrrrrrrrGrGGrG,26.0
30,6,gGgrrrrrrrrrrrrr,31.0
35,8,rrrrrrrrrrGGGGGG,39.0
40,9,rrrrrrrrrrrrrrrr,44.0
45,0,rrrGggGGGgrGrrrr,49.0
50,1,rrrGggGGGgrrrrrr,54.0
55,2,rrryggyyygrrrrrr,57.0
60,3,rrrrGGrrrGrrrrrr,62.0
65,5,gGgrrrrrrrGrGGrG,70.0
70,6,gGgrrrrrrrrrrrrr,75.0
75,7,yyyrrrrrrrrrrrrr,78.0
80,8,rrrrrrrrrrGGGGGG,83.0
85,9,rrrrrrrrrrrrrrrr,88.0
90,0,rrrGggGGGgrGrrrr,93.0
95,1,rrrGggGGGgrrrrrr,98.0
100,2,rrryggyyygrrrrrr,101.0
105,3,rrrrGGrrrGrrrrrr,106.0
110,5,gGgrrrrrrrGrGGrG,114.0
115,6,gGgrrrrrrrrrrrrr,119.0
120,7,yyyrrrrrrrrrrrrr,122.0
125,8,rrrrrrrrrrGGGGGG,127.0
130,9,rrrrrrrrrrrrrrrr,132.0
135,0,rrrGggGGGgrGrrrr,137.0
140,1,rrrGggGGGgrrrrrr,142.0
145,3,rrrrGGrrrGrrrrrr,150.0
150,4,rrrryyrrryrrrrrr,153.0
155,5,gGgrrrrrrrGrGGrG,158.0
160,6,gGgrrrrrrrrrrrrr,163.0
165,7,yyyrrrrrrrrrrrrr,166.0
170,8,rrrrrrrrrrGGGGGG,171.0
175,9,rrrrrrrrrrrrrrrr,176.0
180,0,rrrGggGGGgrGrrrr,181.0
185,1,rrrGggGGGgrrrrrr,186.0
190,3,rrrrGGrrrGrrrrrr,194.0
195,4,rrrryyrrryrrrrrr,197.0
200,5,gGgrrrrrrrGrGGrG,202.0
205,6,gGgrrrrrrrrrrrrr,207.0
210,8,rrrrrrrrrrGGGGGG,215.0
215,9,rrrrrrrrrrrrrrrr,220.0
220,0,rrrGggGGGgrGrrrr,225.0
225,0,rrrGggGGGgrGrrrr,227.0
230,1,rrrGggGGGgrrrrrr,234.0
235,2,rrryggyyygrrrrrr,237.0
240,3,rrrrGGrrrGrrrrrr,242.0
245,5,gGgrrrrrrrGrGGrG,250.0
250,5,gGgrrrrrrrGrGGrG,252.0
255,6,gGgrrrrrrrrrrrrr,258.0
260,7,yyyrrrrrrrrrrrrr,261.0
265,8,rrrrrrrrrrGGGGGG,266.0
270,9,rrrrrrrrrrrrrrrr,271.0
275,0,rrrGggGGGgrGrrrr,276.0
280,1,rrrGggGGGgrrrrrr,281.0
285,3,rrrrGGrrrGrrrrrr,289.0
290,3,rrrrGGrrrGrrrrrr,291.0
295,5,gGgrrrrrrrGrGGrG,300.0
300,5,gGgrrrrrrrGrGGrG,302.0
305,6,gGgrrrrrrrrrrrrr,310.0
310,7,yyyrrrrrrrrrrrrr,313.0
315,8,rrrrrrrrrrGGGGGG,318.0
320,9,rrrrrrrrrrrrrrrr,323.0
325,0,rrrGggGGGgrGrrrr,328.0
330,1,rrrGggGGGgrrrrrr,333.0
335,2,rrryggyyygrrrrrr,336.0
340,3,rrrrGGrrrGrrrrrr,341.0
345,5,gGgrrrrrrrGrGGrG,349.0
350,6,gGgrrrrrrrrrrrrr,354.0
355,7,yyyrrrrrrrrrrrrr,357.0
360,8,rrrrrrrrrrGGGGGG,362.0
365,9,rrrrrrrrrrrrrrrr,367.0
370,0,rrrGggGGGgrGrrrr,372.0
375,1,rrrGggGGGgrrrrrr,380.0
380,2,rrryggyyygrrrrrr,383.0
385,3,rrrrGGrrrGrrrrrr,388.0
390,4,rrrryyrrryrrrrrr,391.0
395,5,gGgrrrrrrrGrGGrG,396.0
400,6,gGgrrrrrrrrrrrrr,401.0
405,8,rrrrrrrrrrGGGGGG,409.0
410,9,rrrrrrrrrrrrrrrr,414.0
415,0,rrrGggGGGgrGrrrr,419.0
420,1,rrrGggGGGgrrrrrr,424.0
425,2,rrryggyyygrrrrrr,427.0
430,3,rrrrGGrrrGrrrrrr,432.0
435,5,gGgrrrrrrrGrGGrG,440.0
440,6,gGgrrrrrrrrrrrrr,445.0
445,7,yyyrrrrrrrrrrrrr,448.0
450,8,rrrrrrrrrrGGGGGG,453.0
455,9,rrrrrrrrrrrrrrrr,458.0
460,0,rrrGggGGGgrGrrrr,463.0
465,1,rrrGggGGGgrrrrrr,468.0
470,2,rrryggyyygrrrrrr,471.0
475,3,rrrrGGrrrGrrrrrr,476.0
480,5,gGgrrrrrrrGrGGrG,484.0
485,6,gGgrrrrrrrrrrrrr,489.0
490,7,yyyrrrrrrrrrrrrr,492.0
495,8,rrrrrrrrrrGGGGGG,497.0
500,9,rrrrrrrrrrrrrrrr,502.0
505,0,rrrGggGGGgrGrrrr,507.0
510,1,rrrGggGGGgrrrrrr,512.0
515,3,rrrrGGrrrGrrrrrr,520.0
520,4,rrrryyrrryrrrrrr,523.0
525,5,gGgrrrrrrrGrGGrG,528.0
530,6,gGgrrrrrrrrrrrrr,533.0
535,7,yyyrrrrrrrrrrrrr,536.0
540,8,rrrrrrrrrrGGGGGG,541.0
545,9,rrrrrrrrrrrrrrrr,546.0
550,0,rrrGggGGGgrGrrrr,551.0
555,0,rrrGggGGGgrGrrrr,557.0
560,0,rrrGggGGGgrGrrrr,561.0
565,1,rrrGggGGGgrrrrrr,569.0
570,2,rrryggyyygrrrrrr,572.0
575,3,rrrrGGrrrGrrrrrr,577.0
580,5,gGgrrrrrrrGrGGrG,585.0
585,6,gGgrrrrrrrrrrrrr,590.0
590,7,yyyrrrrrrrrrrrrr,593.0
595,8,rrrrrrrrrrGGGGGG,598.0
600,9,rrrrrrrrrrrrrrrr,603.0
605,0,rrrGggGGGgrGrrrr,608.0
610,1,rrrGggGGGgrrrrrr,615.0
615,2,rrryggyyygrrrrrr,618.0
620,3,rrrrGGrrrGrrrrrr,623.0
625,4,rrrryyrrryrrrrrr,626.0
630,5,gGgrrrrrrrGrGGrG,631.0
635,6,gGgrrrrrrrrrrrrr,636.0
640,8,rrrrrrrrrrGGGGGG,644.0
645,9,rrrrrrrrrrrrrrrr,649.0
650,0,rrrGggGGGgrGrrrr,654.0
655,0,rrrGggGGGgrGrrrr,656.0
660,1,rrrGggGGGgrrrrrr,665.0
665,2,rrryggyyygrrrrrr,668.0
670,3,rrrrGGrrrGrrrrrr,673.0
675,4,rrrryyrrryrrrrrr,677.0
680,5,gGgrrrrrrrGrGGrG,682.0
685,6,gGgrrrrrrrrrrrrr,687.0
690,8,rrrrrrrrrrGGGGGG,695.0
695,9,rrrrrrrrrrrrrrrr,700.0
700,0,rrrGggGGGgrGrrrr,705.0
705,1,rrrGggGGGgrrrrrr,710.0
710,2,rrryggyyygrrrrrr,713.0
715,3,rrrrGGrrrGrrrrrr,718.0
720,4,rrrryyrrryrrrrrr,721.0
725,5,gGgrrrrrrrGrGGrG,726.0
730,6,gGgrrrrrrrrrrrrr,731.0
735,8,rrrrrrrrrrGGGGGG,739.0
740,9,rrrrrrrrrrrrrrrr,744.0
745,0,rrrGggGGGgrGrrrr,749.0
750,0,rrrGggGGGgrGrrrr,751.0
755,0,rrrGggGGGgrGrrrr,756.0
760,1,rrrGggGGGgrrrrrr,763.0
765,2,rrryggyyygrrrrrr,766.0
770,3,rrrrGGrrrGrrrrrr,771.0
775,5,gGgrrrrrrrGrGGrG,779.0
780,5,gGgrrrrrrrGrGGrG,781.0
785,6,gGgrrrrrrrrrrrrr,786.0
790,8,rrrrrrrrrrGGGGGG,794.0
795,9,rrrrrrrrrrrrrrrr,799.0
800,0,rrrGggGGGgrGrrrr,804.0
805,0,rrrGggGGGgrGrrrr,806.0
810,0,rrrGggGGGgrGrrrr,812.0
815,1,rrrGggGGGgrrrrrr,819.0
820,2,rrryggyyygrrrrrr,822.0
825,3,rrrrGGrrrGrrrrrr,827.0
830,5,gGgrrrrrrrGrGGrG,835.0
835,6,gGgrrrrrrrrrrrrr,840.0
840,7,yyyrrrrrrrrrrrrr,843.0
845,8,rrrrrrrrrrGGGGGG,848.0
850,9,rrrrrrrrrrrrrrrr,853.0
855,0,rrrGggGGGgrGrrrr,858.0
860,0,rrrGggGGGgrGrrrr,861.0
865,0,rrrGggGGGgrGrrrr,867.0
870,0,rrrGggGGGgrGrrrr,871.0
875,0,rrrGggGGGgrGrrrr,877.0
880,1,rrrGggGGGgrrrrrr,885.0
885,2,rrryggyyygrrrrrr,888.0
890,3,rrrrGGrrrGrrrrrr,893.0
895,4,rrrryyrrryrrrrrr,896.0
900,5,gGgrrrrrrrGrGGrG,901.0
905,6,gGgrrrrrrrrrrrrr,906.0
910,8,rrrrrrrrrrGGGGGG,914.0
915,9,rrrrrrrrrrrrrrrr,919.0
920,0,rrrGggGGGgrGrrrr,924.0
925,0,rrrGggGGGgrGrrrr,926.0
930,0,rrrGggGGGgrGrrrr,931.0
935,1,rrrGggGGGgrrrrrr,936.0
940,3,rrrrGGrrrGrrrrrr,944.0
945,4,rrrryyrrryrrrrrr,947.0
950,5,gGgrrrrrrrGrGGrG,952.0
955,5,gGgrrrrrrrGrGGrG,957.0
960,5,gGgrrrrrrrGrGGrG,962.0
965,5,gGgrrrrrrrGrGGrG,966.0
970,6,gGgrrrrrrrrrrrrr,975.0
975,7,yyyrrrrrrrrrrrrr,978.0
980,8,rrrrrrrrrrGGGGGG,983.0
985,9,rrrrrrrrrrrrrrrr,988.0
990,0,rrrGggGGGgrGrrrr,993.0
995,0,rrrGggGGGgrGrrrr,996.0
1000,0,rrrGggGGGgrGrrrr,1002.0
1005,0,rrrGggGGGgrGrrrr,1006.0
1010,0,rrrGggGGGgrGrrrr,1011.0
1015,0,rrrGggGGGgrGrrrr,1017.0
1020,1,rrrGggGGGgrrrrrr,1025.0
1025,2,rrryggyyygrrrrrr,1028.0
1030,3,rrrrGGrrrGrrrrrr,1033.0
1035,3,rrrrGGrrrGrrrrrr,1036.0
1040,5,gGgrrrrrrrGrGGrG,1045.0
1045,5,gGgrrrrrrrGrGGrG,1047.0
1050,5,gGgrrrrrrrGrGGrG,1051.0
1055,6,gGgrrrrrrrrrrrrr,1057.0
1060,8,rrrrrrrrrrGGGGGG,1065.0
1065,9,rrrrrrrrrrrrrrrr,1070.0
1070,0,rrrGggGGGgrGrrrr,1075.0
1075,0,rrrGggGGGgrGrrrr,1077.0
1080,0,rrrGggGGGgrGrrrr,1082.0
1085,0,rrrGggGGGgrGrrrr,1086.0
1090,1,rrrGggGGGgrrrrrr,1091.0
1095,3,rrrrGGrrrGrrrrrr,1099.0
1100,4,rrrryyrrryrrrrrr,1102.0
1105,5,gGgrrrrrrrGrGGrG,1107.0
1110,6,gGgrrrrrrrrrrrrr,1112.0
1115,8,rrrrrrrrrrGGGGGG,1120.0
1120,9,rrrrrrrrrrrrrrrr,1125.0
1125,0,rrrGggGGGgrGrrrr,1130.0
1130,0,rrrGggGGGgrGrrrr,1132.0
1135,0,rrrGggGGGgrGrrrr,1136.0
1140,1,rrrGggGGGgrrrrrr,1143.0
1145,2,rrryggyyygrrrrrr,1146.0
1150,3,rrrrGGrrrGrrrrrr,1151.0
1155,5,gGgrrrrrrrGrGGrG,1159.0
1160,6,gGgrrrrrrrrrrrrr,1164.0
1165,7,yyyrrrrrrrrrrrrr,1167.0
1170,8,rrrrrrrrrrGGGGGG,1172.0
1175,9,rrrrrrrrrrrrrrrr,1177.0
1180,0,rrrGggGGGgrGrrrr,1182.0
1185,1,rrrGggGGGgrrrrrr,1187.0
1190,3,rrrrGGrrrGrrrrrr,1195.0
1195,3,rrrrGGrrrGrrrrrr,1197.0
1200,4,rrrryyrrryrrrrrr,1201.0
1205,5,gGgrrrrrrrGrGGrG,1206.0
1210,6,gGgrrrrrrrrrrrrr,1211.0
1215,8,rrrrrrrrrrGGGGGG,1219.0
1220,9,rrrrrrrrrrrrrrrr,1224.0
1225,0,rrrGggGGGgrGrrrr,1229.0
1230,0,rrrGggGGGgrGrrrr,1231.0
1235,0,rrrGggGGGgrGrrrr,1236.0
1240,1,rrrGggGGGgrrrrrr,1242.0
1245,3,rrrrGGrrrGrrrrrr,1250.0
1250,4,rrrryyrrryrrrrrr,1253.0
1255,5,gGgrrrrrrrGrGGrG,1258.0
1260,6,gGgrrrrrrrrrrrrr,1263.0
1265,7,yyyrrrrrrrrrrrrr,1266.0
1270,8,rrrrrrrrrrGGGGGG,1271.0
1275,9,rrrrrrrrrrrrrrrr,1276.0
1280,0,rrrGggGGGgrGrrrr,1281.0
1285,0,rrrGggGGGgrGrrrr,1286.0
1290,0,rrrGggGGGgrGrrrr,1291.0
1295,1,rrrGggGGGgrrrrrr,1296.0
1300,3,rrrrGGrrrGrrrrrr,1304.0
1305,4,rrrryyrrryrrrrrr,1308.0
1310,5,gGgrrrrrrrGrGGrG,1313.0
1315,6,gGgrrrrrrrrrrrrr,1318.0
1320,7,yyyrrrrrrrrrrrrr,1321.0
1325,8,rrrrrrrrrrGGGGGG,1326.0
1330,9,rrrrrrrrrrrrrrrr,1331.0
1335,0,rrrGggGGGgrGrrrr,1336.0
1340,0,rrrGggGGGgrGrrrr,1342.0
1345,0,rrrGggGGGgrGrrrr,1347.0
1350,0,rrrGggGGGgrGrrrr,1351.0
1355,0,rrrGggGGGgrGrrrr,1356.0
1360,1,rrrGggGGGgrrrrrr,1362.0
1365,3,rrrrGGrrrGrrrrrr,1370.0
1370,4,rrrryyrrryrrrrrr,1373.0
1375,5,gGgrrrrrrrGrGGrG,1378.0
1380,6,gGgrrrrrrrrrrrrr,1383.0
1385,7,yyyrrrrrrrrrrrrr,1386.0
1390,8,rrrrrrrrrrGGGGGG,1391.0
1395,9,rrrrrrrrrrrrrrrr,1396.0
1400,0,rrrGggGGGgrGrrrr,1401.0
1405,0,rrrGggGGGgrGrrrr,1406.0
1410,0,rrrGggGGGgrGrrrr,1412.0
1415,1,rrrGggGGGgrrrrrr,1418.0
1420,2,rrryggyyygrrrrrr,1421.0
1425,3,rrrrGGrrrGrrrrrr,1426.0
1430,5,gGgrrrrrrrGrGGrG,1434.0
1435,6,gGgrrrrrrrrrrrrr,1439.0
1440,7,yyyrrrrrrrrrrrrr,1442.0
1445,8,rrrrrrrrrrGGGGGG,1447.0
1450,9,rrrrrrrrrrrrrrrr,1452.0
1455,0,rrrGggGGGgrGrrrr,1457.0
1460,0,rrrGggGGGgrGrrrr,1462.0
1465,0,rrrGggGGGgrGrrrr,1467.0
1470,1,rrrGggGGGgrrrrrr,1473.0
1475,2,rrryggyyygrrrrrr,1476.0
1480,3,rrrrGGrrrGrrrrrr,1481.0
1485,4,rrrryyrrryrrrrrr,1488.0
1490,5,gGgrrrrrrrGrGGrG,1493.0
1495,6,gGgrrrrrrrrrrrrr,1500.0
1500,7,yyyrrrrrrrrrrrrr,1503.0
1505,8,rrrrrrrrrrGGGGGG,1508.0
1510,9,rrrrrrrrrrrrrrrr,1513.0
1515,0,rrrGggGGGgrGrrrr,1518.0
1520,0,rrrGggGGGgrGrrrr,1522.0
1525,0,rrrGggGGGgrGrrrr,1526.0
1530,1,rrrGggGGGgrrrrrr,1535.0
1535,2,rrryggyyygrrrrrr,1538.0
1540,3,rrrrGGrrrGrrrrrr,1543.0
1545,4,rrrryyrrryrrrrrr,1546.0
1550,5,gGgrrrrrrrGrGGrG,1551.0
1555,6,gGgrrrrrrrrrrrrr,1556.0
1560,8,rrrrrrrrrrGGGGGG,1564.0
1565,9,rrrrrrrrrrrrrrrr,1569.0
1570,0,rrrGggGGGgrGrrrr,1574.0
1575,0,rrrGggGGGgrGrrrr,1576.0
1580,0,rrrGggGGGgrGrrrr,1581.0
1585,1,rrrGggGGGgrrrrrr,1588.0
1590,2,rrryggyyygrrrrrr,1591.0
1595,3,rrrrGGrrrGrrrrrr,1596.0
1600,4,rrrryyrrryrrrrrr,1602.0
1605,5,gGgrrrrrrrGrGGrG,1607.0
1610,6,gGgrrrrrrrrrrrrr,1612.0
1615,8,rrrrrrrrrrGGGGGG,1620.0
1620,9,rrrrrrrrrrrrrrrr,1625.0
1625,0,rrrGggGGGgrGrrrr,1630.0
1630,0,rrrGggGGGgrGrrrr,1632.0
1635,1,rrrGggGGGgrrrrrr,1640.0
1640,2,rrryggyyygrrrrrr,1643.0
1645,3,rrrrGGrrrGrrrrrr,1648.0
1650,4,rrrryyrrryrrrrrr,1651.0
1655,5,gGgrrrrrrrGrGGrG,1656.0
1660,6,gGgrrrrrrrrrrrrr,1665.0
1665,7,yyyrrrrrrrrrrrrr,1668.0
1670,8,rrrrrrrrrrGGGGGG,1673.0
1675,9,rrrrrrrrrrrrrrrr,1678.0
1680,0,rrrGggGGGgrGrrrr,1683.0
1685,1,rrrGggGGGgrrrrrr,1688.0
1690,2,rrryggyyygrrrrrr,1691.0
1695,3,rrrrGGrrrGrrrrrr,1696.0
1700,5,gGgrrrrrrrGrGGrG,1704.0
1705,6,gGgrrrrrrrrrrrrr,1709.0
1710,7,yyyrrrrrrrrrrrrr,1712.0
1715,8,rrrrrrrrrrGGGGGG,1717.0
1720,9,rrrrrrrrrrrrrrrr,1722.0
1725,0,rrrGggGGGgrGrrrr,1727.0
1730,1,rrrGggGGGgrrrrrr,1732.0
1735,3,rrrrGGrrrGrrrrrr,1740.0
1740,3,rrrrGGrrrGrrrrrr,1742.0
1745,3,rrrrGGrrrGrrrrrr,1746.0
1750,4,rrrryyrrryrrrrrr,1752.0
1755,5,gGgrrrrrrrGrGGrG,1757.0
1760,6,gGgrrrrrrrrrrrrr,1762.0
1765,8,rrrrrrrrrrGGGGGG,1770.0
1770,9,rrrrrrrrrrrrrrrr,1775.0
1775,0,rrrGggGGGgrGrrrr,1780.0
1780,0,rrrGggGGGgrGrrrr,1782.0
1785,0,rrrGggGGGgrGrrrr,1786.0
1790,0,rrrGggGGGgrGrrrr,1791.0
1795,1,rrrGggGGGgrrrrrr,1796.0
1800,3,rrrrGGrrrGrrrrrr,1804.0
1805,4,rrrryyrrryrrrrrr,1807.0
1810,5,gGgrrrrrrrGrGGrG,1812.0
1815,6,gGgrrrrrrrrrrrrr,1817.0
1820,8,rrrrrrrrrrGGGGGG,1825.0
1825,9,rrrrrrrrrrrrrrrr,1830.0
1830,0,rrrGggGGGgrGrrrr,1835.0
1835,0,rrrGggGGGgrGrrrr,1837.0
1840,0,rrrGggGGGgrGrrrr,1842.0
1845,1,rrrGggGGGgrrrrrr,1848.0
1850,2,rrryggyyygrrrrrr,1851.0
1855,3,rrrrGGrrrGrrrrrr,1856.0
1860,3,rrrrGGrrrGrrrrrr,1861.0
1865,4,rrrryyrrryrrrrrr,1867.0
1870,5,gGgrrrrrrrGrGGrG,1872.0
1875,6,gGgrrrrrrrrrrrrr,1877.0
1880,8,rrrrrrrrrrGGGGGG,1885.0
1885,9,rrrrrrrrrrrrrrrr,1890.0
1890,0,rrrGggGGGgrGrrrr,1895.0
1895,0,rrrGggGGGgrGrrrr,1897.0
1900,0,rrrGggGGGgrGrrrr,1901.0
1905,0,rrrGggGGGgrGrrrr,1907.0
1910,1,rrrGggGGGgrrrrrr,1915.0
1915,2,rrryggyyygrrrrrr,1918.0
1920,3,rrrrGGrrrGrrrrrr,1923.0
1925,4,rrrryyrrryrrrrrr,1926.0
1930,5,gGgrrrrrrrGrGGrG,1931.0
1935,6,gGgrrrrrrrrrrrrr,1936.0
1940,8,rrrrrrrrrrGGGGGG,1944.0
1945,9,rrrrrrrrrrrrrrrr,1949.0
1950,0,rrrGggGGGgrGrrrr,1954.0
1955,0,rrrGggGGGgrGrrrr,1956.0
1960,0,rrrGggGGGgrGrrrr,1962.0
1965,1,rrrGggGGGgrrrrrr,1968.0
1970,2,rrryggyyygrrrrrr,1971.0
1975,3,rrrrGGrrrGrrrrrr,1976.0
1980,3,rrrrGGrrrGrrrrrr,1981.0
1985,5,gGgrrrrrrrGrGGrG,1989.0
1990,6,gGgrrrrrrrrrrrrr,1995.0
1995,7,yyyrrrrrrrrrrrrr,1998.0
2000,8,rrrrrrrrrrGGGGGG,2003.0
2005,9,rrrrrrrrrrrrrrrr,2008.0
2010,0,rrrGggGGGgrGrrrr,2013.0
2015,0,rrrGggGGGgrGrrrr,2017.0
2020,0,rrrGggGGGgrGrrrr,2021.0
2025,0,rrrGggGGGgrGrrrr,2027.0
2030,0,rrrGggGGGgrGrrrr,2031.0
2035,0,rrrGggGGGgrGrrrr,2036.0
2040,0,rrrGggGGGgrGrrrr,2041.0
2045,1,rrrGggGGGgrrrrrr,2046.0
2050,3,rrrrGGrrrGrrrrrr,2054.0
2055,4,rrrryyrrryrrrrrr,2057.0
2060,5,gGgrrrrrrrGrGGrG,2062.0
2065,6,gGgrrrrrrrrrrrrr,2067.0
2070,8,rrrrrrrrrrGGGGGG,2075.0
2075,9,rrrrrrrrrrrrrrrr,2080.0
2080,0,rrrGggGGGgrGrrrr,2085.0
2085,0,rrrGggGGGgrGrrrr,2087.0
2090,0,rrrGggGGGgrGrrrr,2092.0
2095,0,rrrGggGGGgrGrrrr,2096.0
2100,1,rrrGggGGGgrrrrrr,2103.0
2105,2,rrryggyyygrrrrrr,2106.0
2110,3,rrrrGGrrrGrrrrrr,2111.0
2115,5,gGgrrrrrrrGrGGrG,2119.0
2120,6,gGgrrrrrrrrrrrrr,2124.0
2125,7,yyyrrrrrrrrrrrrr,2127.0
2130,8,rrrrrrrrrrGGGGGG,2132.0
2135,9,rrrrrrrrrrrrrrrr,2137.0
2140,0,rrrGggGGGgrGrrrr,2142.0
2145,0,rrrGggGGGgrGrrrr,2147.0
2150,0,rrrGggGGGgrGrrrr,2152.0
2155,0,rrrGggGGGgrGrrrr,2156.0
2160,0,rrrGggGGGgrGrrrr,2161.0
2165,0,rrrGggGGGgrGrrrr,2167.0
2170,0,rrrGggGGGgrGrrrr,2171.0
2175,1,rrrGggGGGgrrrrrr,2176.0
2180,3,rrrrGGrrrGrrrrrr,2184.0
2185,4,rrrryyrrryrrrrrr,2187.0
2190,5,gGgrrrrrrrGrGGrG,2192.0
2195,6,gGgrrrrrrrrrrrrr,2197.0
2200,8,rrrrrrrrrrGGGGGG,2205.0
2205,9,rrrrrrrrrrrrrrrr,2210.0
2210,0,rrrGggGGGgrGrrrr,2215.0
2215,0,rrrGggGGGgrGrrrr,2217.0
2220,0,rrrGggGGGgrGrrrr,2222.0
2225,0,rrrGggGGGgrGrrrr,2226.0
2230,1,rrrGggGGGgrrrrrr,2232.0
2235,3,rrrrGGrrrGrrrrrr,2240.0
2240,3,rrrrGGrrrGrrrrrr,2242.0
2245,4,rrrryyrrryrrrrrr,2248.0
2250,5,gGgrrrrrrrGrGGrG,2253.0
2255,6,gGgrrrrrrrrrrrrr,2258.0
2260,7,yyyrrrrrrrrrrrrr,2261.0
2265,8,rrrrrrrrrrGGGGGG,2266.0
2270,9,rrrrrrrrrrrrrrrr,2271.0
2275,0,rrrGggGGGgrGrrrr,2276.0
2280,0,rrrGggGGGgrGrrrr,2282.0
2285,0,rrrGggGGGgrGrrrr,2286.0
2290,0,rrrGggGGGgrGrrrr,2291.0
2295,1,rrrGggGGGgrrrrrr,2297.0
2300,3,rrrrGGrrrGrrrrrr,2305.0
2305,4,rrrryyrrryrrrrrr,2308.0
2310,5,gGgrrrrrrrGrGGrG,2313.0
2315,6,gGgrrrrrrrrrrrrr,2318.0
2320,7,yyyrrrrrrrrrrrrr,2321.0
2325,8,rrrrrrrrrrGGGGGG,2326.0
2330,9,rrrrrrrrrrrrrrrr,2331.0
2335,0,rrrGggGGGgrGrrrr,2336.0
2340,0,rrrGggGGGgrGrrrr,2342.0
2345,1,rrrGggGGGgrrrrrr,2350.0
2350,2,rrryggyyygrrrrrr,2353.0
2355,3,rrrrGGrrrGrrrrrr,2358.0
2360,4,rrrryyrrryrrrrrr,2361.0
2365,5,gGgrrrrrrrGrGGrG,2366.0
2370,6,gGgrrrrrrrrrrrrr,2371.0
2375,8,rrrrrrrrrrGGGGGG,2379.0
2380,9,rrrrrrrrrrrrrrrr,2384.0
2385,0,rrrGggGGGgrGrrrr,2389.0
2390,0,rrrGggGGGgrGrrrr,2391.0
2395,0,rrrGggGGGgrGrrrr,2397.0
2400,1,rrrGggGGGgrrrrrr,2405.0
2405,2,rrryggyyygrrrrrr,2408.0
2410,3,rrrrGGrrrGrrrrrr,2413.0
2415,3,rrrrGGrrrGrrrrrr,2417.0
2420,4,rrrryyrrryrrrrrr,2422.0
2425,5,gGgrrrrrrrGrGGrG,2427.0
2430,6,gGgrrrrrrrrrrrrr,2432.0
2435,8,rrrrrrrrrrGGGGGG,2440.0
2440,9,rrrrrrrrrrrrrrrr,2445.0
2445,0,rrrGggGGGgrGrrrr,2450.0
2450,0,rrrGggGGGgrGrrrr,2452.0
2455,0,rrrGggGGGgrGrrrr,2457.0
2460,1,rrrGggGGGgrrrrrr,2464.0
2465,2,rrryggyyygrrrrrr,2467.0
2470,3,rrrrGGrrrGrrrrrr,2472.0
2475,4,rrrryyrrryrrrrrr,2478.0
2480,5,gGgrrrrrrrGrGGrG,2483.0
2485,5,gGgrrrrrrrGrGGrG,2486.0
2490,6,gGgrrrrrrrrrrrrr,2491.0
2495,8,rrrrrrrrrrGGGGGG,2499.0
2500,9,rrrrrrrrrrrrrrrr,2504.0
2505,0,rrrGggGGGgrGrrrr,2509.0
2510,0,rrrGggGGGgrGrrrr,2511.0
2515,0,rrrGggGGGgrGrrrr,2517.0
2520,0,rrrGggGGGgrGrrrr,2521.0
2525,1,rrrGggGGGgrrrrrr,2528.0
2530,2,rrryggyyygrrrrrr,2531.0
2535,3,rrrrGGrrrGrrrrrr,2536.0
2540,5,gGgrrrrrrrGrGGrG,2544.0
2545,5,gGgrrrrrrrGrGGrG,2546.0
2550,6,gGgrrrrrrrrrrrrr,2552.0
2555,8,rrrrrrrrrrGGGGGG,2560.0
2560,9,rrrrrrrrrrrrrrrr,2565.0
2565,0,rrrGggGGGgrGrrrr,2570.0
2570,0,rrrGggGGGgrGrrrr,2572.0
2575,0,rrrGggGGGgrGrrrr,2576.0
2580,1,rrrGggGGGgrrrrrr,2584.0
2585,2,rrryggyyygrrrrrr,2587.0
2590,3,rrrrGGrrrGrrrrrr,2592.0
2595,5,gGgrrrrrrrGrGGrG,2600.0
2600,6,gGgrrrrrrrrrrrrr,2605.0
2605,7,yyyrrrrrrrrrrrrr,2608.0
2610,8,rrrrrrrrrrGGGGGG,2613.0
2615,9,rrrrrrrrrrrrrrrr,2618.0
2620,0,rrrGggGGGgrGrrrr,2623.0
2625,0,rrrGggGGGgrGrrrr,2627.0
2630,0,rrrGggGGGgrGrrrr,2631.0
2635,0,rrrGggGGGgrGrrrr,2637.0
2640,0,rrrGggGGGgrGrrrr,2641.0
2645,1,rrrGggGGGgrrrrrr,2650.0
2650,2,rrryggyyygrrrrrr,2653.0
2655,3,rrrrGGrrrGrrrrrr,2658.0
2660,4,rrrryyrrryrrrrrr,2663.0
2665,5,gGgrrrrrrrGrGGrG,2668.0
2670,6,gGgrrrrrrrrrrrrr,2673.0
2675,7,yyyrrrrrrrrrrrrr,2676.0
2680,8,rrrrrrrrrrGGGGGG,2681.0
2685,9,rrrrrrrrrrrrrrrr,2686.0
2690,0,rrrGggGGGgrGrrrr,2691.0
2695,0,rrrGggGGGgrGrrrr,2697.0
2700,0,rrrGggGGGgrGrrrr,2701.0
2705,1,rrrGggGGGgrrrrrr,2706.0
2710,3,rrrrGGrrrGrrrrrr,2714.0
2715,3,rrrrGGrrrGrrrrrr,2716.0
2720,3,rrrrGGrrrGrrrrrr,2722.0
2725,3,rrrrGGrrrGrrrrrr,2726.0
2730,3,rrrrGGrrrGrrrrrr,2732.0
2735,3,rrrrGGrrrGrrrrrr,2736.0
2740,3,rrrrGGrrrGrrrrrr,2742.0
2745,3,rrrrGGrrrGrrrrrr,2746.0
2750,3,rrrrGGrrrGrrrrrr,2752.0
2755,3,rrrrGGrrrGrrrrrr,2756.0
2760,4,rrrryyrrryrrrrrr,2762.0
2765,5,gGgrrrrrrrGrGGrG,2767.0
2770,6,gGgrrrrrrrrrrrrr,2772.0
2775,8,rrrrrrrrrrGGGGGG,2780.0
2780,9,rrrrrrrrrrrrrrrr,2785.0
2785,0,rrrGggGGGgrGrrrr,2790.0
2790,0,rrrGggGGGgrGrrrr,2792.0
2795,0,rrrGggGGGgrGrrrr,2796.0
2800,0,rrrGggGGGgrGrrrr,2802.0
2805,0,rrrGggGGGgrGrrrr,2806.0
2810,0,rrrGggGGGgrGrrrr,2811.0
2815,0,rrrGggGGGgrGrrrr,2816.0
2820,0,rrrGggGGGgrGrrrr,2822.0
2825,0,rrrGggGGGgrGrrrr,2826.0
2830,0,rrrGggGGGgrGrrrr,2832.0
2835,1,rrrGggGGGgrrrrrr,2840.0
2840,2,rrryggyyygrrrrrr,2843.0
2845,3,rrrrGGrrrGrrrrrr,2848.0
2850,4,rrrryyrrryrrrrrr,2851.0
2855,5,gGgrrrrrrrGrGGrG,2856.0
2860,6,gGgrrrrrrrrrrrrr,2861.0
2865,8,rrrrrrrrrrGGGGGG,2869.0
2870,9,rrrrrrrrrrrrrrrr,2874.0
2875,0,rrrGggGGGgrGrrrr,2879.0
2880,0,rrrGggGGGgrGrrrr,2881.0
2885,0,rrrGggGGGgrGrrrr,2887.0
2890,1,rrrGggGGGgrrrrrr,2895.0
2895,2,rrryggyyygrrrrrr,2898.0
2900,3,rrrrGGrrrGrrrrrr,2903.0
2905,4,rrrryyrrryrrrrrr,2906.0
2910,5,gGgrrrrrrrGrGGrG,2911.0
2915,6,gGgrrrrrrrrrrrrr,2916.0
2920,8,rrrrrrrrrrGGGGGG,2924.0
2925,9,rrrrrrrrrrrrrrrr,2929.0
2930,0,rrrGggGGGgrGrrrr,2934.0
2935,0,rrrGggGGGgrGrrrr,2936.0
2940,0,rrrGggGGGgrGrrrr,2942.0
2945,0,rrrGggGGGgrGrrrr,2946.0
2950,1,rrrGggGGGgrrrrrr,2951.0
2955,3,rrrrGGrrrGrrrrrr,2959.0
2960,4,rrrryyrrryrrrrrr,2962.0
2965,5,gGgrrrrrrrGrGGrG,2967.0
2970,6,gGgrrrrrrrrrrrrr,2972.0
2975,8,rrrrrrrrrrGGGGGG,2980.0
2980,9,rrrrrrrrrrrrrrrr,2985.0
2985,0,rrrGggGGGgrGrrrr,2990.0
2990,0,rrrGggGGGgrGrrrr,2992.0
2995,0,rrrGggGGGgrGrrrr,2996.0
3000,0,rrrGggGGGgrGrrrr,3002.0
3005,0,rrrGggGGGgrGrrrr,3006.0
3010,1,rrrGggGGGgrrrrrr,3012.0
3015,3,rrrrGGrrrGrrrrrr,3020.0
3020,4,rrrryyrrryrrrrrr,3023.0
3025,5,gGgrrrrrrrGrGGrG,3028.0
3030,5,gGgrrrrrrrGrGGrG,3031.0
3035,6,gGgrrrrrrrrrrrrr,3037.0
3040,8,rrrrrrrrrrGGGGGG,3045.0
3045,9,rrrrrrrrrrrrrrrr,3050.0
3050,0,rrrGggGGGgrGrrrr,3055.0
3055,0,rrrGggGGGgrGrrrr,3057.0
3060,0,rrrGggGGGgrGrrrr,3061.0
3065,0,rrrGggGGGgrGrrrr,3066.0
3070,1,rrrGggGGGgrrrrrr,3072.0
3075,3,rrrrGGrrrGrrrrrr,3080.0
3080,3,rrrrGGrrrGrrrrrr,3081.0
3085,5,gGgrrrrrrrGrGGrG,3089.0
3090,6,gGgrrrrrrrrrrrrr,3094.0
3095,7,yyyrrrrrrrrrrrrr,3097.0
3100,8,rrrrrrrrrrGGGGGG,3102.0
3105,9,rrrrrrrrrrrrrrrr,3107.0
3110,0,rrrGggGGGgrGrrrr,3112.0
3115,1,rrrGggGGGgrrrrrr,3117.0
3120,3,rrrrGGrrrGrrrrrr,3125.0
3125,4,rrrryyrrryrrrrrr,3128.0
3130,5,gGgrrrrrrrGrGGrG,3133.0
3135,6,gGgrrrrrrrrrrrrr,3138.0
3140,7,yyyrrrrrrrrrrrrr,3141.0
3145,8,rrrrrrrrrrGGGGGG,3146.0
3150,9,rrrrrrrrrrrrrrrr,3151.0
3155,0,rrrGggGGGgrGrrrr,3156.0
3160,1,rrrGggGGGgrrrrrr,3161.0
3165,3,rrrrGGrrrGrrrrrr,3169.0
3170,4,rrrryyrrryrrrrrr,3172.0
3175,5,gGgrrrrrrrGrGGrG,3177.0
3180,6,gGgrrrrrrrrrrrrr,3182.0
3185,8,rrrrrrrrrrGGGGGG,3190.0
3190,9,rrrrrrrrrrrrrrrr,3195.0
3195,0,rrrGggGGGgrGrrrr,3200.0
3200,1,rrrGggGGGgrrrrrr,3205.0
3205,2,rrryggyyygrrrrrr,3208.0
3210,3,rrrrGGrrrGrrrrrr,3213.0
3215,4,rrrryyrrryrrrrrr,3216.0
3220,5,gGgrrrrrrrGrGGrG,3221.0
3225,6,gGgrrrrrrrrrrrrr,3226.0
3230,8,rrrrrrrrrrGGGGGG,3234.0
3235,9,rrrrrrrrrrrrrrrr,3239.0
3240,0,rrrGggGGGgrGrrrr,3244.0
3245,1,rrrGggGGGgrrrrrr,3249.0
3250,2,rrryggyyygrrrrrr,3252.0
3255,3,rrrrGGrrrGrrrrrr,3257.0
3260,5,gGgrrrrrrrGrGGrG,3265.0
3265,6,gGgrrrrrrrrrrrrr,3270.0
3270,7,yyyrrrrrrrrrrrrr,3273.0
3275,8,rrrrrrrrrrGGGGGG,3278.0
3280,9,rrrrrrrrrrrrrrrr,3283.0
3285,0,rrrGggGGGgrGrrrr,3288.0
3290,1,rrrGggGGGgrrrrrr,3293.0
3295,2,rrryggyyygrrrrrr,3296.0
3300,3,rrrrGGrrrGrrrrrr,3301.0
3305,5,gGgrrrrrrrGrGGrG,3309.0
3310,6,gGgrrrrrrrrrrrrr,3314.0
3315,7,yyyrrrrrrrrrrrrr,3317.0
3320,8,rrrrrrrrrrGGGGGG,3322.0
3325,9,rrrrrrrrrrrrrrrr,3327.0
3330,0,rrrGggGGGgrGrrrr,3332.0
3335,0,rrrGggGGGgrGrrrr,3337.0
3340,1,rrrGggGGGgrrrrrr,3344.0
3345,2,rrryggyyygrrrrrr,3347.0
3350,3,rrrrGGrrrGrrrrrr,3352.0
3355,5,gGgrrrrrrrGrGGrG,3360.0
3360,6,gGgrrrrrrrrrrrrr,3365.0
3365,7,yyyrrrrrrrrrrrrr,3368.0
3370,8,rrrrrrrrrrGGGGGG,3373.0
3375,9,rrrrrrrrrrrrrrrr,3378.0
3380,0,rrrGggGGGgrGrrrr,3383.0
3385,0,rrrGggGGGgrGrrrr,3386.0
3390,0,rrrGggGGGgrGrrrr,3391.0
3395,1,rrrGggGGGgrrrrrr,3400.0
3400,2,rrryggyyygrrrrrr,3403.0
3405,3,rrrrGGrrrGrrrrrr,3408.0
3410,3,rrrrGGrrrGrrrrrr,3411.0
3415,5,gGgrrrrrrrGrGGrG,3420.0
3420,6,gGgrrrrrrrrrrrrr,3425.0
3425,7,yyyrrrrrrrrrrrrr,3428.0
3430,8,rrrrrrrrrrGGGGGG,3433.0
3435,9,rrrrrrrrrrrrrrrr,3438.0
3440,0,rrrGggGGGgrGrrrr,3443.0
3445,0,rrrGggGGGgrGrrrr,3446.0
3450,1,rrrGggGGGgrrrrrr,3452.0
3455,3,rrrrGGrrrGrrrrrr,3460.0
3460,4,rrrryyrrryrrrrrr,3463.0
3465,5,gGgrrrrrrrGrGGrG,3468.0
3470,6,gGgrrrrrrrrrrrrr,3473.0
3475,7,yyyrrrrrrrrrrrrr,3476.0
3480,8,rrrrrrrrrrGGGGGG,3481.0
3485,9,rrrrrrrrrrrrrrrr,3486.0
3490,0,rrrGggGGGgrGrrrr,3491.0
3495,0,rrrGggGGGgrGrrrr,3497.0
3500,0,rrrGggGGGgrGrrrr,3502.0
3505,1,rrrGggGGGgrrrrrr,3508.0
3510,2,rrryggyyygrrrrrr,3511.0
3515,3,rrrrGGrrrGrrrrrr,3516.0
3520,3,rrrrGGrrrGrrrrrr,3521.0
3525,5,gGgrrrrrrrGrGGrG,3529.0
3530,6,gGgrrrrrrrrrrrrr,3534.0
3535,7,yyyrrrrrrrrrrrrr,3537.0
3540,8,rrrrrrrrrrGGGGGG,3542.0
3545,9,rrrrrrrrrrrrrrrr,3547.0
3550,0,rrrGggGGGgrGrrrr,3552.0
3555,0,rrrGggGGGgrGrrrr,3556.0
3560,0,rrrGggGGGgrGrrrr,3562.0
3565,0,rrrGggGGGgrGrrrr,3566.0
3570,0,rrrGggGGGgrGrrrr,3572.0
3575,0,rrrGggGGGgrGrrrr,3577.0
3580,1,rrrGggGGGgrrrrrr,3583.0
3585,2,rrryggyyygrrrrrr,3586.0
3590,3,rrrrGGrrrGrrrrrr,3591.0
3595,5,gGgrrrrrrrGrGGrG,3599.0
3600,6,gGgrrrrrrrrrrrrr,3604.0
3605,7,yyyrrrrrrrrrrrrr,3607.0
3610,8,rrrrrrrrrrGGGGGG,3612.0
3615,9,rrrrrrrrrrrrrrrr,3617.0
3620,0,rrrGggGGGgrGrrrr,3622.0
3625,1,rrrGggGGGgrrrrrr,3627.0
3630,3,rrrrGGrrrGrrrrrr,3635.0
3635,3,rrrrGGrrrGrrrrrr,3636.0
3640,5,gGgrrrrrrrGrGGrG,3645.0
3645,6,gGgrrrrrrrrrrrrr,3650.0
3650,7,yyyrrrrrrrrrrrrr,3653.0
3655,8,rrrrrrrrrrGGGGGG,3658.0
3660,9,rrrrrrrrrrrrrrrr,3663.0
3665,0,rrrGggGGGgrGrrrr,3668.0
3670,1,rrrGggGGGgrrrrrr,3673.0
3675,2,rrryggyyygrrrrrr,3676.0
3680,3,rrrrGGrrrGrrrrrr,3681.0
3685,5,gGgrrrrrrrGrGGrG,3689.0
3690,6,gGgrrrrrrrrrrrrr,3694.0
3695,7,yyyrrrrrrrrrrrrr,3697.0
3700,8,rrrrrrrrrrGGGGGG,3702.0
3705,9,rrrrrrrrrrrrrrrr,3707.0
3710,0,rrrGggGGGgrGrrrr,3712.0
3715,0,rrrGggGGGgrGrrrr,3716.0
3720,1,rrrGggGGGgrrrrrr,3721.0
3725,3,rrrrGGrrrGrrrrrr,3729.0
3730,4,rrrryyrrryrrrrrr,3732.0
3735,5,gGgrrrrrrrGrGGrG,3737.0
3740,5,gGgrrrrrrrGrGGrG,3741.0
3745,6,gGgrrrrrrrrrrrrr,3746.0
3750,8,rrrrrrrrrrGGGGGG,3754.0
3755,9,rrrrrrrrrrrrrrrr,3759.0
3760,0,rrrGggGGGgrGrrrr,3764.0
3765,0,rrrGggGGGgrGrrrr,3766.0
3770,1,rrrGggGGGgrrrrrr,3773.0
3775,2,rrryggyyygrrrrrr,3776.0
3780,3,rrrrGGrrrGrrrrrr,3781.0
3785,5,gGgrrrrrrrGrGGrG,3789.0
3790,6,gGgrrrrrrrrrrrrr,3794.0
3795,7,yyyrrrrrrrrrrrrr,3797.0
3800,8,rrrrrrrrrrGGGGGG,3802.0
3805,9,rrrrrrrrrrrrrrrr,3807.0
3810,0,rrrGggGGGgrGrrrr,3812.0
3815,1,rrrGggGGGgrrrrrr,3817.0
3820,3,rrrrGGrrrGrrrrrr,3825.0
3825,4,rrrryyrrryrrrrrr,3828.0
3830,5,gGgrrrrrrrGrGGrG,3833.0
3835,6,gGgrrrrrrrrrrrrr,3838.0
3840,7,yyyrrrrrrrrrrrrr,3841.0
3845,8,rrrrrrrrrrGGGGGG,3846.0
3850,9,rrrrrrrrrrrrrrrr,3851.0
3855,0,rrrGggGGGgrGrrrr,3856.0
3860,1,rrrGggGGGgrrrrrr,3861.0
3865,3,rrrrGGrrrGrrrrrr,3869.0
3870,4,rrrryyrrryrrrrrr,3872.0
3875,5,gGgrrrrrrrGrGGrG,3877.0
3880,6,gGgrrrrrrrrrrrrr,3882.0
3885,8,rrrrrrrrrrGGGGGG,3890.0
3890,9,rrrrrrrrrrrrrrrr,3895.0
3895,0,rrrGggGGGgrGrrrr,3900.0
3900,0,rrrGggGGGgrGrrrr,3902.0
3905,0,rrrGggGGGgrGrrrr,3907.0
3910,1,rrrGggGGGgrrrrrr,3915.0
3915,2,rrryggyyygrrrrrr,3918.0
3920,3,rrrrGGrrrGrrrrrr,3923.0
3925,4,rrrryyrrryrrrrrr,3926.0
3930,5,gGgrrrrrrrGrGGrG,3931.0
3935,6,gGgrrrrrrrrrrrrr,3936.0
3940,8,rrrrrrrrrrGGGGGG,3944.0
3945,9,rrrrrrrrrrrrrrrr,3949.0
3950,0,rrrGggGGGgrGrrrr,3954.0
3955,0,rrrGggGGGgrGrrrr,3956.0
3960,0,rrrGggGGGgrGrrrr,3962.0
3965,1,rrrGggGGGgrrrrrr,3970.0
3970,2,rrryggyyygrrrrrr,3973.0
3975,3,rrrrGGrrrGrrrrrr,3978.0
3980,3,rrrrGGrrrGrrrrrr,3981.0
3985,5,gGgrrrrrrrGrGGrG,3990.0
3990,6,gGgrrrrrrrrrrrrr,3995.0
3995,7,yyyrrrrrrrrrrrrr,3998.0
4000,8,rrrrrrrrrrGGGGGG,4003.0
4005,9,rrrrrrrrrrrrrrrr,4008.0
4010,0,rrrGggGGGgrGrrrr,4013.0
4015,1,rrrGggGGGgrrrrrr,4018.0
4020,2,rrryggyyygrrrrrr,4021.0
4025,3,rrrrGGrrrGrrrrrr,4026.0
4030,5,gGgrrrrrrrGrGGrG,4034.0
4035,5,gGgrrrrrrrGrGGrG,4036.0
4040,6,gGgrrrrrrrrrrrrr,4041.0
4045,8,rrrrrrrrrrGGGGGG,4049.0
4050,9,rrrrrrrrrrrrrrrr,4054.0
4055,0,rrrGggGGGgrGrrrr,4059.0
4060,0,rrrGggGGGgrGrrrr,4061.0
4065,0,rrrGggGGGgrGrrrr,4067.0
4070,1,rrrGggGGGgrrrrrr,4075.0
4075,2,rrryggyyygrrrrrr,4078.0
4080,3,rrrrGGrrrGrrrrrr,4083.0
4085,4,rrrryyrrryrrrrrr,4086.0
4090,5,gGgrrrrrrrGrGGrG,4091.0
4095,6,gGgrrrrrrrrrrrrr,4096.0
4100,8,rrrrrrrrrrGGGGGG,4104.0
4105,9,rrrrrrrrrrrrrrrr,4109.0
4110,0,rrrGggGGGgrGrrrr,4114.0
4115,1,rrrGggGGGgrrrrrr,4120.0
4120,2,rrryggyyygrrrrrr,4123.0
4125,3,rrrrGGrrrGrrrrrr,4128.0
4130,4,rrrryyrrryrrrrrr,4131.0
4135,5,gGgrrrrrrrGrGGrG,4136.0
4140,6,gGgrrrrrrrrrrrrr,4141.0
4145,8,rrrrrrrrrrGGGGGG,4149.0
4150,9,rrrrrrrrrrrrrrrr,4154.0
4155,0,rrrGggGGGgrGrrrr,4159.0
4160,0,rrrGggGGGgrGrrrr,4161.0
4165,1,rrrGggGGGgrrrrrr,4168.0
4170,2,rrryggyyygrrrrrr,4171.0
4175,3,rrrrGGrrrGrrrrrr,4176.0
4180,5,gGgrrrrrrrGrGGrG,4184.0
4185,6,gGgrrrrrrrrrrrrr,4189.0
4190,7,yyyrrrrrrrrrrrrr,4192.0
4195,8,rrrrrrrrrrGGGGGG,4197.0
4200,9,rrrrrrrrrrrrrrrr,4202.0
4205,0,rrrGggGGGgrGrrrr,4207.0
4210,0,rrrGggGGGgrGrrrr,4212.0
4215,0,rrrGggGGGgrGrrrr,4217.0
4220,0,rrrGggGGGgrGrrrr,4221.0
4225,0,rrrGggGGGgrGrrrr,4226.0
4230,1,rrrGggGGGgrrrrrr,4233.0
4235,2,rrryggyyygrrrrrr,4236.0
4240,3,rrrrGGrrrGrrrrrr,4241.0
4245,5,gGgrrrrrrrGrGGrG,4249.0
4250,6,gGgrrrrrrrrrrrrr,4254.0
4255,7,yyyrrrrrrrrrrrrr,4257.0
4260,8,rrrrrrrrrrGGGGGG,4262.0
4265,9,rrrrrrrrrrrrrrrr,4267.0
4270,0,rrrGggGGGgrGrrrr,4272.0
4275,0,rrrGggGGGgrGrrrr,4276.0
4280,0,rrrGggGGGgrGrrrr,4281.0
4285,1,rrrGggGGGgrrrrrr,4289.0
4290,2,rrryggyyygrrrrrr,4292.0
4295,3,rrrrGGrrrGrrrrrr,4297.0
4300,5,gGgrrrrrrrGrGGrG,4305.0
4305,6,gGgrrrrrrrrrrrrr,4310.0
4310,7,yyyrrrrrrrrrrrrr,4313.0
4315,8,rrrrrrrrrrGGGGGG,4318.0
4320,9,rrrrrrrrrrrrrrrr,4323.0
4325,0,rrrGggGGGgrGrrrr,4328.0
4330,0,rrrGggGGGgrGrrrr,4332.0
4335,0,rrrGggGGGgrGrrrr,4336.0
4340,0,rrrGggGGGgrGrrrr,4341.0
4345,1,rrrGggGGGgrrrrrr,4346.0
4350,3,rrrrGGrrrGrrrrrr,4354.0
4355,3,rrrrGGrrrGrrrrrr,4356.0
4360,4,rrrryyrrryrrrrrr,4362.0
4365,5,gGgrrrrrrrGrGGrG,4367.0
4370,6,gGgrrrrrrrrrrrrr,4372.0
4375,8,rrrrrrrrrrGGGGGG,4380.0
4380,9,rrrrrrrrrrrrrrrr,4385.0
4385,0,rrrGggGGGgrGrrrr,4390.0
4390,0,rrrGggGGGgrGrrrr,4392.0
4395,0,rrrGggGGGgrGrrrr,4396.0
4400,0,rrrGggGGGgrGrrrr,4401.0
4405,1,rrrGggGGGgrrrrrr,4407.0
4410,3,rrrrGGrrrGrrrrrr,4415.0
4415,4,rrrryyrrryrrrrrr,4418.0
4420,5,gGgrrrrrrrGrGGrG,4423.0
4425,6,gGgrrrrrrrrrrrrr,4428.0
4430,7,yyyrrrrrrrrrrrrr,4431.0
4435,8,rrrrrrrrrrGGGGGG,4436.0
4440,9,rrrrrrrrrrrrrrrr,4441.0
4445,0,rrrGggGGGgrGrrrr,4446.0
4450,0,rrrGggGGGgrGrrrr,4452.0
4455,0,rrrGggGGGgrGrrrr,4456.0
4460,0,rrrGggGGGgrGrrrr,4461.0
4465,1,rrrGggGGGgrrrrrr,4469.0
4470,2,rrryggyyygrrrrrr,4472.0
4475,3,rrrrGGrrrGrrrrrr,4477.0
4480,5,gGgrrrrrrrGrGGrG,4485.0
4485,6,gGgrrrrrrrrrrrrr,4490.0
4490,7,yyyrrrrrrrrrrrrr,4493.0
4495,8,rrrrrrrrrrGGGGGG,4498.0
4500,9,rrrrrrrrrrrrrrrr,4503.0
4505,0,rrrGggGGGgrGrrrr,4508.0
4510,0,rrrGggGGGgrGrrrr,4511.0
4515,0,rrrGggGGGgrGrrrr,4516.0
4520,0,rrrGggGGGgrGrrrr,4521.0
4525,1,rrrGggGGGgrrrrrr,4527.0
4530,3,rrrrGGrrrGrrrrrr,4535.0
4535,3,rrrrGGrrrGrrrrrr,4536.0
4540,4,rrrryyrrryrrrrrr,4543.0
4545,5,gGgrrrrrrrGrGGrG,4548.0
4550,6,gGgrrrrrrrrrrrrr,4553.0
4555,7,yyyrrrrrrrrrrrrr,4556.0
4560,8,rrrrrrrrrrGGGGGG,4561.0
4565,9,rrrrrrrrrrrrrrrr,4566.0
4570,0,rrrGggGGGgrGrrrr,4571.0
4575,0,rrrGggGGGgrGrrrr,4576.0
4580,0,rrrGggGGGgrGrrrr,4581.0
4585,1,rrrGggGGGgrrrrrr,4590.0
4590,2,rrryggyyygrrrrrr,4593.0
4595,3,rrrrGGrrrGrrrrrr,4598.0
4600,4,rrrryyrrryrrrrrr,4601.0
4605,5,gGgrrrrrrrGrGGrG,4606.0
4610,6,gGgrrrrrrrrrrrrr,4611.0
4615,8,rrrrrrrrrrGGGGGG,4619.0
4620,9,rrrrrrrrrrrrrrrr,4624.0
4625,0,rrrGggGGGgrGrrrr,4629.0
4630,0,rrrGggGGGgrGrrrr,4631.0
4635,1,rrrGggGGGgrrrrrr,4640.0
4640,2,rrryggyyygrrrrrr,4643.0
4645,3,rrrrGGrrrGrrrrrr,4648.0
4650,4,rrrryyrrryrrrrrr,4651.0
4655,5,gGgrrrrrrrGrGGrG,4656.0
4660,6,gGgrrrrrrrrrrrrr,4661.0
4665,8,rrrrrrrrrrGGGGGG,4669.0
4670,9,rrrrrrrrrrrrrrrr,4674.0
4675,0,rrrGggGGGgrGrrrr,4679.0
4680,0,rrrGggGGGgrGrrrr,4681.0
4685,0,rrrGggGGGgrGrrrr,4687.0
4690,0,rrrGggGGGgrGrrrr,4692.0
4695,0,rrrGggGGGgrGrrrr,4697.0
4700,0,rrrGggGGGgrGrrrr,4701.0
4705,0,rrrGggGGGgrGrrrr,4707.0
4710,0,rrrGggGGGgrGrrrr,4711.0
4715,0,rrrGggGGGgrGrrrr,4716.0
4720,1,rrrGggGGGgrrrrrr,4723.0
4725,2,rrryggyyygrrrrrr,4726.0
4730,3,rrrrGGrrrGrrrrrr,4731.0
4735,4,rrrryyrrryrrrrrr,4737.0
4740,5,gGgrrrrrrrGrGGrG,4742.0
4745,6,gGgrrrrrrrrrrrrr,4747.0
4750,8,rrrrrrrrrrGGGGGG,4755.0
4755,9,rrrrrrrrrrrrrrrr,4760.0
4760,0,rrrGggGGGgrGrrrr,4765.0
4765,0,rrrGggGGGgrGrrrr,4767.0
4770,0,rrrGggGGGgrGrrrr,4771.0
4775,0,rrrGggGGGgrGrrrr,4777.0
4780,1,rrrGggGGGgrrrrrr,4784.0
4785,2,rrryggyyygrrrrrr,4787.0
4790,3,rrrrGGrrrGrrrrrr,4792.0
4795,5,gGgrrrrrrrGrGGrG,4800.0
4800,6,gGgrrrrrrrrrrrrr,4805.0
4805,7,yyyrrrrrrrrrrrrr,4808.0
4810,8,rrrrrrrrrrGGGGGG,4813.0
4815,9,rrrrrrrrrrrrrrrr,4818.0
4820,0,rrrGggGGGgrGrrrr,4823.0
4825,0,rrrGggGGGgrGrrrr,4827.0
4830,0,rrrGggGGGgrGrrrr,4831.0
4835,0,rrrGggGGGgrGrrrr,4836.0
4840,0,rrrGggGGGgrGrrrr,4842.0
4845,0,rrrGggGGGgrGrrrr,4846.0
4850,0,rrrGggGGGgrGrrrr,4851.0
4855,1,rrrGggGGGgrrrrrr,4856.0
4860,3,rrrrGGrrrGrrrrrr,4864.0
4865,4,rrrryyrrryrrrrrr,4867.0
4870,5,gGgrrrrrrrGrGGrG,4872.0
4875,6,gGgrrrrrrrrrrrrr,4877.0
4880,8,rrrrrrrrrrGGGGGG,4885.0
4885,9,rrrrrrrrrrrrrrrr,4890.0
4890,0,rrrGggGGGgrGrrrr,4895.0
4895,0,rrrGggGGGgrGrrrr,4897.0
4900,0,rrrGggGGGgrGrrrr,4902.0
4905,0,rrrGggGGGgrGrrrr,4906.0
4910,1,rrrGggGGGgrrrrrr,4911.0
4915,3,rrrrGGrrrGrrrrrr,4919.0
4920,4,rrrryyrrryrrrrrr,4922.0
4925,5,gGgrrrrrrrGrGGrG,4927.0
4930,6,gGgrrrrrrrrrrrrr,4932.0
4935,8,rrrrrrrrrrGGGGGG,4940.0
4940,9,rrrrrrrrrrrrrrrr,4945.0
4945,0,rrrGggGGGgrGrrrr,4950.0
4950,0,rrrGggGGGgrGrrrr,4952.0
4955,0,rrrGggGGGgrGrrrr,4956.0
4960,0,rrrGggGGGgrGrrrr,4961.0
4965,1,rrrGggGGGgrrrrrr,4967.0
4970,3,rrrrGGrrrGrrrrrr,4975.0
4975,4,rrrryyrrryrrrrrr,4978.0
4980,5,gGgrrrrrrrGrGGrG,4983.0
4985,6,gGgrrrrrrrrrrrrr,4988.0
4990,7,yyyrrrrrrrrrrrrr,4991.0
4995,8,rrrrrrrrrrGGGGGG,4996.0
5000,9,rrrrrrrrrrrrrrrr,5001.0
5005,0,rrrGggGGGgrGrrrr,5006.0
5010,0,rrrGggGGGgrGrrrr,5011.0
5015,0,rrrGggGGGgrGrrrr,5017.0
5020,0,rrrGggGGGgrGrrrr,5021.0
5025,1,rrrGggGGGgrrrrrr,5027.0
5030,3,rrrrGGrrrGrrrrrr,5035.0
5035,4,rrrryyrrryrrrrrr,5038.0
5040,5,gGgrrrrrrrGrGGrG,5043.0
5045,6,gGgrrrrrrrrrrrrr,5048.0
5050,7,yyyrrrrrrrrrrrrr,5051.0
5055,8,rrrrrrrrrrGGGGGG,5056.0
5060,9,rrrrrrrrrrrrrrrr,5061.0
5065,0,rrrGggGGGgrGrrrr,5066.0
5070,0,rrrGggGGGgrGrrrr,5071.0
5075,1,rrrGggGGGgrrrrrr,5077.0
5080,3,rrrrGGrrrGrrrrrr,5085.0
5085,4,rrrryyrrryrrrrrr,5088.0
5090,5,gGgrrrrrrrGrGGrG,5093.0
5095,6,gGgrrrrrrrrrrrrr,5098.0
5100,7,yyyrrrrrrrrrrrrr,5101.0
5105,8,rrrrrrrrrrGGGGGG,5106.0
5110,9,rrrrrrrrrrrrrrrr,5111.0
5115,0,rrrGggGGGgrGrrrr,5116.0
5120,1,rrrGggGGGgrrrrrr,5121.0
5125,3,rrrrGGrrrGrrrrrr,5129.0
5130,4,rrrryyrrryrrrrrr,5132.0
5135,5,gGgrrrrrrrGrGGrG,5137.0
5140,6,gGgrrrrrrrrrrrrr,5142.0
5145,8,rrrrrrrrrrGGGGGG,5150.0
5150,9,rrrrrrrrrrrrrrrr,5155.0
5155,0,rrrGggGGGgrGrrrr,5160.0
5160,1,rrrGggGGGgrrrrrr,5165.0
5165,2,rrryggyyygrrrrrr,5168.0
5170,3,rrrrGGrrrGrrrrrr,5173.0
5175,4,rrrryyrrryrrrrrr,5176.0
5180,5,gGgrrrrrrrGrGGrG,5181.0
5185,6,gGgrrrrrrrrrrrrr,5186.0
5190,8,rrrrrrrrrrGGGGGG,5194.0
5195,9,rrrrrrrrrrrrrrrr,5199.0
5200,0,rrrGggGGGgrGrrrr,5204.0
5205,1,rrrGggGGGgrrrrrr,5209.0
5210,2,rrryggyyygrrrrrr,5212.0
5215,3,rrrrGGrrrGrrrrrr,5217.0
5220,5,gGgrrrrrrrGrGGrG,5225.0
5225,6,gGgrrrrrrrrrrrrr,5230.0
5230,7,yyyrrrrrrrrrrrrr,5233.0
5235,8,rrrrrrrrrrGGGGGG,5238.0
5240,9,rrrrrrrrrrrrrrrr,5243.0
5245,0,rrrGggGGGgrGrrrr,5248.0
5250,1,rrrGggGGGgrrrrrr,5253.0
5255,2,rrryggyyygrrrrrr,5256.0
5260,3,rrrrGGrrrGrrrrrr,5261.0
5265,5,gGgrrrrrrrGrGGrG,5269.0
5270,6,gGgrrrrrrrrrrrrr,5274.0
5275,7,yyyrrrrrrrrrrrrr,5277.0
5280,8,rrrrrrrrrrGGGGGG,5282.0
5285,9,rrrrrrrrrrrrrrrr,5287.0
5290,0,rrrGggGGGgrGrrrr,5292.0
5295,1,rrrGggGGGgrrrrrr,5297.0
5300,3,rrrrGGrrrGrrrrrr,5305.0
5305,4,rrrryyrrryrrrrrr,5308.0
5310,5,gGgrrrrrrrGrGGrG,5313.0
5315,6,gGgrrrrrrrrrrrrr,5318.0
5320,7,yyyrrrrrrrrrrrrr,5321.0
5325,8,rrrrrrrrrrGGGGGG,5326.0
5330,9,rrrrrrrrrrrrrrrr,5331.0
5335,0,rrrGggGGGgrGrrrr,5336.0
5340,1,rrrGggGGGgrrrrrr,5341.0
5345,3,rrrrGGrrrGrrrrrr,5349.0
5350,4,rrrryyrrryrrrrrr,5352.0
5355,5,gGgrrrrrrrGrGGrG,5357.0
5360,6,gGgrrrrrrrrrrrrr,5362.0
5365,8,rrrrrrrrrrGGGGGG,5370.0
5370,9,rrrrrrrrrrrrrrrr,5375.0
5375,0,rrrGggGGGgrGrrrr,5380.0
5380,1,rrrGggGGGgrrrrrr,5385.0
5385,2,rrryggyyygrrrrrr,5388.0
5390,3,rrrrGGrrrGrrrrrr,5393.0
5395,4,rrrryyrrryrrrrrr,5396.0
5400,5,gGgrrrrrrrGrGGrG,5401.0
5405,6,gGgrrrrrrrrrrrrr,5406.0
5410,8,rrrrrrrrrrGGGGGG,5414.0
5415,9,rrrrrrrrrrrrrrrr,5419.0
5420,0,rrrGggGGGgrGrrrr,5424.0
5425,1,rrrGggGGGgrrrrrr,5429.0
5430,2,rrryggyyygrrrrrr,5432.0
5435,3,rrrrGGrrrGrrrrrr,5437.0
5440,5,gGgrrrrrrrGrGGrG,5445.0
5445,6,gGgrrrrrrrrrrrrr,5450.0
5450,7,yyyrrrrrrrrrrrrr,5453.0
5455,8,rrrrrrrrrrGGGGGG,5458.0
5460,9,rrrrrrrrrrrrrrrr,5463.0
5465,0,rrrGggGGGgrGrrrr,5468.0
5470,1,rrrGggGGGgrrrrrr,5473.0
5475,2,rrryggyyygrrrrrr,5476.0
5480,3,rrrrGGrrrGrrrrrr,5481.0
5485,5,gGgrrrrrrrGrGGrG,5489.0
5490,6,gGgrrrrrrrrrrrrr,5494.0
5495,7,yyyrrrrrrrrrrrrr,5497.0
5500,8,rrrrrrrrrrGGGGGG,5502.0
5505,9,rrrrrrrrrrrrrrrr,5507.0
5510,0,rrrGggGGGgrGrrrr,5512.0
5515,1,rrrGggGGGgrrrrrr,5517.0
5520,3,rrrrGGrrrGrrrrrr,5525.0
5525,4,rrrryyrrryrrrrrr,5528.0
5530,5,gGgrrrrrrrGrGGrG,5533.0
5535,6,gGgrrrrrrrrrrrrr,5538.0
5540,7,yyyrrrrrrrrrrrrr,5541.0
5545,8,rrrrrrrrrrGGGGGG,5546.0
5550,9,rrrrrrrrrrrrrrrr,5551.0
5555,0,rrrGggGGGgrGrrrr,5556.0
5560,1,rrrGggGGGgrrrrrr,5561.0
5565,3,rrrrGGrrrGrrrrrr,5569.0
5570,4,rrrryyrrryrrrrrr,5572.0
5575,5,gGgrrrrrrrGrGGrG,5577.0
5580,6,gGgrrrrrrrrrrrrr,5582.0
5585,8,rrrrrrrrrrGGGGGG,5590.0
5590,9,rrrrrrrrrrrrrrrr,5595.0
5595,0,rrrGggGGGgrGrrrr,5600.0
5600,1,rrrGggGGGgrrrrrr,5605.0
5605,2,rrryggyyygrrrrrr,5608.0
5610,3,rrrrGGrrrGrrrrrr,5613.0
5615,4,rrrryyrrryrrrrrr,5616.0
5620,5,gGgrrrrrrrGrGGrG,5621.0
5625,6,gGgrrrrrrrrrrrrr,5626.0
5630,8,rrrrrrrrrrGGGGGG,5634.0
5635,9,rrrrrrrrrrrrrrrr,5639.0
5640,0,rrrGggGGGgrGrrrr,5644.0
5645,1,rrrGggGGGgrrrrrr,5649.0
5650,2,rrryggyyygrrrrrr,5652.0
5655,3,rrrrGGrrrGrrrrrr,5657.0
5660,5,gGgrrrrrrrGrGGrG,5665.0
5665,6,gGgrrrrrrrrrrrrr,5670.0
5670,7,yyyrrrrrrrrrrrrr,5673.0
5675,8,rrrrrrrrrrGGGGGG,5678.0
5680,9,rrrrrrrrrrrrrrrr,5683.0
5685,0,rrrGggGGGgrGrrrr,5688.0
5690,1,rrrGggGGGgrrrrrr,5693.0
5695,2,rrryggyyygrrrrrr,5696.0
5700,3,rrrrGGrrrGrrrrrr,5701.0
5705,5,gGgrrrrrrrGrGGrG,5709.0
5710,6,gGgrrrrrrrrrrrrr,5714.0
5715,7,yyyrrrrrrrrrrrrr,5717.0
5720,8,rrrrrrrrrrGGGGGG,5722.0
5725,9,rrrrrrrrrrrrrrrr,5727.0
5730,0,rrrGggGGGgrGrrrr,5732.0
5735,1,rrrGggGGGgrrrrrr,5737.0
5740,3,rrrrGGrrrGrrrrrr,5745.0
5745,4,rrrryyrrryrrrrrr,5748.0
5750,5,gGgrrrrrrrGrGGrG,5753.0
5755,6,gGgrrrrrrrrrrrrr,5758.0
5760,7,yyyrrrrrrrrrrrrr,5761.0
5765,8,rrrrrrrrrrGGGGGG,5766.0
5770,9,rrrrrrrrrrrrrrrr,5771.0
5775,0,rrrGggGGGgrGrrrr,5776.0
5780,1,rrrGggGGGgrrrrrr,5781.0
5785,3,rrrrGGrrrGrrrrrr,5789.0
5790,4,rrrryyrrryrrrrrr,5792.0
5795,5,gGgrrrrrrrGrGGrG,5797.0
5800,6,gGgrrrrrrrrrrrrr,5802.0
5805,8,rrrrrrrrrrGGGGGG,5810.0
5810,9,rrrrrrrrrrrrrrrr,5815.0
5815,0,rrrGggGGGgrGrrrr,5820.0
5820,1,rrrGggGGGgrrrrrr,5825.0
5825,2,rrryggyyygrrrrrr,5828.0
5830,3,rrrrGGrrrGrrrrrr,5833.0
5835,4,rrrryyrrryrrrrrr,5836.0
5840,5,gGgrrrrrrrGrGGrG,5841.0
5845,6,gGgrrrrrrrrrrrrr,5846.0
5850,8,rrrrrrrrrrGGGGGG,5854.0
5855,9,rrrrrrrrrrrrrrrr,5859.0
5860,0,rrrGggGGGgrGrrrr,5864.0
5865,1,rrrGggGGGgrrrrrr,5869.0
5870,2,rrryggyyygrrrrrr,5872.0
5875,3,rrrrGGrrrGrrrrrr,5877.0
5880,5,gGgrrrrrrrGrGGrG,5885.0
5885,6,gGgrrrrrrrrrrrrr,5890.0
5890,7,yyyrrrrrrrrrrrrr,5893.0
5895,8,rrrrrrrrrrGGGGGG,5898.0
5900,9,rrrrrrrrrrrrrrrr,5903.0
5905,0,rrrGggGGGgrGrrrr,5908.0
5910,1,rrrGggGGGgrrrrrr,5913.0
5915,2,rrryggyyygrrrrrr,5916.0
5920,3,rrrrGGrrrGrrrrrr,5921.0
5925,5,gGgrrrrrrrGrGGrG,5929.0
5930,6,gGgrrrrrrrrrrrrr,5934.0
5935,7,yyyrrrrrrrrrrrrr,5937.0
5940,8,rrrrrrrrrrGGGGGG,5942.0
5945,9,rrrrrrrrrrrrrrrr,5947.0
5950,0,rrrGggGGGgrGrrrr,5952.0
5955,1,rrrGggGGGgrrrrrr,5957.0
5960,3,rrrrGGrrrGrrrrrr,5965.0
5965,4,rrrryyrrryrrrrrr,5968.0
5970,5,gGgrrrrrrrGrGGrG,5973.0
5975,6,gGgrrrrrrrrrrrrr,5978.0
5980,7,yyyrrrrrrrrrrrrr,5981.0
5985,8,rrrrrrrrrrGGGGGG,5986.0
5990,9,rrrrrrrrrrrrrrrr,5991.0
5995,0,rrrGggGGGgrGrrrr,5996.0
6000,1,rrrGggGGGgrrrrrr,6001.0
6005,3,rrrrGGrrrGrrrrrr,6009.0
6010,4,rrrryyrrryrrrrrr,6012.0
6015,5,gGgrrrrrrrGrGGrG,6017.0
6020,6,gGgrrrrrrrrrrrrr,6022.0
6025,8,rrrrrrrrrrGGGGGG,6030.0
6030,9,rrrrrrrrrrrrrrrr,6035.0
6035,0,rrrGggGGGgrGrrrr,6040.0
6040,1,rrrGggGGGgrrrrrr,6045.0
6045,2,rrryggyyygrrrrrr,6048.0
6050,3,rrrrGGrrrGrrrrrr,6053.0
6055,4,rrrryyrrryrrrrrr,6056.0
6060,5,gGgrrrrrrrGrGGrG,6061.0
6065,6,gGgrrrrrrrrrrrrr,6066.0
6070,8,rrrrrrrrrrGGGGGG,6074.0
6075,9,rrrrrrrrrrrrrrrr,6079.0
6080,0,rrrGggGGGgrGrrrr,6084.0
6085,1,rrrGggGGGgrrrrrr,6089.0
6090,2,rrryggyyygrrrrrr,6092.0
6095,3,rrrrGGrrrGrrrrrr,6097.0
6100,5,gGgrrrrrrrGrGGrG,6105.0
6105,6,gGgrrrrrrrrrrrrr,6110.0
6110,7,yyyrrrrrrrrrrrrr,6113.0
6115,8,rrrrrrrrrrGGGGGG,6118.0
6120,9,rrrrrrrrrrrrrrrr,6123.0
6125,0,rrrGggGGGgrGrrrr,6128.0
6130,1,rrrGggGGGgrrrrrr,6133.0
6135,2,rrryggyyygrrrrrr,6136.0
6140,3,rrrrGGrrrGrrrrrr,6141.0
6145,5,gGgrrrrrrrGrGGrG,6149.0
6150,6,gGgrrrrrrrrrrrrr,6154.0
6155,7,yyyrrrrrrrrrrrrr,6157.0
6160,8,rrrrrrrrrrGGGGGG,6162.0
6165,9,rrrrrrrrrrrrrrrr,6167.0
6170,0,rrrGggGGGgrGrrrr,6172.0
6175,1,rrrGggGGGgrrrrrr,6177.0
6180,3,rrrrGGrrrGrrrrrr,6185.0
6185,4,rrrryyrrryrrrrrr,6188.0
6190,5,gGgrrrrrrrGrGGrG,6193.0
6195,6,gGgrrrrrrrrrrrrr,6198.0
6200,7,yyyrrrrrrrrrrrrr,6201.0
6205,8,rrrrrrrrrrGGGGGG,6206.0
6210,9,rrrrrrrrrrrrrrrr,6211.0
6215,0,rrrGggGGGgrGrrrr,6216.0
6220,1,rrrGggGGGgrrrrrr,6221.0
6225,3,rrrrGGrrrGrrrrrr,6229.0
6230,4,rrrryyrrryrrrrrr,6232.0
6235,5,gGgrrrrrrrGrGGrG,6237.0
6240,6,gGgrrrrrrrrrrrrr,6242.0
6245,8,rrrrrrrrrrGGGGGG,6250.0
6250,9,rrrrrrrrrrrrrrrr,6255.0
6255,0,rrrGggGGGgrGrrrr,6260.0
6260,1,rrrGggGGGgrrrrrr,6265.0
6265,2,rrryggyyygrrrrrr,6268.0
6270,3,rrrrGGrrrGrrrrrr,6273.0
6275,4,rrrryyrrryrrrrrr,6276.0
6280,5,gGgrrrrrrrGrGGrG,6281.0
6285,6,gGgrrrrrrrrrrrrr,6286.0
6290,8,rrrrrrrrrrGGGGGG,6294.0
6295,9,rrrrrrrrrrrrrrrr,6299.0
6300,0,rrrGggGGGgrGrrrr,6304.0
6305,1,rrrGggGGGgrrrrrr,6309.0
6310,2,rrryggyyygrrrrrr,6312.0
6315,3,rrrrGGrrrGrrrrrr,6317.0
6320,5,gGgrrrrrrrGrGGrG,6325.0
6325,6,gGgrrrrrrrrrrrrr,6330.0
6330,7,yyyrrrrrrrrrrrrr,6333.0
6335,8,rrrrrrrrrrGGGGGG,6338.0
6340,9,rrrrrrrrrrrrrrrr,6343.0
6345,0,rrrGggGGGgrGrrrr,6348.0
6350,1,rrrGggGGGgrrrrrr,6353.0
6355,2,rrryggyyygrrrrrr,6356.0
6360,3,rrrrGGrrrGrrrrrr,6361.0
6365,5,gGgrrrrrrrGrGGrG,6369.0
6370,6,gGgrrrrrrrrrrrrr,6374.0
6375,7,yyyrrrrrrrrrrrrr,6377.0
6380,8,rrrrrrrrrrGGGGGG,6382.0
6385,9,rrrrrrrrrrrrrrrr,6387.0
6390,0,rrrGggGGGgrGrrrr,6392.0
6395,1,rrrGggGGGgrrrrrr,6397.0
6400,3,rrrrGGrrrGrrrrrr,6405.0
6405,4,rrrryyrrryrrrrrr,6408.0
6410,5,gGgrrrrrrrGrGGrG,6413.0
6415,6,gGgrrrrrrrrrrrrr,6418.0
6420,7,yyyrrrrrrrrrrrrr,6421.0
6425,8,rrrrrrrrrrGGGGGG,6426.0
6430,9,rrrrrrrrrrrrrrrr,6431.0
6435,0,rrrGggGGGgrGrrrr,6436.0
6440,1,rrrGggGGGgrrrrrr,6441.0
6445,3,rrrrGGrrrGrrrrrr,6449.0
6450,4,rrrryyrrryrrrrrr,6452.0
6455,5,gGgrrrrrrrGrGGrG,6457.0
6460,6,gGgrrrrrrrrrrrrr,6462.0
6465,8,rrrrrrrrrrGGGGGG,6470.0
6470,9,rrrrrrrrrrrrrrrr,6475.0
6475,0,rrrGggGGGgrGrrrr,6480.0
6480,1,rrrGggGGGgrrrrrr,6485.0
6485,2,rrryggyyygrrrrrr,6488.0
6490,3,rrrrGGrrrGrrrrrr,6493.0
6495,4,rrrryyrrryrrrrrr,6496.0
6500,5,gGgrrrrrrrGrGGrG,6501.0
6505,6,gGgrrrrrrrrrrrrr,6506.0
6510,8,rrrrrrrrrrGGGGGG,6514.0
6515,9,rrrrrrrrrrrrrrrr,6519.0
6520,0,rrrGggGGGgrGrrrr,6524.0
6525,1,rrrGggGGGgrrrrrr,6529.0
6530,2,rrryggyyygrrrrrr,6532.0
6535,3,rrrrGGrrrGrrrrrr,6537.0
6540,5,gGgrrrrrrrGrGGrG,6545.0
6545,6,gGgrrrrrrrrrrrrr,6550.0
6550,7,yyyrrrrrrrrrrrrr,6553.0
6555,8,rrrrrrrrrrGGGGGG,6558.0
6560,9,rrrrrrrrrrrrrrrr,6563.0
6565,0,rrrGggGGGgrGrrrr,6568.0
6570,1,rrrGggGGGgrrrrrr,6573.0
6575,2,rrryggyyygrrrrrr,6576.0
6580,3,rrrrGGrrrGrrrrrr,6581.0
6585,5,gGgrrrrrrrGrGGrG,6589.0
6590,6,gGgrrrrrrrrrrrrr,6594.0
6595,7,yyyrrrrrrrrrrrrr,6597.0
6600,8,rrrrrrrrrrGGGGGG,6602.0
6605,9,rrrrrrrrrrrrrrrr,6607.0
6610,0,rrrGggGGGgrGrrrr,6612.0
6615,1,rrrGggGGGgrrrrrr,6617.0
6620,3,rrrrGGrrrGrrrrrr,6625.0
6625,4,rrrryyrrryrrrrrr,6628.0
6630,5,gGgrrrrrrrGrGGrG,6633.0
6635,6,gGgrrrrrrrrrrrrr,6638.0
6640,7,yyyrrrrrrrrrrrrr,6641.0
6645,8,rrrrrrrrrrGGGGGG,6646.0
6650,9,rrrrrrrrrrrrrrrr,6651.0
6655,0,rrrGggGGGgrGrrrr,6656.0
6660,1,rrrGggGGGgrrrrrr,6661.0
6665,3,rrrrGGrrrGrrrrrr,6669.0
6670,4,rrrryyrrryrrrrrr,6672.0
6675,5,gGgrrrrrrrGrGGrG,6677.0
6680,6,gGgrrrrrrrrrrrrr,6682.0
6685,8,rrrrrrrrrrGGGGGG,6690.0
6690,9,rrrrrrrrrrrrrrrr,6695.0
6695,0,rrrGggGGGgrGrrrr,6700.0
6700,1,rrrGggGGGgrrrrrr,6705.0
6705,2,rrryggyyygrrrrrr,6708.0
6710,3,rrrrGGrrrGrrrrrr,6713.0
6715,4,rrrryyrrryrrrrrr,6716.0
6720,5,gGgrrrrrrrGrGGrG,6721.0
6725,6,gGgrrrrrrrrrrrrr,6726.0
6730,8,rrrrrrrrrrGGGGGG,6734.0
6735,9,rrrrrrrrrrrrrrrr,6739.0
6740,0,rrrGggGGGgrGrrrr,6744.0
6745,1,rrrGggGGGgrrrrrr,6749.0
6750,2,rrryggyyygrrrrrr,6752.0
6755,3,rrrrGGrrrGrrrrrr,6757.0
6760,5,gGgrrrrrrrGrGGrG,6765.0
6765,6,gGgrrrrrrrrrrrrr,6770.0
6770,7,yyyrrrrrrrrrrrrr,6773.0
6775,8,rrrrrrrrrrGGGGGG,6778.0
6780,9,rrrrrrrrrrrrrrrr,6783.0
6785,0,rrrGggGGGgrGrrrr,6788.0
6790,1,rrrGggGGGgrrrrrr,6793.0
6795,2,rrryggyyygrrrrrr,6796.0
6800,3,rrrrGGrrrGrrrrrr,6801.0
6805,5,gGgrrrrrrrGrGGrG,6809.0
6810,6,gGgrrrrrrrrrrrrr,6814.0
6815,7,yyyrrrrrrrrrrrrr,6817.0
6820,8,rrrrrrrrrrGGGGGG,6822.0
6825,9,rrrrrrrrrrrrrrrr,6827.0
6830,0,rrrGggGGGgrGrrrr,6832.0
6835,1,rrrGggGGGgrrrrrr,6837.0
6840,3,rrrrGGrrrGrrrrrr,6845.0
6845,4,rrrryyrrryrrrrrr,6848.0
6850,5,gGgrrrrrrrGrGGrG,6853.0
6855,6,gGgrrrrrrrrrrrrr,6858.0
6860,7,yyyrrrrrrrrrrrrr,6861.0
6865,8,rrrrrrrrrrGGGGGG,6866.0
6870,9,rrrrrrrrrrrrrrrr,6871.0
6875,0,rrrGggGGGgrGrrrr,6876.0
6880,1,rrrGggGGGgrrrrrr,6881.0
6885,3,rrrrGGrrrGrrrrrr,6889.0
6890,4,rrrryyrrryrrrrrr,6892.0
6895,5,gGgrrrrrrrGrGGrG,6897.0
6900,6,gGgrrrrrrrrrrrrr,6902.0
6905,8,rrrrrrrrrrGGGGGG,6910.0
6910,9,rrrrrrrrrrrrrrrr,6915.0
6915,0,rrrGggGGGgrGrrrr,6920.0
6920,1,rrrGggGGGgrrrrrr,6925.0
6925,2,rrryggyyygrrrrrr,6928.0
6930,3,rrrrGGrrrGrrrrrr,6933.0
6935,4,rrrryyrrryrrrrrr,6936.0
6940,5,gGgrrrrrrrGrGGrG,6941.0
6945,6,gGgrrrrrrrrrrrrr,6946.0
6950,8,rrrrrrrrrrGGGGGG,6954.0
6955,9,rrrrrrrrrrrrrrrr,6959.0
6960,0,rrrGggGGGgrGrrrr,6964.0
6965,1,rrrGggGGGgrrrrrr,6969.0
6970,2,rrryggyyygrrrrrr,6972.0
6975,3,rrrrGGrrrGrrrrrr,6977.0
6980,5,gGgrrrrrrrGrGGrG,6985.0
6985,6,gGgrrrrrrrrrrrrr,6990.0
6990,7,yyyrrrrrrrrrrrrr,6993.0
6995,8,rrrrrrrrrrGGGGGG,6998.0
7000,9,rrrrrrrrrrrrrrrr,7003.0
7005,0,rrrGggGGGgrGrrrr,7008.0
7010,1,rrrGggGGGgrrrrrr,7013.0
7015,2,rrryggyyygrrrrrr,7016.0
7020,3,rrrrGGrrrGrrrrrr,7021.0
7025,5,gGgrrrrrrrGrGGrG,7029.0
7030,6,gGgrrrrrrrrrrrrr,7034.0
7035,7,yyyrrrrrrrrrrrrr,7037.0
7040,8,rrrrrrrrrrGGGGGG,7042.0
7045,9,rrrrrrrrrrrrrrrr,7047.0
7050,0,rrrGggGGGgrGrrrr,7052.0
7055,1,rrrGggGGGgrrrrrr,7057.0
7060,3,rrrrGGrrrGrrrrrr,7065.0
7065,4,rrrryyrrryrrrrrr,7068.0
7070,5,gGgrrrrrrrGrGGrG,7073.0
7075,6,gGgrrrrrrrrrrrrr,7078.0
7080,7,yyyrrrrrrrrrrrrr,7081.0
7085,8,rrrrrrrrrrGGGGGG,7086.0
7090,9,rrrrrrrrrrrrrrrr,7091.0
7095,0,rrrGggGGGgrGrrrr,7096.0
7100,1,rrrGggGGGgrrrrrr,7101.0
7105,3,rrrrGGrrrGrrrrrr,7109.0
7110,4,rrrryyrrryrrrrrr,7112.0
7115,5,gGgrrrrrrrGrGGrG,7117.0
7120,6,gGgrrrrrrrrrrrrr,7122.0
7125,8,rrrrrrrrrrGGGGGG,7130.0
7130,9,rrrrrrrrrrrrrrrr,7135.0
7135,0,rrrGggGGGgrGrrrr,7140.0
7140,1,rrrGggGGGgrrrrrr,7145.0
7145,2,rrryggyyygrrrrrr,7148.0
7150,3,rrrrGGrrrGrrrrrr,7153.0
7155,4,rrrryyrrryrrrrrr,7156.0
7160,5,gGgrrrrrrrGrGGrG,7161.0
7165,6,gGgrrrrrrrrrrrrr,7166.0
7170,8,rrrrrrrrrrGGGGGG,7174.0
7175,9,rrrrrrrrrrrrrrrr,7179.0
7180,0,rrrGggGGGgrGrrrr,7184.0
7185,1,rrrGggGGGgrrrrrr,7189.0
7190,2,rrryggyyygrrrrrr,7192.0
7195,3,rrrrGGrrrGrrrrrr,7197.0
7200,5,gGgrrrrrrrGrGGrG,7205.0
7205,6,gGgrrrrrrrrrrrrr,7210.0
7210,7,yyyrrrrrrrrrrrrr,7213.0
7215,8,rrrrrrrrrrGGGGGG,7218.0
7220,9,rrrrrrrrrrrrrrrr,7223.0
7225,0,rrrGggGGGgrGrrrr,7228.0
7230,1,rrrGggGGGgrrrrrr,7233.0
7235,2,rrryggyyygrrrrrr,7236.0
7240,3,rrrrGGrrrGrrrrrr,7241.0
7245,5,gGgrrrrrrrGrGGrG,7249.0
7250,6,gGgrrrrrrrrrrrrr,7254.0
7255,7,yyyrrrrrrrrrrrrr,7257.0
7260,8,rrrrrrrrrrGGGGGG,7262.0
7265,9,rrrrrrrrrrrrrrrr,7267.0
7270,0,rrrGggGGGgrGrrrr,7272.0
7275,1,rrrGggGGGgrrrrrr,7277.0
7280,3,rrrrGGrrrGrrrrrr,7285.0
7285,4,rrrryyrrryrrrrrr,7288.0
7290,5,gGgrrrrrrrGrGGrG,7293.0
7295,6,gGgrrrrrrrrrrrrr,7298.0
7300,7,yyyrrrrrrrrrrrrr,7301.0
7305,8,rrrrrrrrrrGGGGGG,7306.0
7310,9,rrrrrrrrrrrrrrrr,7311.0
7315,0,rrrGggGGGgrGrrrr,7316.0
7320,1,rrrGggGGGgrrrrrr,7321.0
7325,3,rrrrGGrrrGrrrrrr,7329.0
7330,4,rrrryyrrryrrrrrr,7332.0
7335,5,gGgrrrrrrrGrGGrG,7337.0
7340,6,gGgrrrrrrrrrrrrr,7342.0
7345,8,rrrrrrrrrrGGGGGG,7350.0
7350,9,rrrrrrrrrrrrrrrr,7355.0
7355,0,rrrGggGGGgrGrrrr,7360.0
7360,1,rrrGggGGGgrrrrrr,7365.0
7365,2,rrryggyyygrrrrrr,7368.0
7370,3,rrrrGGrrrGrrrrrr,7373.0
7375,4,rrrryyrrryrrrrrr,7376.0
7380,5,gGgrrrrrrrGrGGrG,7381.0
7385,6,gGgrrrrrrrrrrrrr,7386.0
7390,8,rrrrrrrrrrGGGGGG,7394.0
7395,9,rrrrrrrrrrrrrrrr,7399.0
7400,0,rrrGggGGGgrGrrrr,7404.0
7405,1,rrrGggGGGgrrrrrr,7409.0
7410,2,rrryggyyygrrrrrr,7412.0
7415,3,rrrrGGrrrGrrrrrr,7417.0
7420,5,gGgrrrrrrrGrGGrG,7425.0
7425,6,gGgrrrrrrrrrrrrr,7430.0
7430,7,yyyrrrrrrrrrrrrr,7433.0
7435,8,rrrrrrrrrrGGGGGG,7438.0
7440,9,rrrrrrrrrrrrrrrr,7443.0
7445,0,rrrGggGGGgrGrrrr,7448.0
7450,1,rrrGggGGGgrrrrrr,7453.0
7455,2,rrryggyyygrrrrrr,7456.0
7460,3,rrrrGGrrrGrrrrrr,7461.0
7465,5,gGgrrrrrrrGrGGrG,7469.0
7470,6,gGgrrrrrrrrrrrrr,7474.0
7475,7,yyyrrrrrrrrrrrrr,7477.0
7480,8,rrrrrrrrrrGGGGGG,7482.0
7485,9,rrrrrrrrrrrrrrrr,7487.0
7490,0,rrrGggGGGgrGrrrr,7492.0
7495,1,rrrGggGGGgrrrrrr,7497.0
7500,3,rrrrGGrrrGrrrrrr,7505.0
7505,4,rrrryyrrryrrrrrr,7508.0
7510,5,gGgrrrrrrrGrGGrG,7513.0
7515,6,gGgrrrrrrrrrrrrr,7518.0
7520,7,yyyrrrrrrrrrrrrr,7521.0
7525,8,rrrrrrrrrrGGGGGG,7526.0
7530,9,rrrrrrrrrrrrrrrr,7531.0
7535,0,rrrGggGGGgrGrrrr,7536.0
7540,1,rrrGggGGGgrrrrrr,7541.0
7545,3,rrrrGGrrrGrrrrrr,7549.0
7550,4,rrrryyrrryrrrrrr,7552.0
7555,5,gGgrrrrrrrGrGGrG,7557.0
7560,6,gGgrrrrrrrrrrrrr,7562.0
7565,8,rrrrrrrrrrGGGGGG,7570.0
7570,9,rrrrrrrrrrrrrrrr,7575.0
7575,0,rrrGggGGGgrGrrrr,7580.0
7580,1,rrrGggGGGgrrrrrr,7585.0
7585,2,rrryggyyygrrrrrr,7588.0
7590,3,rrrrGGrrrGrrrrrr,7593.0
7595,4,rrrryyrrryrrrrrr,7596.0
7600,5,gGgrrrrrrrGrGGrG,7601.0
7605,6,gGgrrrrrrrrrrrrr,7606.0
7610,8,rrrrrrrrrrGGGGGG,7614.0
7615,9,rrrrrrrrrrrrrrrr,7619.0
7620,0,rrrGggGGGgrGrrrr,7624.0
7625,1,rrrGggGGGgrrrrrr,7629.0
7630,2,rrryggyyygrrrrrr,7632.0
7635,3,rrrrGGrrrGrrrrrr,7637.0
7640,5,gGgrrrrrrrGrGGrG,7645.0
7645,6,gGgrrrrrrrrrrrrr,7650.0
7650,7,yyyrrrrrrrrrrrrr,7653.0
7655,8,rrrrrrrrrrGGGGGG,7658.0
7660,9,rrrrrrrrrrrrrrrr,7663.0
7665,0,rrrGggGGGgrGrrrr,7668.0
7670,1,rrrGggGGGgrrrrrr,7673.0
7675,2,rrryggyyygrrrrrr,7676.0
7680,3,rrrrGGrrrGrrrrrr,7681.0
7685,5,gGgrrrrrrrGrGGrG,7689.0
7690,6,gGgrrrrrrrrrrrrr,7694.0
7695,7,yyyrrrrrrrrrrrrr,7697.0
7700,8,rrrrrrrrrrGGGGGG,7702.0
7705,9,rrrrrrrrrrrrrrrr,7707.0
7710,0,rrrGggGGGgrGrrrr,7712.0
7715,1,rrrGggGGGgrrrrrr,7717.0
7720,3,rrrrGGrrrGrrrrrr,7725.0
7725,4,rrrryyrrryrrrrrr,7728.0
7730,5,gGgrrrrrrrGrGGrG,7733.0
7735,6,gGgrrrrrrrrrrrrr,7738.0
7740,7,yyyrrrrrrrrrrrrr,7741.0
7745,8,rrrrrrrrrrGGGGGG,7746.0
7750,9,rrrrrrrrrrrrrrrr,7751.0
7755,0,rrrGggGGGgrGrrrr,7756.0
7760,1,rrrGggGGGgrrrrrr,7761.0
7765,3,rrrrGGrrrGrrrrrr,7769.0
7770,4,rrrryyrrryrrrrrr,7772.0
7775,5,gGgrrrrrrrGrGGrG,7777.0
7780,6,gGgrrrrrrrrrrrrr,7782.0
7785,8,rrrrrrrrrrGGGGGG,7790.0
7790,9,rrrrrrrrrrrrrrrr,7795.0
7795,0,rrrGggGGGgrGrrrr,7800.0
7800,1,rrrGggGGGgrrrrrr,7805.0
7805,2,rrryggyyygrrrrrr,7808.0
7810,3,rrrrGGrrrGrrrrrr,7813.0
7815,4,rrrryyrrryrrrrrr,7816.0
7820,5,gGgrrrrrrrGrGGrG,7821.0
7825,6,gGgrrrrrrrrrrrrr,7826.0
7830,8,rrrrrrrrrrGGGGGG,7834.0
7835,9,rrrrrrrrrrrrrrrr,7839.0
7840,0,rrrGggGGGgrGrrrr,7844.0
7845,1,rrrGggGGGgrrrrrr,7849.0
7850,2,rrryggyyygrrrrrr,7852.0
7855,3,rrrrGGrrrGrrrrrr,7857.0
7860,5,gGgrrrrrrrGrGGrG,7865.0
7865,6,gGgrrrrrrrrrrrrr,7870.0
7870,7,yyyrrrrrrrrrrrrr,7873.0
7875,8,rrrrrrrrrrGGGGGG,7878.0
7880,9,rrrrrrrrrrrrrrrr,7883.0
7885,0,rrrGggGGGgrGrrrr,7888.0
7890,1,rrrGggGGGgrrrrrr,7893.0
7895,2,rrryggyyygrrrrrr,7896.0
7900,3,rrrrGGrrrGrrrrrr,7901.0
7905,5,gGgrrrrrrrGrGGrG,7909.0
7910,6,gGgrrrrrrrrrrrrr,7914.0
7915,7,yyyrrrrrrrrrrrrr,7917.0
7920,8,rrrrrrrrrrGGGGGG,7922.0
7925,9,rrrrrrrrrrrrrrrr,7927.0
7930,0,rrrGggGGGgrGrrrr,7932.0
7935,1,rrrGggGGGgrrrrrr,7937.0
7940,3,rrrrGGrrrGrrrrrr,7945.0
7945,4,rrrryyrrryrrrrrr,7948.0
7950,5,gGgrrrrrrrGrGGrG,7953.0
7955,6,gGgrrrrrrrrrrrrr,7958.0
7960,7,yyyrrrrrrrrrrrrr,7961.0
7965,8,rrrrrrrrrrGGGGGG,7966.0
7970,9,rrrrrrrrrrrrrrrr,7971.0
7975,0,rrrGggGGGgrGrrrr,7976.0
7980,1,rrrGggGGGgrrrrrr,7981.0
7985,3,rrrrGGrrrGrrrrrr,7989.0
7990,4,rrrryyrrryrrrrrr,7992.0
7995,5,gGgrrrrrrrGrGGrG,7997.0
8000,6,gGgrrrrrrrrrrrrr,8002.0
8005,8,rrrrrrrrrrGGGGGG,8010.0
8010,9,rrrrrrrrrrrrrrrr,8015.0
8015,0,rrrGggGGGgrGrrrr,8020.0
8020,1,rrrGggGGGgrrrrrr,8025.0
8025,2,rrryggyyygrrrrrr,8028.0
8030,3,rrrrGGrrrGrrrrrr,8033.0
8035,4,rrrryyrrryrrrrrr,8036.0
8040,5,gGgrrrrrrrGrGGrG,8041.0
8045,6,gGgrrrrrrrrrrrrr,8046.0
8050,8,rrrrrrrrrrGGGGGG,8054.0
8055,9,rrrrrrrrrrrrrrrr,8059.0
8060,0,rrrGggGGGgrGrrrr,8064.0
8065,1,rrrGggGGGgrrrrrr,8069.0
8070,2,rrryggyyygrrrrrr,8072.0
8075,3,rrrrGGrrrGrrrrrr,8077.0
8080,5,gGgrrrrrrrGrGGrG,8085.0
8085,6,gGgrrrrrrrrrrrrr,8090.0
8090,7,yyyrrrrrrrrrrrrr,8093.0
8095,8,rrrrrrrrrrGGGGGG,8098.0
8100,9,rrrrrrrrrrrrrrrr,8103.0
8105,0,rrrGggGGGgrGrrrr,8108.0
8110,1,rrrGggGGGgrrrrrr,8113.0
8115,2,rrryggyyygrrrrrr,8116.0
8120,3,rrrrGGrrrGrrrrrr,8121.0
8125,5,gGgrrrrrrrGrGGrG,8129.0
8130,6,gGgrrrrrrrrrrrrr,8134.0
8135,7,yyyrrrrrrrrrrrrr,8137.0
8140,8,rrrrrrrrrrGGGGGG,8142.0
8145,9,rrrrrrrrrrrrrrrr,8147.0
8150,0,rrrGggGGGgrGrrrr,8152.0
8155,1,rrrGggGGGgrrrrrr,8157.0
8160,3,rrrrGGrrrGrrrrrr,8165.0
8165,4,rrrryyrrryrrrrrr,8168.0
8170,5,gGgrrrrrrrGrGGrG,8173.0
8175,6,gGgrrrrrrrrrrrrr,8178.0
8180,7,yyyrrrrrrrrrrrrr,8181.0
8185,8,rrrrrrrrrrGGGGGG,8186.0
8190,9,rrrrrrrrrrrrrrrr,8191.0
8195,0,rrrGggGGGgrGrrrr,8196.0
8200,1,rrrGggGGGgrrrrrr,8201.0
8205,3,rrrrGGrrrGrrrrrr,8209.0
8210,4,rrrryyrrryrrrrrr,8212.0
8215,5,gGgrrrrrrrGrGGrG,8217.0
8220,6,gGgrrrrrrrrrrrrr,8222.0
8225,8,rrrrrrrrrrGGGGGG,8230.0
8230,9,rrrrrrrrrrrrrrrr,8235.0
8235,0,rrrGggGGGgrGrrrr,8240.0
8240,1,rrrGggGGGgrrrrrr,8245.0
8245,2,rrryggyyygrrrrrr,8248.0
8250,3,rrrrGGrrrGrrrrrr,8253.0
8255,4,rrrryyrrryrrrrrr,8256.0
8260,5,gGgrrrrrrrGrGGrG,8261.0
8265,6,gGgrrrrrrrrrrrrr,8266.0
8270,8,rrrrrrrrrrGGGGGG,8274.0
8275,9,rrrrrrrrrrrrrrrr,8279.0
8280,0,rrrGggGGGgrGrrrr,8284.0
8285,1,rrrGggGGGgrrrrrr,8289.0
8290,2,rrryggyyygrrrrrr,8292.0
8295,3,rrrrGGrrrGrrrrrr,8297.0
8300,5,gGgrrrrrrrGrGGrG,8305.0
8305,6,gGgrrrrrrrrrrrrr,8310.0
8310,7,yyyrrrrrrrrrrrrr,8313.0
8315,8,rrrrrrrrrrGGGGGG,8318.0
8320,9,rrrrrrrrrrrrrrrr,8323.0
8325,0,rrrGggGGGgrGrrrr,8328.0
8330,1,rrrGggGGGgrrrrrr,8333.0
8335,2,rrryggyyygrrrrrr,8336.0
8340,3,rrrrGGrrrGrrrrrr,8341.0
8345,5,gGgrrrrrrrGrGGrG,8349.0
8350,6,gGgrrrrrrrrrrrrr,8354.0
8355,7,yyyrrrrrrrrrrrrr,8357.0
8360,8,rrrrrrrrrrGGGGGG,8362.0
8365,9,rrrrrrrrrrrrrrrr,8367.0
8370,0,rrrGggGGGgrGrrrr,8372.0
8375,1,rrrGggGGGgrrrrrr,8377.0
8380,3,rrrrGGrrrGrrrrrr,8385.0
8385,4,rrrryyrrryrrrrrr,8388.0
8390,5,gGgrrrrrrrGrGGrG,8393.0
8395,6,gGgrrrrrrrrrrrrr,8398.0
8400,7,yyyrrrrrrrrrrrrr,8401.0
8405,8,rrrrrrrrrrGGGGGG,8406.0
8410,9,rrrrrrrrrrrrrrrr,8411.0
8415,0,rrrGggGGGgrGrrrr,8416.0
8420,1,rrrGggGGGgrrrrrr,8421.0
8425,3,rrrrGGrrrGrrrrrr,8429.0
8430,4,rrrryyrrryrrrrrr,8432.0
8435,5,gGgrrrrrrrGrGGrG,8437.0
8440,6,gGgrrrrrrrrrrrrr,8442.0
8445,8,rrrrrrrrrrGGGGGG,8450.0
8450,9,rrrrrrrrrrrrrrrr,8455.0
8455,0,rrrGggGGGgrGrrrr,8460.0
8460,1,rrrGggGGGgrrrrrr,8465.0
8465,2,rrryggyyygrrrrrr,8468.0
8470,3,rrrrGGrrrGrrrrrr,8473.0
8475,4,rrrryyrrryrrrrrr,8476.0
8480,5,gGgrrrrrrrGrGGrG,8481.0
8485,6,gGgrrrrrrrrrrrrr,8486.0
8490,8,rrrrrrrrrrGGGGGG,8494.0
8495,9,rrrrrrrrrrrrrrrr,8499.0
8500,0,rrrGggGGGgrGrrrr,8504.0
8505,1,rrrGggGGGgrrrrrr,8509.0
8510,2,rrryggyyygrrrrrr,8512.0
8515,3,rrrrGGrrrGrrrrrr,8517.0
8520,5,gGgrrrrrrrGrGGrG,8525.0
8525,6,gGgrrrrrrrrrrrrr,8530.0
8530,7,yyyrrrrrrrrrrrrr,8533.0
8535,8,rrrrrrrrrrGGGGGG,8538.0
8540,9,rrrrrrrrrrrrrrrr,8543.0
8545,0,rrrGggGGGgrGrrrr,8548.0
8550,1,rrrGggGGGgrrrrrr,8553.0
8555,2,rrryggyyygrrrrrr,8556.0
8560,3,rrrrGGrrrGrrrrrr,8561.0
8565,5,gGgrrrrrrrGrGGrG,8569.0
8570,6,gGgrrrrrrrrrrrrr,8574.0
8575,7,yyyrrrrrrrrrrrrr,8577.0
8580,8,rrrrrrrrrrGGGGGG,8582.0
8585,9,rrrrrrrrrrrrrrrr,8587.0
8590,0,rrrGggGGGgrGrrrr,8592.0
8595,1,rrrGggGGGgrrrrrr,8597.0
8600,3,rrrrGGrrrGrrrrrr,8605.0
8605,4,rrrryyrrryrrrrrr,8608.0
8610,5,gGgrrrrrrrGrGGrG,8613.0
8615,6,gGgrrrrrrrrrrrrr,8618.0
8620,7,yyyrrrrrrrrrrrrr,8621.0
8625,8,rrrrrrrrrrGGGGGG,8626.0
8630,9,rrrrrrrrrrrrrrrr,8631.0
8635,0,rrrGggGGGgrGrrrr,8636.0
8640,1,rrrGggGGGgrrrrrr,8641.0
8645,3,rrrrGGrrrGrrrrrr,8649.0
8650,4,rrrryyrrryrrrrrr,8652.0
8655,5,gGgrrrrrrrGrGGrG,8657.0
8660,6,gGgrrrrrrrrrrrrr,8662.0
8665,8,rrrrrrrrrrGGGGGG,8670.0
8670,9,rrrrrrrrrrrrrrrr,8675.0
8675,0,rrrGggGGGgrGrrrr,8680.0
8680,1,rrrGggGGGgrrrrrr,8685.0
8685,2,rrryggyyygrrrrrr,8688.0
8690,3,rrrrGGrrrGrrrrrr,8693.0
8695,4,rrrryyrrryrrrrrr,8696.0
8700,5,gGgrrrrrrrGrGGrG,8701.0
8705,6,gGgrrrrrrrrrrrrr,8706.0
8710,8,rrrrrrrrrrGGGGGG,8714.0
8715,9,rrrrrrrrrrrrrrrr,8719.0
8720,0,rrrGggGGGgrGrrrr,8724.0
8725,1,rrrGggGGGgrrrrrr,8729.0
8730,2,rrryggyyygrrrrrr,8732.0
8735,3,rrrrGGrrrGrrrrrr,8737.0
8740,5,gGgrrrrrrrGrGGrG,8745.0
8745,6,gGgrrrrrrrrrrrrr,8750.0
8750,7,yyyrrrrrrrrrrrrr,8753.0
8755,8,rrrrrrrrrrGGGGGG,8758.0
8760,9,rrrrrrrrrrrrrrrr,8763.0
8765,0,rrrGggGGGgrGrrrr,8768.0
8770,1,rrrGggGGGgrrrrrr,8773.0
8775,2,rrryggyyygrrrrrr,8776.0
8780,3,rrrrGGrrrGrrrrrr,8781.0
8785,5,gGgrrrrrrrGrGGrG,8789.0
8790,6,gGgrrrrrrrrrrrrr,8794.0
8795,7,yyyrrrrrrrrrrrrr,8797.0
8800,8,rrrrrrrrrrGGGGGG,8802.0
8805,9,rrrrrrrrrrrrrrrr,8807.0
8810,0,rrrGggGGGgrGrrrr,8812.0
8815,1,rrrGggGGGgrrrrrr,8817.0
8820,3,rrrrGGrrrGrrrrrr,8825.0
8825,4,rrrryyrrryrrrrrr,8828.0
8830,5,gGgrrrrrrrGrGGrG,8833.0
8835,6,gGgrrrrrrrrrrrrr,8838.0
8840,7,yyyrrrrrrrrrrrrr,8841.0
8845,8,rrrrrrrrrrGGGGGG,8846.0
8850,9,rrrrrrrrrrrrrrrr,8851.0
8855,0,rrrGggGGGgrGrrrr,8856.0
8860,1,rrrGggGGGgrrrrrr,8861.0
8865,3,rrrrGGrrrGrrrrrr,8869.0
8870,4,rrrryyrrryrrrrrr,8872.0
8875,5,gGgrrrrrrrGrGGrG,8877.0
8880,6,gGgrrrrrrrrrrrrr,8882.0
8885,8,rrrrrrrrrrGGGGGG,8890.0
8890,9,rrrrrrrrrrrrrrrr,8895.0
8895,0,rrrGggGGGgrGrrrr,8900.0
8900,1,rrrGggGGGgrrrrrr,8905.0
8905,2,rrryggyyygrrrrrr,8908.0
8910,3,rrrrGGrrrGrrrrrr,8913.0
8915,4,rrrryyrrryrrrrrr,8916.0
8920,5,gGgrrrrrrrGrGGrG,8921.0
8925,6,gGgrrrrrrrrrrrrr,8926.0
8930,8,rrrrrrrrrrGGGGGG,8934.0
8935,9,rrrrrrrrrrrrrrrr,8939.0
8940,0,rrrGggGGGgrGrrrr,8944.0
8945,1,rrrGggGGGgrrrrrr,8949.0
8950,2,rrryggyyygrrrrrr,8952.0
8955,3,rrrrGGrrrGrrrrrr,8957.0
8960,5,gGgrrrrrrrGrGGrG,8965.0
8965,6,gGgrrrrrrrrrrrrr,8970.0
8970,7,yyyrrrrrrrrrrrrr,8973.0
8975,8,rrrrrrrrrrGGGGGG,8978.0
8980,9,rrrrrrrrrrrrrrrr,8983.0
8985,0,rrrGggGGGgrGrrrr,8988.0
8990,1,rrrGggGGGgrrrrrr,8993.0
8995,2,rrryggyyygrrrrrr,8996.0
9000,3,rrrrGGrrrGrrrrrr,9001.0
9005,5,gGgrrrrrrrGrGGrG,9009.0
9010,6,gGgrrrrrrrrrrrrr,9014.0
9015,7,yyyrrrrrrrrrrrrr,9017.0
9020,8,rrrrrrrrrrGGGGGG,9022.0
9025,9,rrrrrrrrrrrrrrrr,9027.0
9030,0,rrrGggGGGgrGrrrr,9032.0
9035,1,rrrGggGGGgrrrrrr,9037.0
9040,3,rrrrGGrrrGrrrrrr,9045.0
9045,4,rrrryyrrryrrrrrr,9048.0
9050,5,gGgrrrrrrrGrGGrG,9053.0
9055,6,gGgrrrrrrrrrrrrr,9058.0
9060,7,yyyrrrrrrrrrrrrr,9061.0
9065,8,rrrrrrrrrrGGGGGG,9066.0
9070,9,rrrrrrrrrrrrrrrr,9071.0
9075,0,rrrGggGGGgrGrrrr,9076.0
9080,1,rrrGggGGGgrrrrrr,9081.0
9085,3,rrrrGGrrrGrrrrrr,9089.0
9090,4,rrrryyrrryrrrrrr,9092.0
9095,5,gGgrrrrrrrGrGGrG,9097.0
9100,6,gGgrrrrrrrrrrrrr,9102.0
9105,8,rrrrrrrrrrGGGGGG,9110.0
9110,9,rrrrrrrrrrrrrrrr,9115.0
9115,0,rrrGggGGGgrGrrrr,9120.0
9120,1,rrrGggGGGgrrrrrr,9125.0
9125,2,rrryggyyygrrrrrr,9128.0
9130,3,rrrrGGrrrGrrrrrr,9133.0
9135,4,rrrryyrrryrrrrrr,9136.0
9140,5,gGgrrrrrrrGrGGrG,9141.0
9145,6,gGgrrrrrrrrrrrrr,9146.0
9150,8,rrrrrrrrrrGGGGGG,9154.0
9155,9,rrrrrrrrrrrrrrrr,9159.0
9160,0,rrrGggGGGgrGrrrr,9164.0
9165,1,rrrGggGGGgrrrrrr,9169.0
9170,2,rrryggyyygrrrrrr,9172.0
9175,3,rrrrGGrrrGrrrrrr,9177.0
9180,5,gGgrrrrrrrGrGGrG,9185.0
9185,6,gGgrrrrrrrrrrrrr,9190.0
9190,7,yyyrrrrrrrrrrrrr,9193.0
9195,8,rrrrrrrrrrGGGGGG,9198.0
9200,9,rrrrrrrrrrrrrrrr,9203.0
9205,0,rrrGggGGGgrGrrrr,9208.0
9210,1,rrrGggGGGgrrrrrr,9213.0
9215,2,rrryggyyygrrrrrr,9216.0
9220,3,rrrrGGrrrGrrrrrr,9221.0
9225,5,gGgrrrrrrrGrGGrG,9229.0
9230,6,gGgrrrrrrrrrrrrr,9234.0
9235,7,yyyrrrrrrrrrrrrr,9237.0
9240,8,rrrrrrrrrrGGGGGG,9242.0
9245,9,rrrrrrrrrrrrrrrr,9247.0
9250,0,rrrGggGGGgrGrrrr,9252.0
9255,1,rrrGggGGGgrrrrrr,9257.0
9260,3,rrrrGGrrrGrrrrrr,9265.0
9265,4,rrrryyrrryrrrrrr,9268.0
9270,5,gGgrrrrrrrGrGGrG,9273.0
9275,6,gGgrrrrrrrrrrrrr,9278.0
9280,7,yyyrrrrrrrrrrrrr,9281.0
9285,8,rrrrrrrrrrGGGGGG,9286.0
9290,9,rrrrrrrrrrrrrrrr,9291.0
9295,0,rrrGggGGGgrGrrrr,9296.0
9300,1,rrrGggGGGgrrrrrr,9301.0
9305,3,rrrrGGrrrGrrrrrr,9309.0
9310,4,rrrryyrrryrrrrrr,9312.0
9315,5,gGgrrrrrrrGrGGrG,9317.0
9320,6,gGgrrrrrrrrrrrrr,9322.0
9325,8,rrrrrrrrrrGGGGGG,9330.0
9330,9,rrrrrrrrrrrrrrrr,9335.0
9335,0,rrrGggGGGgrGrrrr,9340.0
9340,1,rrrGggGGGgrrrrrr,9345.0
9345,2,rrryggyyygrrrrrr,9348.0
9350,3,rrrrGGrrrGrrrrrr,9353.0
9355,4,rrrryyrrryrrrrrr,9356.0
9360,5,gGgrrrrrrrGrGGrG,9361.0
9365,6,gGgrrrrrrrrrrrrr,9366.0
9370,8,rrrrrrrrrrGGGGGG,9374.0
9375,9,rrrrrrrrrrrrrrrr,9379.0
9380,0,rrrGggGGGgrGrrrr,9384.0
9385,1,rrrGggGGGgrrrrrr,9389.0
9390,2,rrryggyyygrrrrrr,9392.0
9395,3,rrrrGGrrrGrrrrrr,9397.0
9400,5,gGgrrrrrrrGrGGrG,9405.0
9405,6,gGgrrrrrrrrrrrrr,9410.0
9410,7,yyyrrrrrrrrrrrrr,9413.0
9415,8,rrrrrrrrrrGGGGGG,9418.0
9420,9,rrrrrrrrrrrrrrrr,9423.0
9425,0,rrrGggGGGgrGrrrr,9428.0
9430,1,rrrGggGGGgrrrrrr,9433.0
9435,2,rrryggyyygrrrrrr,9436.0
9440,3,rrrrGGrrrGrrrrrr,9441.0
9445,5,gGgrrrrrrrGrGGrG,9449.0
9450,6,gGgrrrrrrrrrrrrr,9454.0
9455,7,yyyrrrrrrrrrrrrr,9457.0
9460,8,rrrrrrrrrrGGGGGG,9462.0
9465,9,rrrrrrrrrrrrrrrr,9467.0
9470,0,rrrGggGGGgrGrrrr,9472.0
9475,1,rrrGggGGGgrrrrrr,9477.0
9480,3,rrrrGGrrrGrrrrrr,9485.0
9485,4,rrrryyrrryrrrrrr,9488.0
9490,5,gGgrrrrrrrGrGGrG,9493.0
9495,6,gGgrrrrrrrrrrrrr,9498.0
9500,7,yyyrrrrrrrrrrrrr,9501.0
9505,8,rrrrrrrrrrGGGGGG,9506.0
9510,9,rrrrrrrrrrrrrrrr,9511.0
9515,0,rrrGggGGGgrGrrrr,9516.0
9520,1,rrrGggGGGgrrrrrr,9521.0
9525,3,rrrrGGrrrGrrrrrr,9529.0
9530,4,rrrryyrrryrrrrrr,9532.0
9535,5,gGgrrrrrrrGrGGrG,9537.0
9540,6,gGgrrrrrrrrrrrrr,9542.0
9545,8,rrrrrrrrrrGGGGGG,9550.0
9550,9,rrrrrrrrrrrrrrrr,9555.0
9555,0,rrrGggGGGgrGrrrr,9560.0
9560,1,rrrGggGGGgrrrrrr,9565.0
9565,2,rrryggyyygrrrrrr,9568.0
9570,3,rrrrGGrrrGrrrrrr,9573.0
9575,4,rrrryyrrryrrrrrr,9576.0
9580,5,gGgrrrrrrrGrGGrG,9581.0
9585,6,gGgrrrrrrrrrrrrr,9586.0
9590,8,rrrrrrrrrrGGGGGG,9594.0
9595,9,rrrrrrrrrrrrrrrr,9599.0
9600,0,rrrGggGGGgrGrrrr,9604.0
9605,1,rrrGggGGGgrrrrrr,9609.0
9610,2,rrryggyyygrrrrrr,9612.0
9615,3,rrrrGGrrrGrrrrrr,9617.0
9620,5,gGgrrrrrrrGrGGrG,9625.0
9625,6,gGgrrrrrrrrrrrrr,9630.0
9630,7,yyyrrrrrrrrrrrrr,9633.0
9635,8,rrrrrrrrrrGGGGGG,9638.0
9640,9,rrrrrrrrrrrrrrrr,9643.0
9645,0,rrrGggGGGgrGrrrr,9648.0
9650,1,rrrGggGGGgrrrrrr,9653.0
9655,2,rrryggyyygrrrrrr,9656.0
9660,3,rrrrGGrrrGrrrrrr,9661.0
9665,5,gGgrrrrrrrGrGGrG,9669.0
9670,6,gGgrrrrrrrrrrrrr,9674.0
9675,7,yyyrrrrrrrrrrrrr,9677.0
9680,8,rrrrrrrrrrGGGGGG,9682.0
9685,9,rrrrrrrrrrrrrrrr,9687.0
9690,0,rrrGggGGGgrGrrrr,9692.0
9695,1,rrrGggGGGgrrrrrr,9697.0
9700,3,rrrrGGrrrGrrrrrr,9705.0
9705,4,rrrryyrrryrrrrrr,9708.0
9710,5,gGgrrrrrrrGrGGrG,9713.0
9715,6,gGgrrrrrrrrrrrrr,9718.0
9720,7,yyyrrrrrrrrrrrrr,9721.0
9725,8,rrrrrrrrrrGGGGGG,9726.0
9730,9,rrrrrrrrrrrrrrrr,9731.0
9735,0,rrrGggGGGgrGrrrr,9736.0
9740,1,rrrGggGGGgrrrrrr,9741.0
9745,3,rrrrGGrrrGrrrrrr,9749.0
9750,4,rrrryyrrryrrrrrr,9752.0
9755,5,gGgrrrrrrrGrGGrG,9757.0
9760,6,gGgrrrrrrrrrrrrr,9762.0
9765,8,rrrrrrrrrrGGGGGG,9770.0
9770,9,rrrrrrrrrrrrrrrr,9775.0
9775,0,rrrGggGGGgrGrrrr,9780.0
9780,1,rrrGggGGGgrrrrrr,9785.0
9785,2,rrryggyyygrrrrrr,9788.0
9790,3,rrrrGGrrrGrrrrrr,9793.0
9795,4,rrrryyrrryrrrrrr,9796.0
9800,5,gGgrrrrrrrGrGGrG,9801.0
9805,6,gGgrrrrrrrrrrrrr,9806.0
9810,8,rrrrrrrrrrGGGGGG,9814.0
9815,9,rrrrrrrrrrrrrrrr,9819.0
9820,0,rrrGggGGGgrGrrrr,9824.0
9825,1,rrrGggGGGgrrrrrr,9829.0
9830,2,rrryggyyygrrrrrr,9832.0
9835,3,rrrrGGrrrGrrrrrr,9837.0
9840,5,gGgrrrrrrrGrGGrG,9845.0
9845,6,gGgrrrrrrrrrrrrr,9850.0
9850,7,yyyrrrrrrrrrrrrr,9853.0
9855,8,rrrrrrrrrrGGGGGG,9858.0
9860,9,rrrrrrrrrrrrrrrr,9863.0
9865,0,rrrGggGGGgrGrrrr,9868.0
9870,1,rrrGggGGGgrrrrrr,9873.0
9875,2,rrryggyyygrrrrrr,9876.0
9880,3,rrrrGGrrrGrrrrrr,9881.0
9885,5,gGgrrrrrrrGrGGrG,9889.0
9890,6,gGgrrrrrrrrrrrrr,9894.0
9895,7,yyyrrrrrrrrrrrrr,9897.0
9900,8,rrrrrrrrrrGGGGGG,9902.0
9905,9,rrrrrrrrrrrrrrrr,9907.0
9910,0,rrrGggGGGgrGrrrr,9912.0
9915,1,rrrGggGGGgrrrrrr,9917.0
9920,3,rrrrGGrrrGrrrrrr,9925.0
9925,4,rrrryyrrryrrrrrr,9928.0
9930,5,gGgrrrrrrrGrGGrG,9933.0
9935,6,gGgrrrrrrrrrrrrr,9938.0
9940,7,yyyrrrrrrrrrrrrr,9941.0
9945,8,rrrrrrrrrrGGGGGG,9946.0
9950,9,rrrrrrrrrrrrrrrr,9951.0
9955,0,rrrGggGGGgrGrrrr,9956.0
9960,1,rrrGggGGGgrrrrrr,9961.0
9965,3,rrrrGGrrrGrrrrrr,9969.0
9970,4,rrrryyrrryrrrrrr,9972.0
9975,5,gGgrrrrrrrGrGGrG,9977.0
9980,6,gGgrrrrrrrrrrrrr,9982.0
9985,8,rrrrrrrrrrGGGGGG,9990.0
9990,9,rrrrrrrrrrrrrrrr,9995.0
9995,0,rrrGggGGGgrGrrrr,10000.0
