0,0,rrrrrgGggrrrrrggGGGggGGrrGGrr,5.0
5,1,rrrrrgGggrrrrrggGGGggrrrrrrrr,10.0
10,2,rrrrryyggrrrrryyyyyggrrrrrrrr,13.0
15,3,rrrrrrrGGrrrrrrrrrrGGrrrrrrrr,18.0
20,4,rrrrrrryyrrrrrrrrrryyrrrrrrrr,21.0
25,5,gGGggrrrrgGGggrrrrrrrrrGGrrGG,26.0
30,6,gGGggrrrrgGGggrrrrrrrrrrrrrrr,31.0
35,0,rrrrrgGggrrrrrggGGGggGGrrGGrr,39.0
40,1,rrrrrgGggrrrrrggGGGggrrrrrrrr,44.0
45,2,rrrrryyggrrrrryyyyyggrrrrrrrr,47.0
50,3,rrrrrrrGGrrrrrrrrrrGGrrrrrrrr,52.0
55,5,gGGggrrrrgGGggrrrrrrrrrGGrrGG,60.0
60,6,gGGggrrrrgGGggrrrrrrrrrrrrrrr,65.0
65,7,yyyyyrrrryyyyyrrrrrrrrrrrrrrr,68.0
70,0,rrrrrgGggrrrrrggGGGggGGrrGGrr,73.0
75,1,rrrrrgGggrrrrrggGGGggrrrrrrrr,78.0
80,2,rrrrryyggrrrrryyyyyggrrrrrrrr,81.0
85,3,rrrrrrrGGrrrrrrrrrrGGrrrrrrrr,86.0
90,5,gGGggrrrrgGGggrrrrrrrrrGGrrGG,94.0
95,6,gGGggrrrrgGGggrrrrrrrrrrrrrrr,99.0
100,7,yyyyyrrrryyyyyrrrrrrrrrrrrrrr,102.0
105,0,rrrrrgGggrrrrrggGGGggGGrrGGrr,107.0
110,1,rrrrrgGggrrrrrggGGGggrrrrrrrr,112.0
115,3,rrrrrrrGGrrrrrrrrrrGGrrrrrrrr,120.0
120,4,rrrrrrryyrrrrrrrrrryyrrrrrrrr,123.0
125,5,gGGggrrrrgGGggrrrrrrrrrGGrrGG,128.0
130,6,gGGggrrrrgGGggrrrrrrrrrrrrrrr,133.0
135,7,yyyyyrrrryyyyyrrrrrrrrrrrrrrr,136.0
140,0,rrrrrgGggrrrrrggGGGggGGrrGGrr,141.0
145,1,rrrrrgGggrrrrrggGGGggrrrrrrrr,146.0
150,3,rrrrrrrGGrrrrrrrrrrGGrrrrrrrr,154.0
155,4,rrrrrrryyrrrrrrrrrryyrrrrrrrr,157.0
160,5,gGGggrrrrgGGggrrrrrrrrrGGrrGG,162.0
165,6,gGGggrrrrgGGggrrrrrrrrrrrrrrr,167.0
170,0,rrrrrgGggrrrrrggGGGggGGrrGGrr,175.0
175,1,rrrrrgGggrrrrrggGGGggrrrrrrrr,180.0
180,2,rrrrryyggrrrrryyyyyggrrrrrrrr,183.0
185,3,rrrrrrrGGrrrrrrrrrrGGrrrrrrrr,188.0
190,4,rrrrrrryyrrrrrrrrrryyrrrrrrrr,191.0
195,5,gGGggrrrrgGGggrrrrrrrrrGGrrGG,196.0
200,6,gGGggrrrrgGGggrrrrrrrrrrrrrrr,201.0
205,0,rrrrrgGggrrrrrggGGGggGGrrGGrr,209.0
210,1,rrrrrgGggrrrrrggGGGggrrrrrrrr,214.0
215,2,rrrrryyggrrrrryyyyyggrrrrrrrr,217.0
220,3,rrrrrrrGGrrrrrrrrrrGGrrrrrrrr,222.0
225,5,gGGggrrrrgGGggrrrrrrrrrGGrrGG,230.0
230,6,gGGggrrrrgGGggrrrrrrrrrrrrrrr,235.0
235,7,yyyyyrrrryyyyyrrrrrrrrrrrrrrr,238.0
240,0,rrrrrgGggrrrrrggGGGggGGrrGGrr,243.0
245,1,rrrrrgGggrrrrrggGGGggrrrrrrrr,248.0
250,2,rrrrryyggrrrrryyyyyggrrrrrrrr,251.0
255,3,rrrrrrrGGrrrrrrrrrrGGrrrrrrrr,256.0
260,5,gGGggrrrrgGGggrrrrrrrrrGGrrGG,264.0
265,6,gGGggrrrrgGGggrrrrrrrrrrrrrrr,269.0
270,7,yyyyyrrrryyyyyrrrrrrrrrrrrrrr,272.0
275,0,rrrrrgGggrrrrrggGGGggGGrrGGrr,277.0
280,0,rrrrrgGggrrrrrggGGGggGGrrGGrr,281.0
285,0,rrrrrgGggrrrrrggGGGggGGrrGGrr,287.0
290,0,rrrrrgGggrrrrrggGGGggGGrrGGrr,291.0
295,1,rrrrrgGggrrrrrggGGGggrrrrrrrr,297.0
300,3,rrrrrrrGGrrrrrrrrrrGGrrrrrrrr,305.0
305,4,rrrrrrryyrrrrrrrrrryyrrrrrrrr,308.0
310,5,gGGggrrrrgGGggrrrrrrrrrGGrrGG,313.0
315,5,gGGggrrrrgGGggrrrrrrrrrGGrrGG,316.0
320,6,gGGggrrrrgGGggrrrrrrrrrrrrrrr,325.0
325,7,yyyyyrrrryyyyyrrrrrrrrrrrrrrr,328.0
330,0,rrrrrgGggrrrrrggGGGggGGrrGGrr,333.0
335,1,rrrrrgGggrrrrrggGGGggrrrrrrrr,338.0
340,2,rrrrryyggrrrrryyyyyggrrrrrrrr,341.0
345,3,rrrrrrrGGrrrrrrrrrrGGrrrrrrrr,346.0
350,5,gGGggrrrrgGGggrrrrrrrrrGGrrGG,354.0
355,5,gGGggrrrrgGGggrrrrrrrrrGGrrGG,356.0
360,6,gGGggrrrrgGGggrrrrrrrrrrrrrrr,364.0
365,7,yyyyyrrrryyyyyrrrrrrrrrrrrrrr,367.0
370,0,rrrrrgGggrrrrrggGGGggGGrrGGrr,372.0
375,1,rrrrrgGggrrrrrggGGGggrrrrrrrr,379.0
380,2,rrrrryyggrrrrryyyyyggrrrrrrrr,382.0
385,3,rrrrrrrGGrrrrrrrrrrGGrrrrrrrr,387.0
390,5,gGGggrrrrgGGggrrrrrrrrrGGrrGG,395.0
395,5,gGGggrrrrgGGggrrrrrrrrrGGrrGG,397.0
400,6,gGGggrrrrgGGggrrrrrrrrrrrrrrr,404.0
405,7,yyyyyrrrryyyyyrrrrrrrrrrrrrrr,407.0
410,0,rrrrrgGggrrrrrggGGGggGGrrGGrr,412.0
415,1,rrrrrgGggrrrrrggGGGggrrrrrrrr,420.0
420,2,rrrrryyggrrrrryyyyyggrrrrrrrr,423.0
425,3,rrrrrrrGGrrrrrrrrrrGGrrrrrrrr,428.0
430,4,rrrrrrryyrrrrrrrrrryyrrrrrrrr,431.0
435,5,gGGggrrrrgGGggrrrrrrrrrGGrrGG,436.0
440,6,gGGggrrrrgGGggrrrrrrrrrrrrrrr,442.0
445,0,rrrrrgGggrrrrrggGGGggGGrrGGrr,450.0
450,1,rrrrrgGggrrrrrggGGGggrrrrrrrr,455.0
455,2,rrrrryyggrrrrryyyyyggrrrrrrrr,458.0
460,3,rrrrrrrGGrrrrrrrrrrGGrrrrrrrr,463.0
465,4,rrrrrrryyrrrrrrrrrryyrrrrrrrr,466.0
470,5,gGGggrrrrgGGggrrrrrrrrrGGrrGG,471.0
475,5,gGGggrrrrgGGggrrrrrrrrrGGrrGG,477.0
480,6,gGGggrrrrgGGggrrrrrrrrrrrrrrr,483.0
485,7,yyyyyrrrryyyyyrrrrrrrrrrrrrrr,486.0
490,0,rrrrrgGggrrrrrggGGGggGGrrGGrr,491.0
495,0,rrrrrgGggrrrrrggGGGggGGrrGGrr,497.0
500,1,rrrrrgGggrrrrrggGGGggrrrrrrrr,504.0
505,2,rrrrryyggrrrrryyyyyggrrrrrrrr,507.0
510,3,rrrrrrrGGrrrrrrrrrrGGrrrrrrrr,512.0
515,5,gGGggrrrrgGGggrrrrrrrrrGGrrGG,520.0
520,5,gGGggrrrrgGGggrrrrrrrrrGGrrGG,522.0
525,5,gGGggrrrrgGGggrrrrrrrrrGGrrGG,526.0
530,5,gGGggrrrrgGGggrrrrrrrrrGGrrGG,531.0
535,6,gGGggrrrrgGGggrrrrrrrrrrrrrrr,537.0
540,0,rrrrrgGggrrrrrggGGGggGGrrGGrr,545.0
545,1,rrrrrgGggrrrrrggGGGggrrrrrrrr,550.0
550,2,rrrrryyggrrrrryyyyyggrrrrrrrr,553.0
555,3,rrrrrrrGGrrrrrrrrrrGGrrrrrrrr,558.0
560,4,rrrrrrryyrrrrrrrrrryyrrrrrrrr,561.0
565,5,gGGggrrrrgGGggrrrrrrrrrGGrrGG,566.0
570,5,gGGggrrrrgGGggrrrrrrrrrGGrrGG,572.0
575,6,gGGggrrrrgGGggrrrrrrrrrrrrrrr,578.0
580,7,yyyyyrrrryyyyyrrrrrrrrrrrrrrr,581.0
585,0,rrrrrgGggrrrrrggGGGggGGrrGGrr,586.0
590,0,rrrrrgGggrrrrrggGGGggGGrrGGrr,591.0
595,1,rrrrrgGggrrrrrggGGGggrrrrrrrr,596.0
600,3,rrrrrrrGGrrrrrrrrrrGGrrrrrrrr,604.0
605,4,rrrrrrryyrrrrrrrrrryyrrrrrrrr,607.0
610,5,gGGggrrrrgGGggrrrrrrrrrGGrrGG,612.0
615,5,gGGggrrrrgGGggrrrrrrrrrGGrrGG,616.0
620,5,gGGggrrrrgGGggrrrrrrrrrGGrrGG,622.0
625,5,gGGggrrrrgGGggrrrrrrrrrGGrrGG,626.0
630,5,gGGggrrrrgGGggrrrrrrrrrGGrrGG,632.0
635,5,gGGggrrrrgGGggrrrrrrrrrGGrrGG,636.0
640,6,gGGggrrrrgGGggrrrrrrrrrrrrrrr,641.0
645,0,rrrrrgGggrrrrrggGGGggGGrrGGrr,649.0
650,0,rrrrrgGggrrrrrggGGGggGGrrGGrr,651.0
655,0,rrrrrgGggrrrrrggGGGggGGrrGGrr,656.0
660,1,rrrrrgGggrrrrrggGGGggrrrrrrrr,662.0
665,3,rrrrrrrGGrrrrrrrrrrGGrrrrrrrr,670.0
670,4,rrrrrrryyrrrrrrrrrryyrrrrrrrr,673.0
675,5,gGGggrrrrgGGggrrrrrrrrrGGrrGG,678.0
680,6,gGGggrrrrgGGggrrrrrrrrrrrrrrr,683.0
685,7,yyyyyrrrryyyyyrrrrrrrrrrrrrrr,686.0
690,0,rrrrrgGggrrrrrggGGGggGGrrGGrr,691.0
695,1,rrrrrgGggrrrrrggGGGggrrrrrrrr,696.0
700,3,rrrrrrrGGrrrrrrrrrrGGrrrrrrrr,704.0
705,4,rrrrrrryyrrrrrrrrrryyrrrrrrrr,707.0
710,5,gGGggrrrrgGGggrrrrrrrrrGGrrGG,712.0
715,5,gGGggrrrrgGGggrrrrrrrrrGGrrGG,716.0
720,6,gGGggrrrrgGGggrrrrrrrrrrrrrrr,723.0
725,7,yyyyyrrrryyyyyrrrrrrrrrrrrrrr,726.0
730,0,rrrrrgGggrrrrrggGGGggGGrrGGrr,731.0
735,1,rrrrrgGggrrrrrggGGGggrrrrrrrr,736.0
740,3,rrrrrrrGGrrrrrrrrrrGGrrrrrrrr,744.0
745,4,rrrrrrryyrrrrrrrrrryyrrrrrrrr,747.0
750,5,gGGggrrrrgGGggrrrrrrrrrGGrrGG,752.0
755,6,gGGggrrrrgGGggrrrrrrrrrrrrrrr,757.0
760,0,rrrrrgGggrrrrrggGGGggGGrrGGrr,765.0
765,0,rrrrrgGggrrrrrggGGGggGGrrGGrr,767.0
770,0,rrrrrgGggrrrrrggGGGggGGrrGGrr,771.0
775,0,rrrrrgGggrrrrrggGGGggGGrrGGrr,776.0
780,1,rrrrrgGggrrrrrggGGGggrrrrrrrr,782.0
785,3,rrrrrrrGGrrrrrrrrrrGGrrrrrrrr,790.0
790,4,rrrrrrryyrrrrrrrrrryyrrrrrrrr,793.0
795,5,gGGggrrrrgGGggrrrrrrrrrGGrrGG,798.0
800,6,gGGggrrrrgGGggrrrrrrrrrrrrrrr,803.0
805,7,yyyyyrrrryyyyyrrrrrrrrrrrrrrr,806.0
810,0,rrrrrgGggrrrrrggGGGggGGrrGGrr,811.0
815,1,rrrrrgGggrrrrrggGGGggrrrrrrrr,816.0
820,3,rrrrrrrGGrrrrrrrrrrGGrrrrrrrr,824.0
825,3,rrrrrrrGGrrrrrrrrrrGGrrrrrrrr,826.0
830,4,rrrrrrryyrrrrrrrrrryyrrrrrrrr,831.0
835,5,gGGggrrrrgGGggrrrrrrrrrGGrrGG,836.0
840,5,gGGggrrrrgGGggrrrrrrrrrGGrrGG,841.0
845,5,gGGggrrrrgGGggrrrrrrrrrGGrrGG,847.0
850,5,gGGggrrrrgGGggrrrrrrrrrGGrrGG,851.0
855,5,gGGggrrrrgGGggrrrrrrrrrGGrrGG,857.0
860,5,gGGggrrrrgGGggrrrrrrrrrGGrrGG,861.0
865,6,gGGggrrrrgGGggrrrrrrrrrrrrrrr,866.0
870,0,rrrrrgGggrrrrrggGGGggGGrrGGrr,874.0
875,1,rrrrrgGggrrrrrggGGGggrrrrrrrr,879.0
880,2,rrrrryyggrrrrryyyyyggrrrrrrrr,882.0
885,3,rrrrrrrGGrrrrrrrrrrGGrrrrrrrr,887.0
890,5,gGGggrrrrgGGggrrrrrrrrrGGrrGG,895.0
895,6,gGGggrrrrgGGggrrrrrrrrrrrrrrr,900.0
900,7,yyyyyrrrryyyyyrrrrrrrrrrrrrrr,903.0
905,0,rrrrrgGggrrrrrggGGGggGGrrGGrr,908.0
910,1,rrrrrgGggrrrrrggGGGggrrrrrrrr,913.0
915,2,rrrrryyggrrrrryyyyyggrrrrrrrr,916.0
920,3,rrrrrrrGGrrrrrrrrrrGGrrrrrrrr,921.0
925,5,gGGggrrrrgGGggrrrrrrrrrGGrrGG,929.0
930,5,gGGggrrrrgGGggrrrrrrrrrGGrrGG,931.0
935,6,gGGggrrrrgGGggrrrrrrrrrrrrrrr,940.0
940,7,yyyyyrrrryyyyyrrrrrrrrrrrrrrr,943.0
945,0,rrrrrgGggrrrrrggGGGggGGrrGGrr,948.0
950,0,rrrrrgGggrrrrrggGGGggGGrrGGrr,951.0
955,0,rrrrrgGggrrrrrggGGGggGGrrGGrr,956.0
960,0,rrrrrgGggrrrrrggGGGggGGrrGGrr,961.0
965,0,rrrrrgGggrrrrrggGGGggGGrrGGrr,966.0
970,0,rrrrrgGggrrrrrggGGGggGGrrGGrr,972.0
975,0,rrrrrgGggrrrrrggGGGggGGrrGGrr,977.0
980,0,rrrrrgGggrrrrrggGGGggGGrrGGrr,981.0
985,0,rrrrrgGggrrrrrggGGGggGGrrGGrr,986.0
990,0,rrrrrgGggrrrrrggGGGggGGrrGGrr,991.0
995,1,rrrrrgGggrrrrrggGGGggrrrrrrrr,997.0
1000,3,rrrrrrrGGrrrrrrrrrrGGrrrrrrrr,1005.0
1005,4,rrrrrrryyrrrrrrrrrryyrrrrrrrr,1008.0
1010,5,gGGggrrrrgGGggrrrrrrrrrGGrrGG,1013.0
1015,6,gGGggrrrrgGGggrrrrrrrrrrrrrrr,1018.0
1020,7,yyyyyrrrryyyyyrrrrrrrrrrrrrrr,1021.0
1025,0,rrrrrgGggrrrrrggGGGggGGrrGGrr,1026.0
1030,1,rrrrrgGggrrrrrggGGGggrrrrrrrr,1035.0
1035,2,rrrrryyggrrrrryyyyyggrrrrrrrr,1038.0
1040,3,rrrrrrrGGrrrrrrrrrrGGrrrrrrrr,1043.0
1045,4,rrrrrrryyrrrrrrrrrryyrrrrrrrr,1046.0
1050,5,gGGggrrrrgGGggrrrrrrrrrGGrrGG,1051.0
1055,6,gGGggrrrrgGGggrrrrrrrrrrrrrrr,1056.0
1060,0,rrrrrgGggrrrrrggGGGggGGrrGGrr,1064.0
1065,1,rrrrrgGggrrrrrggGGGggrrrrrrrr,1069.0
1070,2,rrrrryyggrrrrryyyyyggrrrrrrrr,1072.0
1075,3,rrrrrrrGGrrrrrrrrrrGGrrrrrrrr,1077.0
1080,5,gGGggrrrrgGGggrrrrrrrrrGGrrGG,1085.0
1085,5,gGGggrrrrgGGggrrrrrrrrrGGrrGG,1087.0
1090,5,gGGggrrrrgGGggrrrrrrrrrGGrrGG,1091.0
1095,5,gGGggrrrrgGGggrrrrrrrrrGGrrGG,1096.0
1100,5,gGGggrrrrgGGggrrrrrrrrrGGrrGG,1101.0
1105,6,gGGggrrrrgGGggrrrrrrrrrrrrrrr,1108.0
1110,7,yyyyyrrrryyyyyrrrrrrrrrrrrrrr,1111.0
1115,0,rrrrrgGggrrrrrggGGGggGGrrGGrr,1116.0
1120,0,rrrrrgGggrrrrrggGGGggGGrrGGrr,1121.0
1125,1,rrrrrgGggrrrrrggGGGggrrrrrrrr,1126.0
1130,3,rrrrrrrGGrrrrrrrrrrGGrrrrrrrr,1134.0
1135,4,rrrrrrryyrrrrrrrrrryyrrrrrrrr,1137.0
1140,5,gGGggrrrrgGGggrrrrrrrrrGGrrGG,1142.0
1145,6,gGGggrrrrgGGggrrrrrrrrrrrrrrr,1149.0
1150,7,yyyyyrrrryyyyyrrrrrrrrrrrrrrr,1152.0
1155,0,rrrrrgGggrrrrrggGGGggGGrrGGrr,1157.0
1160,0,rrrrrgGggrrrrrggGGGggGGrrGGrr,1161.0
1165,1,rrrrrgGggrrrrrggGGGggrrrrrrrr,1166.0
1170,3,rrrrrrrGGrrrrrrrrrrGGrrrrrrrr,1174.0
1175,4,rrrrrrryyrrrrrrrrrryyrrrrrrrr,1177.0
1180,5,gGGggrrrrgGGggrrrrrrrrrGGrrGG,1182.0
1185,6,gGGggrrrrgGGggrrrrrrrrrrrrrrr,1187.0
1190,0,rrrrrgGggrrrrrggGGGggGGrrGGrr,1195.0
1195,0,rrrrrgGggrrrrrggGGGggGGrrGGrr,1197.0
1200,0,rrrrrgGggrrrrrggGGGggGGrrGGrr,1201.0
1205,0,rrrrrgGggrrrrrggGGGggGGrrGGrr,1206.0
1210,1,rrrrrgGggrrrrrggGGGggrrrrrrrr,1211.0
1215,3,rrrrrrrGGrrrrrrrrrrGGrrrrrrrr,1219.0
1220,4,rrrrrrryyrrrrrrrrrryyrrrrrrrr,1222.0
1225,5,gGGggrrrrgGGggrrrrrrrrrGGrrGG,1227.0
1230,6,gGGggrrrrgGGggrrrrrrrrrrrrrrr,1232.0
1235,0,rrrrrgGggrrrrrggGGGggGGrrGGrr,1240.0
1240,1,rrrrrgGggrrrrrggGGGggrrrrrrrr,1245.0
1245,2,rrrrryyggrrrrryyyyyggrrrrrrrr,1248.0
1250,3,rrrrrrrGGrrrrrrrrrrGGrrrrrrrr,1253.0
1255,4,rrrrrrryyrrrrrrrrrryyrrrrrrrr,1256.0
1260,5,gGGggrrrrgGGggrrrrrrrrrGGrrGG,1261.0
1265,6,gGGggrrrrgGGggrrrrrrrrrrrrrrr,1266.0
1270,0,rrrrrgGggrrrrrggGGGggGGrrGGrr,1274.0
1275,1,rrrrrgGggrrrrrggGGGggrrrrrrrr,1280.0
1280,2,rrrrryyggrrrrryyyyyggrrrrrrrr,1283.0
1285,3,rrrrrrrGGrrrrrrrrrrGGrrrrrrrr,1288.0
1290,4,rrrrrrryyrrrrrrrrrryyrrrrrrrr,1291.0
1295,5,gGGggrrrrgGGggrrrrrrrrrGGrrGG,1296.0
1300,5,gGGggrrrrgGGggrrrrrrrrrGGrrGG,1302.0
1305,5,gGGggrrrrgGGggrrrrrrrrrGGrrGG,1306.0
1310,6,gGGggrrrrgGGggrrrrrrrrrrrrrrr,1314.0
1315,7,yyyyyrrrryyyyyrrrrrrrrrrrrrrr,1317.0
1320,0,rrrrrgGggrrrrrggGGGggGGrrGGrr,1322.0
1325,0,rrrrrgGggrrrrrggGGGggGGrrGGrr,1326.0
1330,1,rrrrrgGggrrrrrggGGGggrrrrrrrr,1331.0
1335,3,rrrrrrrGGrrrrrrrrrrGGrrrrrrrr,1339.0
1340,4,rrrrrrryyrrrrrrrrrryyrrrrrrrr,1342.0
1345,5,gGGggrrrrgGGggrrrrrrrrrGGrrGG,1347.0
1350,5,gGGggrrrrgGGggrrrrrrrrrGGrrGG,1352.0
1355,5,gGGggrrrrgGGggrrrrrrrrrGGrrGG,1357.0
1360,5,gGGggrrrrgGGggrrrrrrrrrGGrrGG,1362.0
1365,5,gGGggrrrrgGGggrrrrrrrrrGGrrGG,1366.0
1370,6,gGGggrrrrgGGggrrrrrrrrrrrrrrr,1374.0
1375,7,yyyyyrrrryyyyyrrrrrrrrrrrrrrr,1377.0
1380,0,rrrrrgGggrrrrrggGGGggGGrrGGrr,1382.0
1385,0,rrrrrgGggrrrrrggGGGggGGrrGGrr,1386.0
1390,0,rrrrrgGggrrrrrggGGGggGGrrGGrr,1391.0
1395,1,rrrrrgGggrrrrrggGGGggrrrrrrrr,1400.0
1400,2,rrrrryyggrrrrryyyyyggrrrrrrrr,1403.0
1405,3,rrrrrrrGGrrrrrrrrrrGGrrrrrrrr,1408.0
1410,4,rrrrrrryyrrrrrrrrrryyrrrrrrrr,1411.0
1415,5,gGGggrrrrgGGggrrrrrrrrrGGrrGG,1416.0
1420,5,gGGggrrrrgGGggrrrrrrrrrGGrrGG,1422.0
1425,6,gGGggrrrrgGGggrrrrrrrrrrrrrrr,1428.0
1430,7,yyyyyrrrryyyyyrrrrrrrrrrrrrrr,1431.0
1435,0,rrrrrgGggrrrrrggGGGggGGrrGGrr,1436.0
1440,0,rrrrrgGggrrrrrggGGGggGGrrGGrr,1441.0
1445,1,rrrrrgGggrrrrrggGGGggrrrrrrrr,1447.0
1450,3,rrrrrrrGGrrrrrrrrrrGGrrrrrrrr,1455.0
1455,4,rrrrrrryyrrrrrrrrrryyrrrrrrrr,1458.0
1460,5,gGGggrrrrgGGggrrrrrrrrrGGrrGG,1463.0
1465,6,gGGggrrrrgGGggrrrrrrrrrrrrrrr,1468.0
1470,7,yyyyyrrrryyyyyrrrrrrrrrrrrrrr,1471.0
1475,0,rrrrrgGggrrrrrggGGGggGGrrGGrr,1476.0
1480,1,rrrrrgGggrrrrrggGGGggrrrrrrrr,1481.0
1485,3,rrrrrrrGGrrrrrrrrrrGGrrrrrrrr,1489.0
1490,4,rrrrrrryyrrrrrrrrrryyrrrrrrrr,1492.0
1495,5,gGGggrrrrgGGggrrrrrrrrrGGrrGG,1497.0
1500,5,gGGggrrrrgGGggrrrrrrrrrGGrrGG,1501.0
1505,5,gGGggrrrrgGGggrrrrrrrrrGGrrGG,1506.0
1510,6,gGGggrrrrgGGggrrrrrrrrrrrrrrr,1511.0
1515,0,rrrrrgGggrrrrrggGGGggGGrrGGrr,1519.0
1520,1,rrrrrgGggrrrrrggGGGggrrrrrrrr,1524.0
1525,2,rrrrryyggrrrrryyyyyggrrrrrrrr,1527.0
1530,3,rrrrrrrGGrrrrrrrrrrGGrrrrrrrr,1532.0
1535,5,gGGggrrrrgGGggrrrrrrrrrGGrrGG,1540.0
1540,6,gGGggrrrrgGGggrrrrrrrrrrrrrrr,1545.0
1545,7,yyyyyrrrryyyyyrrrrrrrrrrrrrrr,1548.0
1550,0,rrrrrgGggrrrrrggGGGggGGrrGGrr,1553.0
1555,0,rrrrrgGggrrrrrggGGGggGGrrGGrr,1557.0
1560,0,rrrrrgGggrrrrrggGGGggGGrrGGrr,1561.0
1565,1,rrrrrgGggrrrrrggGGGggrrrrrrrr,1566.0
1570,3,rrrrrrrGGrrrrrrrrrrGGrrrrrrrr,1574.0
1575,4,rrrrrrryyrrrrrrrrrryyrrrrrrrr,1577.0
1580,5,gGGggrrrrgGGggrrrrrrrrrGGrrGG,1582.0
1585,5,gGGggrrrrgGGggrrrrrrrrrGGrrGG,1586.0
1590,6,gGGggrrrrgGGggrrrrrrrrrrrrrrr,1591.0
1595,0,rrrrrgGggrrrrrggGGGggGGrrGGrr,1599.0
1600,0,rrrrrgGggrrrrrggGGGggGGrrGGrr,1601.0
1605,0,rrrrrgGggrrrrrggGGGggGGrrGGrr,1606.0
1610,1,rrrrrgGggrrrrrggGGGggrrrrrrrr,1614.0
1615,2,rrrrryyggrrrrryyyyyggrrrrrrrr,1617.0
1620,3,rrrrrrrGGrrrrrrrrrrGGrrrrrrrr,1622.0
1625,5,gGGggrrrrgGGggrrrrrrrrrGGrrGG,1630.0
1630,6,gGGggrrrrgGGggrrrrrrrrrrrrrrr,1635.0
1635,7,yyyyyrrrryyyyyrrrrrrrrrrrrrrr,1638.0
1640,0,rrrrrgGggrrrrrggGGGggGGrrGGrr,1643.0
1645,1,rrrrrgGggrrrrrggGGGggrrrrrrrr,1648.0
1650,2,rrrrryyggrrrrryyyyyggrrrrrrrr,1651.0
1655,3,rrrrrrrGGrrrrrrrrrrGGrrrrrrrr,1656.0
1660,5,gGGggrrrrgGGggrrrrrrrrrGGrrGG,1664.0
1665,5,gGGggrrrrgGGggrrrrrrrrrGGrrGG,1666.0
1670,6,gGGggrrrrgGGggrrrrrrrrrrrrrrr,1671.0
1675,0,rrrrrgGggrrrrrggGGGggGGrrGGrr,1679.0
1680,1,rrrrrgGggrrrrrggGGGggrrrrrrrr,1684.0
1685,2,rrrrryyggrrrrryyyyyggrrrrrrrr,1687.0
1690,3,rrrrrrrGGrrrrrrrrrrGGrrrrrrrr,1692.0
1695,5,gGGggrrrrgGGggrrrrrrrrrGGrrGG,1700.0
1700,6,gGGggrrrrgGGggrrrrrrrrrrrrrrr,1705.0
1705,7,yyyyyrrrryyyyyrrrrrrrrrrrrrrr,1708.0
1710,0,rrrrrgGggrrrrrggGGGggGGrrGGrr,1713.0
1715,1,rrrrrgGggrrrrrggGGGggrrrrrrrr,1719.0
1720,2,rrrrryyggrrrrryyyyyggrrrrrrrr,1722.0
1725,3,rrrrrrrGGrrrrrrrrrrGGrrrrrrrr,1727.0
1730,5,gGGggrrrrgGGggrrrrrrrrrGGrrGG,1735.0
1735,6,gGGggrrrrgGGggrrrrrrrrrrrrrrr,1740.0
1740,7,yyyyyrrrryyyyyrrrrrrrrrrrrrrr,1743.0
1745,0,rrrrrgGggrrrrrggGGGggGGrrGGrr,1748.0
1750,1,rrrrrgGggrrrrrggGGGggrrrrrrrr,1753.0
1755,2,rrrrryyggrrrrryyyyyggrrrrrrrr,1756.0
1760,3,rrrrrrrGGrrrrrrrrrrGGrrrrrrrr,1761.0
1765,5,gGGggrrrrgGGggrrrrrrrrrGGrrGG,1769.0
1770,6,gGGggrrrrgGGggrrrrrrrrrrrrrrr,1774.0
1775,7,yyyyyrrrryyyyyrrrrrrrrrrrrrrr,1777.0
1780,0,rrrrrgGggrrrrrggGGGggGGrrGGrr,1782.0
1785,0,rrrrrgGggrrrrrggGGGggGGrrGGrr,1787.0
1790,0,rrrrrgGggrrrrrggGGGggGGrrGGrr,1791.0
1795,1,rrrrrgGggrrrrrggGGGggrrrrrrrr,1800.0
1800,2,rrrrryyggrrrrryyyyyggrrrrrrrr,1803.0
1805,3,rrrrrrrGGrrrrrrrrrrGGrrrrrrrr,1808.0
1810,4,rrrrrrryyrrrrrrrrrryyrrrrrrrr,1811.0
1815,5,gGGggrrrrgGGggrrrrrrrrrGGrrGG,1816.0
1820,6,gGGggrrrrgGGggrrrrrrrrrrrrrrr,1821.0
1825,0,rrrrrgGggrrrrrggGGGggGGrrGGrr,1829.0
1830,0,rrrrrgGggrrrrrggGGGggGGrrGGrr,1831.0
1835,1,rrrrrgGggrrrrrggGGGggrrrrrrrr,1840.0
1840,2,rrrrryyggrrrrryyyyyggrrrrrrrr,1843.0
1845,3,rrrrrrrGGrrrrrrrrrrGGrrrrrrrr,1848.0
1850,3,rrrrrrrGGrrrrrrrrrrGGrrrrrrrr,1851.0
1855,5,gGGggrrrrgGGggrrrrrrrrrGGrrGG,1859.0
1860,6,gGGggrrrrgGGggrrrrrrrrrrrrrrr,1864.0
1865,7,yyyyyrrrryyyyyrrrrrrrrrrrrrrr,1867.0
1870,0,rrrrrgGggrrrrrggGGGggGGrrGGrr,1872.0
1875,0,rrrrrgGggrrrrrggGGGggGGrrGGrr,1876.0
1880,1,rrrrrgGggrrrrrggGGGggrrrrrrrr,1883.0
1885,2,rrrrryyggrrrrryyyyyggrrrrrrrr,1886.0
1890,3,rrrrrrrGGrrrrrrrrrrGGrrrrrrrr,1891.0
1895,5,gGGggrrrrgGGggrrrrrrrrrGGrrGG,1899.0
1900,5,gGGggrrrrgGGggrrrrrrrrrGGrrGG,1901.0
1905,5,gGGggrrrrgGGggrrrrrrrrrGGrrGG,1907.0
1910,5,gGGggrrrrgGGggrrrrrrrrrGGrrGG,1911.0
1915,5,gGGggrrrrgGGggrrrrrrrrrGGrrGG,1916.0
1920,6,gGGggrrrrgGGggrrrrrrrrrrrrrrr,1922.0
1925,0,rrrrrgGggrrrrrggGGGggGGrrGGrr,1930.0
1930,0,rrrrrgGggrrrrrggGGGggGGrrGGrr,1932.0
1935,0,rrrrrgGggrrrrrggGGGggGGrrGGrr,1936.0
1940,1,rrrrrgGggrrrrrggGGGggrrrrrrrr,1941.0
1945,3,rrrrrrrGGrrrrrrrrrrGGrrrrrrrr,1949.0
1950,4,rrrrrrryyrrrrrrrrrryyrrrrrrrr,1952.0
1955,5,gGGggrrrrgGGggrrrrrrrrrGGrrGG,1957.0
1960,6,gGGggrrrrgGGggrrrrrrrrrrrrrrr,1962.0
1965,0,rrrrrgGggrrrrrggGGGggGGrrGGrr,1970.0
1970,1,rrrrrgGggrrrrrggGGGggrrrrrrrr,1975.0
1975,2,rrrrryyggrrrrryyyyyggrrrrrrrr,1978.0
1980,3,rrrrrrrGGrrrrrrrrrrGGrrrrrrrr,1983.0
1985,4,rrrrrrryyrrrrrrrrrryyrrrrrrrr,1986.0
1990,5,gGGggrrrrgGGggrrrrrrrrrGGrrGG,1991.0
1995,6,gGGggrrrrgGGggrrrrrrrrrrrrrrr,1996.0
2000,0,rrrrrgGggrrrrrggGGGggGGrrGGrr,2004.0
2005,1,rrrrrgGggrrrrrggGGGggrrrrrrrr,2009.0
2010,2,rrrrryyggrrrrryyyyyggrrrrrrrr,2012.0
2015,3,rrrrrrrGGrrrrrrrrrrGGrrrrrrrr,2017.0
2020,5,gGGggrrrrgGGggrrrrrrrrrGGrrGG,2025.0
2025,6,gGGggrrrrgGGggrrrrrrrrrrrrrrr,2030.0
2030,7,yyyyyrrrryyyyyrrrrrrrrrrrrrrr,2033.0
2035,0,rrrrrgGggrrrrrggGGGggGGrrGGrr,2038.0
2040,0,rrrrrgGggrrrrrggGGGggGGrrGGrr,2041.0
2045,1,rrrrrgGggrrrrrggGGGggrrrrrrrr,2047.0
2050,3,rrrrrrrGGrrrrrrrrrrGGrrrrrrrr,2055.0
2055,4,rrrrrrryyrrrrrrrrrryyrrrrrrrr,2058.0
2060,5,gGGggrrrrgGGggrrrrrrrrrGGrrGG,2063.0
2065,5,gGGggrrrrgGGggrrrrrrrrrGGrrGG,2066.0
2070,6,gGGggrrrrgGGggrrrrrrrrrrrrrrr,2072.0
2075,0,rrrrrgGggrrrrrggGGGggGGrrGGrr,2080.0
2080,0,rrrrrgGggrrrrrggGGGggGGrrGGrr,2082.0
2085,1,rrrrrgGggrrrrrggGGGggrrrrrrrr,2089.0
2090,2,rrrrryyggrrrrryyyyyggrrrrrrrr,2092.0
2095,3,rrrrrrrGGrrrrrrrrrrGGrrrrrrrr,2097.0
2100,5,gGGggrrrrgGGggrrrrrrrrrGGrrGG,2105.0
2105,6,gGGggrrrrgGGggrrrrrrrrrrrrrrr,2110.0
2110,7,yyyyyrrrryyyyyrrrrrrrrrrrrrrr,2113.0
2115,0,rrrrrgGggrrrrrggGGGggGGrrGGrr,2118.0
2120,0,rrrrrgGggrrrrrggGGGggGGrrGGrr,2122.0
2125,0,rrrrrgGggrrrrrggGGGggGGrrGGrr,2126.0
2130,0,rrrrrgGggrrrrrggGGGggGGrrGGrr,2131.0
2135,1,rrrrrgGggrrrrrggGGGggrrrrrrrr,2137.0
2140,3,rrrrrrrGGrrrrrrrrrrGGrrrrrrrr,2145.0
2145,4,rrrrrrryyrrrrrrrrrryyrrrrrrrr,2148.0
2150,5,gGGggrrrrgGGggrrrrrrrrrGGrrGG,2153.0
2155,5,gGGggrrrrgGGggrrrrrrrrrGGrrGG,2156.0
2160,5,gGGggrrrrgGGggrrrrrrrrrGGrrGG,2161.0
2165,6,gGGggrrrrgGGggrrrrrrrrrrrrrrr,2167.0
2170,0,rrrrrgGggrrrrrggGGGggGGrrGGrr,2175.0
2175,1,rrrrrgGggrrrrrggGGGggrrrrrrrr,2180.0
2180,2,rrrrryyggrrrrryyyyyggrrrrrrrr,2183.0
2185,3,rrrrrrrGGrrrrrrrrrrGGrrrrrrrr,2188.0
2190,4,rrrrrrryyrrrrrrrrrryyrrrrrrrr,2191.0
2195,5,gGGggrrrrgGGggrrrrrrrrrGGrrGG,2196.0
2200,6,gGGggrrrrgGGggrrrrrrrrrrrrrrr,2205.0
2205,7,yyyyyrrrryyyyyrrrrrrrrrrrrrrr,2208.0
2210,0,rrrrrgGggrrrrrggGGGggGGrrGGrr,2213.0
2215,1,rrrrrgGggrrrrrggGGGggrrrrrrrr,2219.0
2220,2,rrrrryyggrrrrryyyyyggrrrrrrrr,2222.0
2225,3,rrrrrrrGGrrrrrrrrrrGGrrrrrrrr,2227.0
2230,3,rrrrrrrGGrrrrrrrrrrGGrrrrrrrr,2231.0
2235,5,gGGggrrrrgGGggrrrrrrrrrGGrrGG,2239.0
2240,5,gGGggrrrrgGGggrrrrrrrrrGGrrGG,2241.0
2245,6,gGGggrrrrgGGggrrrrrrrrrrrrrrr,2248.0
2250,7,yyyyyrrrryyyyyrrrrrrrrrrrrrrr,2251.0
2255,0,rrrrrgGggrrrrrggGGGggGGrrGGrr,2256.0
2260,1,rrrrrgGggrrrrrggGGGggrrrrrrrr,2261.0
2265,3,rrrrrrrGGrrrrrrrrrrGGrrrrrrrr,2269.0
2270,4,rrrrrrryyrrrrrrrrrryyrrrrrrrr,2272.0
2275,5,gGGggrrrrgGGggrrrrrrrrrGGrrGG,2277.0
2280,6,gGGggrrrrgGGggrrrrrrrrrrrrrrr,2282.0
2285,0,rrrrrgGggrrrrrggGGGggGGrrGGrr,2290.0
2290,1,rrrrrgGggrrrrrggGGGggrrrrrrrr,2295.0
2295,2,rrrrryyggrrrrryyyyyggrrrrrrrr,2298.0
2300,3,rrrrrrrGGrrrrrrrrrrGGrrrrrrrr,2303.0
2305,4,rrrrrrryyrrrrrrrrrryyrrrrrrrr,2306.0
2310,5,gGGggrrrrgGGggrrrrrrrrrGGrrGG,2311.0
2315,6,gGGggrrrrgGGggrrrrrrrrrrrrrrr,2316.0
2320,0,rrrrrgGggrrrrrggGGGggGGrrGGrr,2324.0
2325,1,rrrrrgGggrrrrrggGGGggrrrrrrrr,2329.0
2330,2,rrrrryyggrrrrryyyyyggrrrrrrrr,2332.0
2335,3,rrrrrrrGGrrrrrrrrrrGGrrrrrrrr,2337.0
2340,5,gGGggrrrrgGGggrrrrrrrrrGGrrGG,2345.0
2345,5,gGGggrrrrgGGggrrrrrrrrrGGrrGG,2347.0
2350,5,gGGggrrrrgGGggrrrrrrrrrGGrrGG,2351.0
2355,5,gGGggrrrrgGGggrrrrrrrrrGGrrGG,2357.0
2360,5,gGGggrrrrgGGggrrrrrrrrrGGrrGG,2361.0
2365,6,gGGggrrrrgGGggrrrrrrrrrrrrrrr,2368.0
2370,7,yyyyyrrrryyyyyrrrrrrrrrrrrrrr,2371.0
2375,0,rrrrrgGggrrrrrggGGGggGGrrGGrr,2376.0
2380,1,rrrrrgGggrrrrrggGGGggrrrrrrrr,2381.0
2385,3,rrrrrrrGGrrrrrrrrrrGGrrrrrrrr,2389.0
2390,4,rrrrrrryyrrrrrrrrrryyrrrrrrrr,2392.0
2395,5,gGGggrrrrgGGggrrrrrrrrrGGrrGG,2397.0
2400,6,gGGggrrrrgGGggrrrrrrrrrrrrrrr,2405.0
2405,7,yyyyyrrrryyyyyrrrrrrrrrrrrrrr,2408.0
2410,0,rrrrrgGggrrrrrggGGGggGGrrGGrr,2413.0
2415,1,rrrrrgGggrrrrrggGGGggrrrrrrrr,2418.0
2420,2,rrrrryyggrrrrryyyyyggrrrrrrrr,2421.0
2425,3,rrrrrrrGGrrrrrrrrrrGGrrrrrrrr,2426.0
2430,5,gGGggrrrrgGGggrrrrrrrrrGGrrGG,2434.0
2435,5,gGGggrrrrgGGggrrrrrrrrrGGrrGG,2436.0
2440,5,gGGggrrrrgGGggrrrrrrrrrGGrrGG,2442.0
2445,6,gGGggrrrrgGGggrrrrrrrrrrrrrrr,2448.0
2450,7,yyyyyrrrryyyyyrrrrrrrrrrrrrrr,2451.0
2455,0,rrrrrgGggrrrrrggGGGggGGrrGGrr,2456.0
2460,0,rrrrrgGggrrrrrggGGGggGGrrGGrr,2461.0
2465,1,rrrrrgGggrrrrrggGGGggrrrrrrrr,2466.0
2470,3,rrrrrrrGGrrrrrrrrrrGGrrrrrrrr,2474.0
2475,4,rrrrrrryyrrrrrrrrrryyrrrrrrrr,2477.0
2480,5,gGGggrrrrgGGggrrrrrrrrrGGrrGG,2482.0
2485,6,gGGggrrrrgGGggrrrrrrrrrrrrrrr,2487.0
2490,0,rrrrrgGggrrrrrggGGGggGGrrGGrr,2495.0
2495,1,rrrrrgGggrrrrrggGGGggrrrrrrrr,2500.0
2500,2,rrrrryyggrrrrryyyyyggrrrrrrrr,2503.0
2505,3,rrrrrrrGGrrrrrrrrrrGGrrrrrrrr,2508.0
2510,4,rrrrrrryyrrrrrrrrrryyrrrrrrrr,2511.0
2515,5,gGGggrrrrgGGggrrrrrrrrrGGrrGG,2516.0
2520,5,gGGggrrrrgGGggrrrrrrrrrGGrrGG,2521.0
2525,5,gGGggrrrrgGGggrrrrrrrrrGGrrGG,2526.0
2530,6,gGGggrrrrgGGggrrrrrrrrrrrrrrr,2531.0
2535,0,rrrrrgGggrrrrrggGGGggGGrrGGrr,2539.0
2540,1,rrrrrgGggrrrrrggGGGggrrrrrrrr,2544.0
2545,2,rrrrryyggrrrrryyyyyggrrrrrrrr,2547.0
2550,3,rrrrrrrGGrrrrrrrrrrGGrrrrrrrr,2552.0
2555,5,gGGggrrrrgGGggrrrrrrrrrGGrrGG,2560.0
2560,6,gGGggrrrrgGGggrrrrrrrrrrrrrrr,2565.0
2565,7,yyyyyrrrryyyyyrrrrrrrrrrrrrrr,2568.0
2570,0,rrrrrgGggrrrrrggGGGggGGrrGGrr,2573.0
2575,0,rrrrrgGggrrrrrggGGGggGGrrGGrr,2577.0
2580,1,rrrrrgGggrrrrrggGGGggrrrrrrrr,2585.0
2585,2,rrrrryyggrrrrryyyyyggrrrrrrrr,2588.0
2590,3,rrrrrrrGGrrrrrrrrrrGGrrrrrrrr,2593.0
2595,4,rrrrrrryyrrrrrrrrrryyrrrrrrrr,2596.0
2600,5,gGGggrrrrgGGggrrrrrrrrrGGrrGG,2601.0
2605,5,gGGggrrrrgGGggrrrrrrrrrGGrrGG,2607.0
2610,6,gGGggrrrrgGGggrrrrrrrrrrrrrrr,2615.0
2615,7,yyyyyrrrryyyyyrrrrrrrrrrrrrrr,2618.0
2620,0,rrrrrgGggrrrrrggGGGggGGrrGGrr,2623.0
2625,1,rrrrrgGggrrrrrggGGGggrrrrrrrr,2628.0
2630,2,rrrrryyggrrrrryyyyyggrrrrrrrr,2631.0
2635,3,rrrrrrrGGrrrrrrrrrrGGrrrrrrrr,2636.0
2640,5,gGGggrrrrgGGggrrrrrrrrrGGrrGG,2644.0
2645,5,gGGggrrrrgGGggrrrrrrrrrGGrrGG,2646.0
2650,5,gGGggrrrrgGGggrrrrrrrrrGGrrGG,2652.0
2655,5,gGGggrrrrgGGggrrrrrrrrrGGrrGG,2656.0
2660,6,gGGggrrrrgGGggrrrrrrrrrrrrrrr,2661.0
2665,0,rrrrrgGggrrrrrggGGGggGGrrGGrr,2669.0
2670,1,rrrrrgGggrrrrrggGGGggrrrrrrrr,2674.0
2675,2,rrrrryyggrrrrryyyyyggrrrrrrrr,2677.0
2680,3,rrrrrrrGGrrrrrrrrrrGGrrrrrrrr,2682.0
2685,5,gGGggrrrrgGGggrrrrrrrrrGGrrGG,2690.0
2690,6,gGGggrrrrgGGggrrrrrrrrrrrrrrr,2695.0
2695,7,yyyyyrrrryyyyyrrrrrrrrrrrrrrr,2698.0
2700,0,rrrrrgGggrrrrrggGGGggGGrrGGrr,2703.0
2705,0,rrrrrgGggrrrrrggGGGggGGrrGGrr,2706.0
2710,1,rrrrrgGggrrrrrggGGGggrrrrrrrr,2712.0
2715,3,rrrrrrrGGrrrrrrrrrrGGrrrrrrrr,2720.0
2720,4,rrrrrrryyrrrrrrrrrryyrrrrrrrr,2723.0
2725,5,gGGggrrrrgGGggrrrrrrrrrGGrrGG,2728.0
2730,5,gGGggrrrrgGGggrrrrrrrrrGGrrGG,2732.0
2735,5,gGGggrrrrgGGggrrrrrrrrrGGrrGG,2736.0
2740,5,gGGggrrrrgGGggrrrrrrrrrGGrrGG,2741.0
2745,6,gGGggrrrrgGGggrrrrrrrrrrrrrrr,2749.0
2750,7,yyyyyrrrryyyyyrrrrrrrrrrrrrrr,2752.0
2755,0,rrrrrgGggrrrrrggGGGggGGrrGGrr,2757.0
2760,1,rrrrrgGggrrrrrggGGGggrrrrrrrr,2762.0
2765,3,rrrrrrrGGrrrrrrrrrrGGrrrrrrrr,2770.0
2770,3,rrrrrrrGGrrrrrrrrrrGGrrrrrrrr,2772.0
2775,4,rrrrrrryyrrrrrrrrrryyrrrrrrrr,2777.0
2780,5,gGGggrrrrgGGggrrrrrrrrrGGrrGG,2782.0
2785,6,gGGggrrrrgGGggrrrrrrrrrrrrrrr,2787.0
2790,0,rrrrrgGggrrrrrggGGGggGGrrGGrr,2795.0
2795,0,rrrrrgGggrrrrrggGGGggGGrrGGrr,2797.0
2800,0,rrrrrgGggrrrrrggGGGggGGrrGGrr,2801.0
2805,1,rrrrrgGggrrrrrggGGGggrrrrrrrr,2809.0
2810,2,rrrrryyggrrrrryyyyyggrrrrrrrr,2812.0
2815,3,rrrrrrrGGrrrrrrrrrrGGrrrrrrrr,2817.0
2820,5,gGGggrrrrgGGggrrrrrrrrrGGrrGG,2825.0
2825,5,gGGggrrrrgGGggrrrrrrrrrGGrrGG,2827.0
2830,5,gGGggrrrrgGGggrrrrrrrrrGGrrGG,2831.0
2835,6,gGGggrrrrgGGggrrrrrrrrrrrrrrr,2837.0
2840,0,rrrrrgGggrrrrrggGGGggGGrrGGrr,2845.0
2845,1,rrrrrgGggrrrrrggGGGggrrrrrrrr,2850.0
2850,2,rrrrryyggrrrrryyyyyggrrrrrrrr,2853.0
2855,3,rrrrrrrGGrrrrrrrrrrGGrrrrrrrr,2858.0
2860,4,rrrrrrryyrrrrrrrrrryyrrrrrrrr,2861.0
2865,5,gGGggrrrrgGGggrrrrrrrrrGGrrGG,2866.0
2870,6,gGGggrrrrgGGggrrrrrrrrrrrrrrr,2875.0
2875,7,yyyyyrrrryyyyyrrrrrrrrrrrrrrr,2878.0
2880,0,rrrrrgGggrrrrrggGGGggGGrrGGrr,2883.0
2885,1,rrrrrgGggrrrrrggGGGggrrrrrrrr,2888.0
2890,2,rrrrryyggrrrrryyyyyggrrrrrrrr,2891.0
2895,3,rrrrrrrGGrrrrrrrrrrGGrrrrrrrr,2896.0
2900,5,gGGggrrrrgGGggrrrrrrrrrGGrrGG,2904.0
2905,5,gGGggrrrrgGGggrrrrrrrrrGGrrGG,2906.0
2910,5,gGGggrrrrgGGggrrrrrrrrrGGrrGG,2911.0
2915,5,gGGggrrrrgGGggrrrrrrrrrGGrrGG,2917.0
2920,6,gGGggrrrrgGGggrrrrrrrrrrrrrrr,2924.0
2925,7,yyyyyrrrryyyyyrrrrrrrrrrrrrrr,2927.0
2930,0,rrrrrgGggrrrrrggGGGggGGrrGGrr,2932.0
2935,0,rrrrrgGggrrrrrggGGGggGGrrGGrr,2937.0
2940,0,rrrrrgGggrrrrrggGGGggGGrrGGrr,2941.0
2945,0,rrrrrgGggrrrrrggGGGggGGrrGGrr,2947.0
2950,1,rrrrrgGggrrrrrggGGGggrrrrrrrr,2953.0
2955,2,rrrrryyggrrrrryyyyyggrrrrrrrr,2956.0
2960,3,rrrrrrrGGrrrrrrrrrrGGrrrrrrrr,2961.0
2965,5,gGGggrrrrgGGggrrrrrrrrrGGrrGG,2969.0
2970,6,gGGggrrrrgGGggrrrrrrrrrrrrrrr,2974.0
2975,7,yyyyyrrrryyyyyrrrrrrrrrrrrrrr,2977.0
2980,0,rrrrrgGggrrrrrggGGGggGGrrGGrr,2982.0
2985,1,rrrrrgGggrrrrrggGGGggrrrrrrrr,2987.0
2990,3,rrrrrrrGGrrrrrrrrrrGGrrrrrrrr,2995.0
2995,4,rrrrrrryyrrrrrrrrrryyrrrrrrrr,2998.0
3000,5,gGGggrrrrgGGggrrrrrrrrrGGrrGG,3003.0
3005,5,gGGggrrrrgGGggrrrrrrrrrGGrrGG,3006.0
3010,6,gGGggrrrrgGGggrrrrrrrrrrrrrrr,3012.0
3015,0,rrrrrgGggrrrrrggGGGggGGrrGGrr,3020.0
3020,1,rrrrrgGggrrrrrggGGGggrrrrrrrr,3025.0
3025,2,rrrrryyggrrrrryyyyyggrrrrrrrr,3028.0
3030,3,rrrrrrrGGrrrrrrrrrrGGrrrrrrrr,3033.0
3035,4,rrrrrrryyrrrrrrrrrryyrrrrrrrr,3036.0
3040,5,gGGggrrrrgGGggrrrrrrrrrGGrrGG,3041.0
3045,6,gGGggrrrrgGGggrrrrrrrrrrrrrrr,3046.0
3050,0,rrrrrgGggrrrrrggGGGggGGrrGGrr,3054.0
3055,1,rrrrrgGggrrrrrggGGGggrrrrrrrr,3059.0
3060,2,rrrrryyggrrrrryyyyyggrrrrrrrr,3062.0
3065,3,rrrrrrrGGrrrrrrrrrrGGrrrrrrrr,3067.0
3070,5,gGGggrrrrgGGggrrrrrrrrrGGrrGG,3075.0
3075,5,gGGggrrrrgGGggrrrrrrrrrGGrrGG,3077.0
3080,5,gGGggrrrrgGGggrrrrrrrrrGGrrGG,3081.0
3085,5,gGGggrrrrgGGggrrrrrrrrrGGrrGG,3087.0
3090,5,gGGggrrrrgGGggrrrrrrrrrGGrrGG,3091.0
3095,5,gGGggrrrrgGGggrrrrrrrrrGGrrGG,3096.0
3100,6,gGGggrrrrgGGggrrrrrrrrrrrrrrr,3101.0
3105,0,rrrrrgGggrrrrrggGGGggGGrrGGrr,3109.0
3110,1,rrrrrgGggrrrrrggGGGggrrrrrrrr,3114.0
3115,2,rrrrryyggrrrrryyyyyggrrrrrrrr,3117.0
3120,3,rrrrrrrGGrrrrrrrrrrGGrrrrrrrr,3122.0
3125,5,gGGggrrrrgGGggrrrrrrrrrGGrrGG,3130.0
3130,5,gGGggrrrrgGGggrrrrrrrrrGGrrGG,3132.0
3135,5,gGGggrrrrgGGggrrrrrrrrrGGrrGG,3136.0
3140,5,gGGggrrrrgGGggrrrrrrrrrGGrrGG,3142.0
3145,5,gGGggrrrrgGGggrrrrrrrrrGGrrGG,3146.0
3150,6,gGGggrrrrgGGggrrrrrrrrrrrrrrr,3153.0
3155,7,yyyyyrrrryyyyyrrrrrrrrrrrrrrr,3156.0
3160,0,rrrrrgGggrrrrrggGGGggGGrrGGrr,3161.0
3165,0,rrrrrgGggrrrrrggGGGggGGrrGGrr,3166.0
3170,1,rrrrrgGggrrrrrggGGGggrrrrrrrr,3173.0
3175,2,rrrrryyggrrrrryyyyyggrrrrrrrr,3176.0
3180,3,rrrrrrrGGrrrrrrrrrrGGrrrrrrrr,3181.0
3185,4,rrrrrrryyrrrrrrrrrryyrrrrrrrr,3187.0
3190,5,gGGggrrrrgGGggrrrrrrrrrGGrrGG,3192.0
3195,5,gGGggrrrrgGGggrrrrrrrrrGGrrGG,3196.0
3200,5,gGGggrrrrgGGggrrrrrrrrrGGrrGG,3202.0
3205,5,gGGggrrrrgGGggrrrrrrrrrGGrrGG,3206.0
3210,6,gGGggrrrrgGGggrrrrrrrrrrrrrrr,3211.0
3215,0,rrrrrgGggrrrrrggGGGggGGrrGGrr,3219.0
3220,0,rrrrrgGggrrrrrggGGGggGGrrGGrr,3221.0
3225,0,rrrrrgGggrrrrrggGGGggGGrrGGrr,3227.0
3230,1,rrrrrgGggrrrrrggGGGggrrrrrrrr,3235.0
3235,2,rrrrryyggrrrrryyyyyggrrrrrrrr,3238.0
3240,3,rrrrrrrGGrrrrrrrrrrGGrrrrrrrr,3243.0
3245,4,rrrrrrryyrrrrrrrrrryyrrrrrrrr,3246.0
3250,5,gGGggrrrrgGGggrrrrrrrrrGGrrGG,3251.0
3255,5,gGGggrrrrgGGggrrrrrrrrrGGrrGG,3257.0
3260,5,gGGggrrrrgGGggrrrrrrrrrGGrrGG,3261.0
3265,5,gGGggrrrrgGGggrrrrrrrrrGGrrGG,3267.0
3270,5,gGGggrrrrgGGggrrrrrrrrrGGrrGG,3271.0
3275,6,gGGggrrrrgGGggrrrrrrrrrrrrrrr,3277.0
3280,0,rrrrrgGggrrrrrggGGGggGGrrGGrr,3285.0
3285,0,rrrrrgGggrrrrrggGGGggGGrrGGrr,3287.0
3290,0,rrrrrgGggrrrrrggGGGggGGrrGGrr,3291.0
3295,1,rrrrrgGggrrrrrggGGGggrrrrrrrr,3299.0
3300,2,rrrrryyggrrrrryyyyyggrrrrrrrr,3302.0
3305,3,rrrrrrrGGrrrrrrrrrrGGrrrrrrrr,3307.0
3310,5,gGGggrrrrgGGggrrrrrrrrrGGrrGG,3315.0
3315,6,gGGggrrrrgGGggrrrrrrrrrrrrrrr,3320.0
3320,7,yyyyyrrrryyyyyrrrrrrrrrrrrrrr,3323.0
3325,0,rrrrrgGggrrrrrggGGGggGGrrGGrr,3328.0
3330,1,rrrrrgGggrrrrrggGGGggrrrrrrrr,3334.0
3335,2,rrrrryyggrrrrryyyyyggrrrrrrrr,3337.0
3340,3,rrrrrrrGGrrrrrrrrrrGGrrrrrrrr,3342.0
3345,5,gGGggrrrrgGGggrrrrrrrrrGGrrGG,3350.0
3350,5,gGGggrrrrgGGggrrrrrrrrrGGrrGG,3352.0
3355,5,gGGggrrrrgGGggrrrrrrrrrGGrrGG,3356.0
3360,6,gGGggrrrrgGGggrrrrrrrrrrrrrrr,3362.0
3365,0,rrrrrgGggrrrrrggGGGggGGrrGGrr,3370.0
3370,1,rrrrrgGggrrrrrggGGGggrrrrrrrr,3375.0
3375,2,rrrrryyggrrrrryyyyyggrrrrrrrr,3378.0
3380,3,rrrrrrrGGrrrrrrrrrrGGrrrrrrrr,3383.0
3385,4,rrrrrrryyrrrrrrrrrryyrrrrrrrr,3386.0
3390,5,gGGggrrrrgGGggrrrrrrrrrGGrrGG,3391.0
3395,5,gGGggrrrrgGGggrrrrrrrrrGGrrGG,3396.0
3400,5,gGGggrrrrgGGggrrrrrrrrrGGrrGG,3401.0
3405,6,gGGggrrrrgGGggrrrrrrrrrrrrrrr,3409.0
3410,7,yyyyyrrrryyyyyrrrrrrrrrrrrrrr,3412.0
3415,0,rrrrrgGggrrrrrggGGGggGGrrGGrr,3417.0
3420,0,rrrrrgGggrrrrrggGGGggGGrrGGrr,3421.0
3425,0,rrrrrgGggrrrrrggGGGggGGrrGGrr,3427.0
3430,0,rrrrrgGggrrrrrggGGGggGGrrGGrr,3431.0
3435,0,rrrrrgGggrrrrrggGGGggGGrrGGrr,3436.0
3440,0,rrrrrgGggrrrrrggGGGggGGrrGGrr,3442.0
3445,0,rrrrrgGggrrrrrggGGGggGGrrGGrr,3447.0
3450,0,rrrrrgGggrrrrrggGGGggGGrrGGrr,3452.0
3455,0,rrrrrgGggrrrrrggGGGggGGrrGGrr,3456.0
3460,0,rrrrrgGggrrrrrggGGGggGGrrGGrr,3462.0
3465,1,rrrrrgGggrrrrrggGGGggrrrrrrrr,3467.0
3470,3,rrrrrrrGGrrrrrrrrrrGGrrrrrrrr,3475.0
3475,3,rrrrrrrGGrrrrrrrrrrGGrrrrrrrr,3477.0
3480,3,rrrrrrrGGrrrrrrrrrrGGrrrrrrrr,3481.0
3485,4,rrrrrrryyrrrrrrrrrryyrrrrrrrr,3487.0
3490,5,gGGggrrrrgGGggrrrrrrrrrGGrrGG,3492.0
3495,5,gGGggrrrrgGGggrrrrrrrrrGGrrGG,3496.0
3500,5,gGGggrrrrgGGggrrrrrrrrrGGrrGG,3501.0
3505,5,gGGggrrrrgGGggrrrrrrrrrGGrrGG,3507.0
3510,5,gGGggrrrrgGGggrrrrrrrrrGGrrGG,3511.0
3515,6,gGGggrrrrgGGggrrrrrrrrrrrrrrr,3520.0
3520,7,yyyyyrrrryyyyyrrrrrrrrrrrrrrr,3523.0
3525,0,rrrrrgGggrrrrrggGGGggGGrrGGrr,3528.0
3530,0,rrrrrgGggrrrrrggGGGggGGrrGGrr,3531.0
3535,0,rrrrrgGggrrrrrggGGGggGGrrGGrr,3537.0
3540,0,rrrrrgGggrrrrrggGGGggGGrrGGrr,3541.0
3545,1,rrrrrgGggrrrrrggGGGggrrrrrrrr,3550.0
3550,2,rrrrryyggrrrrryyyyyggrrrrrrrr,3553.0
3555,3,rrrrrrrGGrrrrrrrrrrGGrrrrrrrr,3558.0
3560,4,rrrrrrryyrrrrrrrrrryyrrrrrrrr,3561.0
3565,5,gGGggrrrrgGGggrrrrrrrrrGGrrGG,3566.0
3570,6,gGGggrrrrgGGggrrrrrrrrrrrrrrr,3571.0
3575,0,rrrrrgGggrrrrrggGGGggGGrrGGrr,3579.0
3580,1,rrrrrgGggrrrrrggGGGggrrrrrrrr,3584.0
3585,2,rrrrryyggrrrrryyyyyggrrrrrrrr,3587.0
3590,3,rrrrrrrGGrrrrrrrrrrGGrrrrrrrr,3592.0
3595,5,gGGggrrrrgGGggrrrrrrrrrGGrrGG,3600.0
3600,5,gGGggrrrrgGGggrrrrrrrrrGGrrGG,3602.0
3605,5,gGGggrrrrgGGggrrrrrrrrrGGrrGG,3606.0
3610,6,gGGggrrrrgGGggrrrrrrrrrrrrrrr,3615.0
3615,7,yyyyyrrrryyyyyrrrrrrrrrrrrrrr,3618.0
3620,0,rrrrrgGggrrrrrggGGGggGGrrGGrr,3623.0
3625,1,rrrrrgGggrrrrrggGGGggrrrrrrrr,3629.0
3630,2,rrrrryyggrrrrryyyyyggrrrrrrrr,3632.0
3635,3,rrrrrrrGGrrrrrrrrrrGGrrrrrrrr,3637.0
3640,5,gGGggrrrrgGGggrrrrrrrrrGGrrGG,3645.0
3645,6,gGGggrrrrgGGggrrrrrrrrrrrrrrr,3650.0
3650,7,yyyyyrrrryyyyyrrrrrrrrrrrrrrr,3653.0
3655,0,rrrrrgGggrrrrrggGGGggGGrrGGrr,3658.0
3660,0,rrrrrgGggrrrrrggGGGggGGrrGGrr,3661.0
3665,0,rrrrrgGggrrrrrggGGGggGGrrGGrr,3666.0
3670,1,rrrrrgGggrrrrrggGGGggrrrrrrrr,3671.0
3675,3,rrrrrrrGGrrrrrrrrrrGGrrrrrrrr,3679.0
3680,4,rrrrrrryyrrrrrrrrrryyrrrrrrrr,3682.0
3685,5,gGGggrrrrgGGggrrrrrrrrrGGrrGG,3687.0
3690,5,gGGggrrrrgGGggrrrrrrrrrGGrrGG,3692.0
3695,5,gGGggrrrrgGGggrrrrrrrrrGGrrGG,3697.0
3700,6,gGGggrrrrgGGggrrrrrrrrrrrrrrr,3704.0
3705,7,yyyyyrrrryyyyyrrrrrrrrrrrrrrr,3707.0
3710,0,rrrrrgGggrrrrrggGGGggGGrrGGrr,3712.0
3715,1,rrrrrgGggrrrrrggGGGggrrrrrrrr,3720.0
3720,2,rrrrryyggrrrrryyyyyggrrrrrrrr,3723.0
3725,3,rrrrrrrGGrrrrrrrrrrGGrrrrrrrr,3728.0
3730,4,rrrrrrryyrrrrrrrrrryyrrrrrrrr,3731.0
3735,5,gGGggrrrrgGGggrrrrrrrrrGGrrGG,3736.0
3740,5,gGGggrrrrgGGggrrrrrrrrrGGrrGG,3741.0
3745,5,gGGggrrrrgGGggrrrrrrrrrGGrrGG,3747.0
3750,5,gGGggrrrrgGGggrrrrrrrrrGGrrGG,3751.0
3755,5,gGGggrrrrgGGggrrrrrrrrrGGrrGG,3757.0
3760,5,gGGggrrrrgGGggrrrrrrrrrGGrrGG,3761.0
3765,5,gGGggrrrrgGGggrrrrrrrrrGGrrGG,3767.0
3770,5,gGGggrrrrgGGggrrrrrrrrrGGrrGG,3771.0
3775,5,gGGggrrrrgGGggrrrrrrrrrGGrrGG,3777.0
3780,5,gGGggrrrrgGGggrrrrrrrrrGGrrGG,3781.0
3785,6,gGGggrrrrgGGggrrrrrrrrrrrrrrr,3786.0
3790,0,rrrrrgGggrrrrrggGGGggGGrrGGrr,3794.0
3795,0,rrrrrgGggrrrrrggGGGggGGrrGGrr,3796.0
3800,1,rrrrrgGggrrrrrggGGGggrrrrrrrr,3801.0
3805,3,rrrrrrrGGrrrrrrrrrrGGrrrrrrrr,3809.0
3810,4,rrrrrrryyrrrrrrrrrryyrrrrrrrr,3812.0
3815,5,gGGggrrrrgGGggrrrrrrrrrGGrrGG,3817.0
3820,5,gGGggrrrrgGGggrrrrrrrrrGGrrGG,3821.0
3825,5,gGGggrrrrgGGggrrrrrrrrrGGrrGG,3827.0
3830,5,gGGggrrrrgGGggrrrrrrrrrGGrrGG,3831.0
3835,5,gGGggrrrrgGGggrrrrrrrrrGGrrGG,3837.0
3840,5,gGGggrrrrgGGggrrrrrrrrrGGrrGG,3841.0
3845,5,gGGggrrrrgGGggrrrrrrrrrGGrrGG,3847.0
3850,5,gGGggrrrrgGGggrrrrrrrrrGGrrGG,3851.0
3855,5,gGGggrrrrgGGggrrrrrrrrrGGrrGG,3857.0
3860,5,gGGggrrrrgGGggrrrrrrrrrGGrrGG,3861.0
3865,6,gGGggrrrrgGGggrrrrrrrrrrrrrrr,3867.0
3870,0,rrrrrgGggrrrrrggGGGggGGrrGGrr,3875.0
3875,0,rrrrrgGggrrrrrggGGGggGGrrGGrr,3877.0
3880,0,rrrrrgGggrrrrrggGGGggGGrrGGrr,3881.0
3885,0,rrrrrgGggrrrrrggGGGggGGrrGGrr,3886.0
3890,0,rrrrrgGggrrrrrggGGGggGGrrGGrr,3891.0
3895,1,rrrrrgGggrrrrrggGGGggrrrrrrrr,3900.0
3900,2,rrrrryyggrrrrryyyyyggrrrrrrrr,3903.0
3905,3,rrrrrrrGGrrrrrrrrrrGGrrrrrrrr,3908.0
3910,4,rrrrrrryyrrrrrrrrrryyrrrrrrrr,3911.0
3915,5,gGGggrrrrgGGggrrrrrrrrrGGrrGG,3916.0
3920,5,gGGggrrrrgGGggrrrrrrrrrGGrrGG,3922.0
3925,5,gGGggrrrrgGGggrrrrrrrrrGGrrGG,3926.0
3930,5,gGGggrrrrgGGggrrrrrrrrrGGrrGG,3932.0
3935,5,gGGggrrrrgGGggrrrrrrrrrGGrrGG,3936.0
3940,5,gGGggrrrrgGGggrrrrrrrrrGGrrGG,3942.0
3945,5,gGGggrrrrgGGggrrrrrrrrrGGrrGG,3946.0
3950,5,gGGggrrrrgGGggrrrrrrrrrGGrrGG,3952.0
3955,5,gGGggrrrrgGGggrrrrrrrrrGGrrGG,3956.0
3960,5,gGGggrrrrgGGggrrrrrrrrrGGrrGG,3961.0
3965,6,gGGggrrrrgGGggrrrrrrrrrrrrrrr,3966.0
3970,0,rrrrrgGggrrrrrggGGGggGGrrGGrr,3974.0
3975,0,rrrrrgGggrrrrrggGGGggGGrrGGrr,3976.0
3980,0,rrrrrgGggrrrrrggGGGggGGrrGGrr,3981.0
3985,0,rrrrrgGggrrrrrggGGGggGGrrGGrr,3987.0
3990,0,rrrrrgGggrrrrrggGGGggGGrrGGrr,3991.0
3995,0,rrrrrgGggrrrrrggGGGggGGrrGGrr,3996.0
4000,1,rrrrrgGggrrrrrggGGGggrrrrrrrr,4002.0
4005,3,rrrrrrrGGrrrrrrrrrrGGrrrrrrrr,4010.0
4010,4,rrrrrrryyrrrrrrrrrryyrrrrrrrr,4013.0
4015,5,gGGggrrrrgGGggrrrrrrrrrGGrrGG,4018.0
4020,5,gGGggrrrrgGGggrrrrrrrrrGGrrGG,4022.0
4025,5,gGGggrrrrgGGggrrrrrrrrrGGrrGG,4026.0
4030,6,gGGggrrrrgGGggrrrrrrrrrrrrrrr,4032.0
4035,0,rrrrrgGggrrrrrggGGGggGGrrGGrr,4040.0
4040,0,rrrrrgGggrrrrrggGGGggGGrrGGrr,4042.0
4045,0,rrrrrgGggrrrrrggGGGggGGrrGGrr,4046.0
4050,0,rrrrrgGggrrrrrggGGGggGGrrGGrr,4052.0
4055,0,rrrrrgGggrrrrrggGGGggGGrrGGrr,4056.0
4060,0,rrrrrgGggrrrrrggGGGggGGrrGGrr,4061.0
4065,1,rrrrrgGggrrrrrggGGGggrrrrrrrr,4067.0
4070,3,rrrrrrrGGrrrrrrrrrrGGrrrrrrrr,4075.0
4075,3,rrrrrrrGGrrrrrrrrrrGGrrrrrrrr,4076.0
4080,4,rrrrrrryyrrrrrrrrrryyrrrrrrrr,4083.0
4085,5,gGGggrrrrgGGggrrrrrrrrrGGrrGG,4088.0
4090,6,gGGggrrrrgGGggrrrrrrrrrrrrrrr,4093.0
4095,7,yyyyyrrrryyyyyrrrrrrrrrrrrrrr,4096.0
4100,0,rrrrrgGggrrrrrggGGGggGGrrGGrr,4101.0
4105,1,rrrrrgGggrrrrrggGGGggrrrrrrrr,4106.0
4110,3,rrrrrrrGGrrrrrrrrrrGGrrrrrrrr,4114.0
4115,4,rrrrrrryyrrrrrrrrrryyrrrrrrrr,4117.0
4120,5,gGGggrrrrgGGggrrrrrrrrrGGrrGG,4122.0
4125,6,gGGggrrrrgGGggrrrrrrrrrrrrrrr,4127.0
4130,0,rrrrrgGggrrrrrggGGGggGGrrGGrr,4135.0
4135,0,rrrrrgGggrrrrrggGGGggGGrrGGrr,4137.0
4140,0,rrrrrgGggrrrrrggGGGggGGrrGGrr,4141.0
4145,0,rrrrrgGggrrrrrggGGGggGGrrGGrr,4146.0
4150,1,rrrrrgGggrrrrrggGGGggrrrrrrrr,4151.0
4155,3,rrrrrrrGGrrrrrrrrrrGGrrrrrrrr,4159.0
4160,4,rrrrrrryyrrrrrrrrrryyrrrrrrrr,4162.0
4165,5,gGGggrrrrgGGggrrrrrrrrrGGrrGG,4167.0
4170,5,gGGggrrrrgGGggrrrrrrrrrGGrrGG,4171.0
4175,6,gGGggrrrrgGGggrrrrrrrrrrrrrrr,4177.0
4180,0,rrrrrgGggrrrrrggGGGggGGrrGGrr,4185.0
4185,0,rrrrrgGggrrrrrggGGGggGGrrGGrr,4187.0
4190,0,rrrrrgGggrrrrrggGGGggGGrrGGrr,4191.0
4195,0,rrrrrgGggrrrrrggGGGggGGrrGGrr,4197.0
4200,0,rrrrrgGggrrrrrggGGGggGGrrGGrr,4201.0
4205,0,rrrrrgGggrrrrrggGGGggGGrrGGrr,4206.0
4210,1,rrrrrgGggrrrrrggGGGggrrrrrrrr,4213.0
4215,2,rrrrryyggrrrrryyyyyggrrrrrrrr,4216.0
4220,3,rrrrrrrGGrrrrrrrrrrGGrrrrrrrr,4221.0
4225,5,gGGggrrrrgGGggrrrrrrrrrGGrrGG,4229.0
4230,6,gGGggrrrrgGGggrrrrrrrrrrrrrrr,4234.0
4235,7,yyyyyrrrryyyyyrrrrrrrrrrrrrrr,4237.0
4240,0,rrrrrgGggrrrrrggGGGggGGrrGGrr,4242.0
4245,0,rrrrrgGggrrrrrggGGGggGGrrGGrr,4247.0
4250,1,rrrrrgGggrrrrrggGGGggrrrrrrrr,4254.0
4255,2,rrrrryyggrrrrryyyyyggrrrrrrrr,4257.0
4260,3,rrrrrrrGGrrrrrrrrrrGGrrrrrrrr,4262.0
4265,5,gGGggrrrrgGGggrrrrrrrrrGGrrGG,4270.0
4270,6,gGGggrrrrgGGggrrrrrrrrrrrrrrr,4275.0
4275,7,yyyyyrrrryyyyyrrrrrrrrrrrrrrr,4278.0
4280,0,rrrrrgGggrrrrrggGGGggGGrrGGrr,4283.0
4285,1,rrrrrgGggrrrrrggGGGggrrrrrrrr,4288.0
4290,2,rrrrryyggrrrrryyyyyggrrrrrrrr,4291.0
4295,3,rrrrrrrGGrrrrrrrrrrGGrrrrrrrr,4296.0
4300,5,gGGggrrrrgGGggrrrrrrrrrGGrrGG,4304.0
4305,6,gGGggrrrrgGGggrrrrrrrrrrrrrrr,4309.0
4310,7,yyyyyrrrryyyyyrrrrrrrrrrrrrrr,4312.0
4315,0,rrrrrgGggrrrrrggGGGggGGrrGGrr,4317.0
4320,1,rrrrrgGggrrrrrggGGGggrrrrrrrr,4322.0
4325,3,rrrrrrrGGrrrrrrrrrrGGrrrrrrrr,4330.0
4330,4,rrrrrrryyrrrrrrrrrryyrrrrrrrr,4333.0
4335,5,gGGggrrrrgGGggrrrrrrrrrGGrrGG,4338.0
4340,6,gGGggrrrrgGGggrrrrrrrrrrrrrrr,4343.0
4345,7,yyyyyrrrryyyyyrrrrrrrrrrrrrrr,4346.0
4350,0,rrrrrgGggrrrrrggGGGggGGrrGGrr,4351.0
4355,1,rrrrrgGggrrrrrggGGGggrrrrrrrr,4356.0
4360,3,rrrrrrrGGrrrrrrrrrrGGrrrrrrrr,4364.0
4365,4,rrrrrrryyrrrrrrrrrryyrrrrrrrr,4367.0
4370,5,gGGggrrrrgGGggrrrrrrrrrGGrrGG,4372.0
4375,6,gGGggrrrrgGGggrrrrrrrrrrrrrrr,4377.0
4380,0,rrrrrgGggrrrrrggGGGggGGrrGGrr,4385.0
4385,1,rrrrrgGggrrrrrggGGGggrrrrrrrr,4390.0
4390,2,rrrrryyggrrrrryyyyyggrrrrrrrr,4393.0
4395,3,rrrrrrrGGrrrrrrrrrrGGrrrrrrrr,4398.0
4400,4,rrrrrrryyrrrrrrrrrryyrrrrrrrr,4401.0
4405,5,gGGggrrrrgGGggrrrrrrrrrGGrrGG,4406.0
4410,6,gGGggrrrrgGGggrrrrrrrrrrrrrrr,4411.0
4415,0,rrrrrgGggrrrrrggGGGggGGrrGGrr,4419.0
4420,1,rrrrrgGggrrrrrggGGGggrrrrrrrr,4424.0
4425,2,rrrrryyggrrrrryyyyyggrrrrrrrr,4427.0
4430,3,rrrrrrrGGrrrrrrrrrrGGrrrrrrrr,4432.0
4435,5,gGGggrrrrgGGggrrrrrrrrrGGrrGG,4440.0
4440,6,gGGggrrrrgGGggrrrrrrrrrrrrrrr,4445.0
4445,7,yyyyyrrrryyyyyrrrrrrrrrrrrrrr,4448.0
4450,0,rrrrrgGggrrrrrggGGGggGGrrGGrr,4453.0
4455,0,rrrrrgGggrrrrrggGGGggGGrrGGrr,4457.0
4460,1,rrrrrgGggrrrrrggGGGggrrrrrrrr,4463.0
4465,2,rrrrryyggrrrrryyyyyggrrrrrrrr,4466.0
4470,3,rrrrrrrGGrrrrrrrrrrGGrrrrrrrr,4471.0
4475,5,gGGggrrrrgGGggrrrrrrrrrGGrrGG,4479.0
4480,6,gGGggrrrrgGGggrrrrrrrrrrrrrrr,4484.0
4485,7,yyyyyrrrryyyyyrrrrrrrrrrrrrrr,4487.0
4490,0,rrrrrgGggrrrrrggGGGggGGrrGGrr,4492.0
4495,1,rrrrrgGggrrrrrggGGGggrrrrrrrr,4497.0
4500,3,rrrrrrrGGrrrrrrrrrrGGrrrrrrrr,4505.0
4505,4,rrrrrrryyrrrrrrrrrryyrrrrrrrr,4508.0
4510,5,gGGggrrrrgGGggrrrrrrrrrGGrrGG,4513.0
4515,6,gGGggrrrrgGGggrrrrrrrrrrrrrrr,4518.0
4520,7,yyyyyrrrryyyyyrrrrrrrrrrrrrrr,4521.0
4525,0,rrrrrgGggrrrrrggGGGggGGrrGGrr,4526.0
4530,1,rrrrrgGggrrrrrggGGGggrrrrrrrr,4531.0
4535,3,rrrrrrrGGrrrrrrrrrrGGrrrrrrrr,4539.0
4540,4,rrrrrrryyrrrrrrrrrryyrrrrrrrr,4542.0
4545,5,gGGggrrrrgGGggrrrrrrrrrGGrrGG,4547.0
4550,6,gGGggrrrrgGGggrrrrrrrrrrrrrrr,4552.0
4555,0,rrrrrgGggrrrrrggGGGggGGrrGGrr,4560.0
4560,1,rrrrrgGggrrrrrggGGGggrrrrrrrr,4565.0
4565,2,rrrrryyggrrrrryyyyyggrrrrrrrr,4568.0
4570,3,rrrrrrrGGrrrrrrrrrrGGrrrrrrrr,4573.0
4575,4,rrrrrrryyrrrrrrrrrryyrrrrrrrr,4576.0
4580,5,gGGggrrrrgGGggrrrrrrrrrGGrrGG,4581.0
4585,6,gGGggrrrrgGGggrrrrrrrrrrrrrrr,4586.0
4590,0,rrrrrgGggrrrrrggGGGggGGrrGGrr,4594.0
4595,1,rrrrrgGggrrrrrggGGGggrrrrrrrr,4599.0
4600,2,rrrrryyggrrrrryyyyyggrrrrrrrr,4602.0
4605,3,rrrrrrrGGrrrrrrrrrrGGrrrrrrrr,4607.0
4610,5,gGGggrrrrgGGggrrrrrrrrrGGrrGG,4615.0
4615,6,gGGggrrrrgGGggrrrrrrrrrrrrrrr,4620.0
4620,7,yyyyyrrrryyyyyrrrrrrrrrrrrrrr,4623.0
4625,0,rrrrrgGggrrrrrggGGGggGGrrGGrr,4628.0
4630,1,rrrrrgGggrrrrrggGGGggrrrrrrrr,4633.0
4635,2,rrrrryyggrrrrryyyyyggrrrrrrrr,4636.0
4640,3,rrrrrrrGGrrrrrrrrrrGGrrrrrrrr,4641.0
4645,5,gGGggrrrrgGGggrrrrrrrrrGGrrGG,4649.0
4650,6,gGGggrrrrgGGggrrrrrrrrrrrrrrr,4654.0
4655,7,yyyyyrrrryyyyyrrrrrrrrrrrrrrr,4657.0
4660,0,rrrrrgGggrrrrrggGGGggGGrrGGrr,4662.0
4665,1,rrrrrgGggrrrrrggGGGggrrrrrrrr,4667.0
4670,3,rrrrrrrGGrrrrrrrrrrGGrrrrrrrr,4675.0
4675,4,rrrrrrryyrrrrrrrrrryyrrrrrrrr,4678.0
4680,5,gGGggrrrrgGGggrrrrrrrrrGGrrGG,4683.0
4685,6,gGGggrrrrgGGggrrrrrrrrrrrrrrr,4688.0
4690,7,yyyyyrrrryyyyyrrrrrrrrrrrrrrr,4691.0
4695,0,rrrrrgGggrrrrrggGGGggGGrrGGrr,4696.0
4700,1,rrrrrgGggrrrrrggGGGggrrrrrrrr,4701.0
4705,3,rrrrrrrGGrrrrrrrrrrGGrrrrrrrr,4709.0
4710,4,rrrrrrryyrrrrrrrrrryyrrrrrrrr,4712.0
4715,5,gGGggrrrrgGGggrrrrrrrrrGGrrGG,4717.0
4720,6,gGGggrrrrgGGggrrrrrrrrrrrrrrr,4722.0
4725,0,rrrrrgGggrrrrrggGGGggGGrrGGrr,4730.0
4730,1,rrrrrgGggrrrrrggGGGggrrrrrrrr,4735.0
4735,2,rrrrryyggrrrrryyyyyggrrrrrrrr,4738.0
4740,3,rrrrrrrGGrrrrrrrrrrGGrrrrrrrr,4743.0
4745,4,rrrrrrryyrrrrrrrrrryyrrrrrrrr,4746.0
4750,5,gGGggrrrrgGGggrrrrrrrrrGGrrGG,4751.0
4755,6,gGGggrrrrgGGggrrrrrrrrrrrrrrr,4756.0
4760,0,rrrrrgGggrrrrrggGGGggGGrrGGrr,4764.0
4765,1,rrrrrgGggrrrrrggGGGggrrrrrrrr,4769.0
4770,2,rrrrryyggrrrrryyyyyggrrrrrrrr,4772.0
4775,3,rrrrrrrGGrrrrrrrrrrGGrrrrrrrr,4777.0
4780,5,gGGggrrrrgGGggrrrrrrrrrGGrrGG,4785.0
4785,6,gGGggrrrrgGGggrrrrrrrrrrrrrrr,4790.0
4790,7,yyyyyrrrryyyyyrrrrrrrrrrrrrrr,4793.0
4795,0,rrrrrgGggrrrrrggGGGggGGrrGGrr,4798.0
4800,1,rrrrrgGggrrrrrggGGGggrrrrrrrr,4803.0
4805,2,rrrrryyggrrrrryyyyyggrrrrrrrr,4806.0
4810,3,rrrrrrrGGrrrrrrrrrrGGrrrrrrrr,4811.0
4815,5,gGGggrrrrgGGggrrrrrrrrrGGrrGG,4819.0
4820,6,gGGggrrrrgGGggrrrrrrrrrrrrrrr,4824.0
4825,7,yyyyyrrrryyyyyrrrrrrrrrrrrrrr,4827.0
4830,0,rrrrrgGggrrrrrggGGGggGGrrGGrr,4832.0
4835,1,rrrrrgGggrrrrrggGGGggrrrrrrrr,4837.0
4840,3,rrrrrrrGGrrrrrrrrrrGGrrrrrrrr,4845.0
4845,4,rrrrrrryyrrrrrrrrrryyrrrrrrrr,4848.0
4850,5,gGGggrrrrgGGggrrrrrrrrrGGrrGG,4853.0
4855,6,gGGggrrrrgGGggrrrrrrrrrrrrrrr,4858.0
4860,7,yyyyyrrrryyyyyrrrrrrrrrrrrrrr,4861.0
4865,0,rrrrrgGggrrrrrggGGGggGGrrGGrr,4866.0
4870,1,rrrrrgGggrrrrrggGGGggrrrrrrrr,4871.0
4875,3,rrrrrrrGGrrrrrrrrrrGGrrrrrrrr,4879.0
4880,4,rrrrrrryyrrrrrrrrrryyrrrrrrrr,4882.0
4885,5,gGGggrrrrgGGggrrrrrrrrrGGrrGG,4887.0
4890,6,gGGggrrrrgGGggrrrrrrrrrrrrrrr,4892.0
4895,0,rrrrrgGggrrrrrggGGGggGGrrGGrr,4900.0
4900,1,rrrrrgGggrrrrrggGGGggrrrrrrrr,4905.0
4905,2,rrrrryyggrrrrryyyyyggrrrrrrrr,4908.0
4910,3,rrrrrrrGGrrrrrrrrrrGGrrrrrrrr,4913.0
4915,4,rrrrrrryyrrrrrrrrrryyrrrrrrrr,4916.0
4920,5,gGGggrrrrgGGggrrrrrrrrrGGrrGG,4921.0
4925,6,gGGggrrrrgGGggrrrrrrrrrrrrrrr,4926.0
4930,0,rrrrrgGggrrrrrggGGGggGGrrGGrr,4934.0
4935,1,rrrrrgGggrrrrrggGGGggrrrrrrrr,4939.0
4940,2,rrrrryyggrrrrryyyyyggrrrrrrrr,4942.0
4945,3,rrrrrrrGGrrrrrrrrrrGGrrrrrrrr,4947.0
4950,5,gGGggrrrrgGGggrrrrrrrrrGGrrGG,4955.0
4955,6,gGGggrrrrgGGggrrrrrrrrrrrrrrr,4960.0
4960,7,yyyyyrrrryyyyyrrrrrrrrrrrrrrr,4963.0
4965,0,rrrrrgGggrrrrrggGGGggGGrrGGrr,4968.0
4970,1,rrrrrgGggrrrrrggGGGggrrrrrrrr,4973.0
4975,2,rrrrryyggrrrrryyyyyggrrrrrrrr,4976.0
4980,3,rrrrrrrGGrrrrrrrrrrGGrrrrrrrr,4981.0
4985,5,gGGggrrrrgGGggrrrrrrrrrGGrrGG,4989.0
4990,6,gGGggrrrrgGGggrrrrrrrrrrrrrrr,4994.0
4995,7,yyyyyrrrryyyyyrrrrrrrrrrrrrrr,4997.0
5000,0,rrrrrgGggrrrrrggGGGggGGrrGGrr,5002.0
5005,1,rrrrrgGggrrrrrggGGGggrrrrrrrr,5007.0
5010,3,rrrrrrrGGrrrrrrrrrrGGrrrrrrrr,5015.0
5015,4,rrrrrrryyrrrrrrrrrryyrrrrrrrr,5018.0
5020,5,gGGggrrrrgGGggrrrrrrrrrGGrrGG,5023.0
5025,6,gGGggrrrrgGGggrrrrrrrrrrrrrrr,5028.0
5030,7,yyyyyrrrryyyyyrrrrrrrrrrrrrrr,5031.0
5035,0,rrrrrgGggrrrrrggGGGggGGrrGGrr,5036.0
5040,1,rrrrrgGggrrrrrggGGGggrrrrrrrr,5041.0
5045,3,rrrrrrrGGrrrrrrrrrrGGrrrrrrrr,5049.0
5050,4,rrrrrrryyrrrrrrrrrryyrrrrrrrr,5052.0
5055,5,gGGggrrrrgGGggrrrrrrrrrGGrrGG,5057.0
5060,6,gGGggrrrrgGGggrrrrrrrrrrrrrrr,5062.0
5065,0,rrrrrgGggrrrrrggGGGggGGrrGGrr,5070.0
5070,1,rrrrrgGggrrrrrggGGGggrrrrrrrr,5075.0
5075,2,rrrrryyggrrrrryyyyyggrrrrrrrr,5078.0
5080,3,rrrrrrrGGrrrrrrrrrrGGrrrrrrrr,5083.0
5085,4,rrrrrrryyrrrrrrrrrryyrrrrrrrr,5086.0
5090,5,gGGggrrrrgGGggrrrrrrrrrGGrrGG,5091.0
5095,6,gGGggrrrrgGGggrrrrrrrrrrrrrrr,5096.0
5100,0,rrrrrgGggrrrrrggGGGggGGrrGGrr,5104.0
5105,1,rrrrrgGggrrrrrggGGGggrrrrrrrr,5109.0
5110,2,rrrrryyggrrrrryyyyyggrrrrrrrr,5112.0
5115,3,rrrrrrrGGrrrrrrrrrrGGrrrrrrrr,5117.0
5120,5,gGGggrrrrgGGggrrrrrrrrrGGrrGG,5125.0
5125,6,gGGggrrrrgGGggrrrrrrrrrrrrrrr,5130.0
5130,7,yyyyyrrrryyyyyrrrrrrrrrrrrrrr,5133.0
5135,0,rrrrrgGggrrrrrggGGGggGGrrGGrr,5138.0
5140,1,rrrrrgGggrrrrrggGGGggrrrrrrrr,5143.0
5145,2,rrrrryyggrrrrryyyyyggrrrrrrrr,5146.0
5150,3,rrrrrrrGGrrrrrrrrrrGGrrrrrrrr,5151.0
5155,5,gGGggrrrrgGGggrrrrrrrrrGGrrGG,5159.0
5160,6,gGGggrrrrgGGggrrrrrrrrrrrrrrr,5164.0
5165,7,yyyyyrrrryyyyyrrrrrrrrrrrrrrr,5167.0
5170,0,rrrrrgGggrrrrrggGGGggGGrrGGrr,5172.0
5175,1,rrrrrgGggrrrrrggGGGggrrrrrrrr,5177.0
5180,3,rrrrrrrGGrrrrrrrrrrGGrrrrrrrr,5185.0
5185,4,rrrrrrryyrrrrrrrrrryyrrrrrrrr,5188.0
5190,5,gGGggrrrrgGGggrrrrrrrrrGGrrGG,5193.0
5195,6,gGGggrrrrgGGggrrrrrrrrrrrrrrr,5198.0
5200,7,yyyyyrrrryyyyyrrrrrrrrrrrrrrr,5201.0
5205,0,rrrrrgGggrrrrrggGGGggGGrrGGrr,5206.0
5210,1,rrrrrgGggrrrrrggGGGggrrrrrrrr,5211.0
5215,3,rrrrrrrGGrrrrrrrrrrGGrrrrrrrr,5219.0
5220,4,rrrrrrryyrrrrrrrrrryyrrrrrrrr,5222.0
5225,5,gGGggrrrrgGGggrrrrrrrrrGGrrGG,5227.0
5230,6,gGGggrrrrgGGggrrrrrrrrrrrrrrr,5232.0
5235,0,rrrrrgGggrrrrrggGGGggGGrrGGrr,5240.0
5240,1,rrrrrgGggrrrrrggGGGggrrrrrrrr,5245.0
5245,2,rrrrryyggrrrrryyyyyggrrrrrrrr,5248.0
5250,3,rrrrrrrGGrrrrrrrrrrGGrrrrrrrr,5253.0
5255,4,rrrrrrryyrrrrrrrrrryyrrrrrrrr,5256.0
5260,5,gGGggrrrrgGGggrrrrrrrrrGGrrGG,5261.0
5265,6,gGGggrrrrgGGggrrrrrrrrrrrrrrr,5266.0
5270,0,rrrrrgGggrrrrrggGGGggGGrrGGrr,5274.0
5275,1,rrrrrgGggrrrrrggGGGggrrrrrrrr,5279.0
5280,2,rrrrryyggrrrrryyyyyggrrrrrrrr,5282.0
5285,3,rrrrrrrGGrrrrrrrrrrGGrrrrrrrr,5287.0
5290,5,gGGggrrrrgGGggrrrrrrrrrGGrrGG,5295.0
5295,6,gGGggrrrrgGGggrrrrrrrrrrrrrrr,5300.0
5300,7,yyyyyrrrryyyyyrrrrrrrrrrrrrrr,5303.0
5305,0,rrrrrgGggrrrrrggGGGggGGrrGGrr,5308.0
5310,1,rrrrrgGggrrrrrggGGGggrrrrrrrr,5313.0
5315,2,rrrrryyggrrrrryyyyyggrrrrrrrr,5316.0
5320,3,rrrrrrrGGrrrrrrrrrrGGrrrrrrrr,5321.0
5325,5,gGGggrrrrgGGggrrrrrrrrrGGrrGG,5329.0
5330,6,gGGggrrrrgGGggrrrrrrrrrrrrrrr,5334.0
5335,7,yyyyyrrrryyyyyrrrrrrrrrrrrrrr,5337.0
5340,0,rrrrrgGggrrrrrggGGGggGGrrGGrr,5342.0
5345,1,rrrrrgGggrrrrrggGGGggrrrrrrrr,5347.0
5350,3,rrrrrrrGGrrrrrrrrrrGGrrrrrrrr,5355.0
5355,4,rrrrrrryyrrrrrrrrrryyrrrrrrrr,5358.0
5360,5,gGGggrrrrgGGggrrrrrrrrrGGrrGG,5363.0
5365,6,gGGggrrrrgGGggrrrrrrrrrrrrrrr,5368.0
5370,7,yyyyyrrrryyyyyrrrrrrrrrrrrrrr,5371.0
5375,0,rrrrrgGggrrrrrggGGGggGGrrGGrr,5376.0
5380,1,rrrrrgGggrrrrrggGGGggrrrrrrrr,5381.0
5385,3,rrrrrrrGGrrrrrrrrrrGGrrrrrrrr,5389.0
5390,4,rrrrrrryyrrrrrrrrrryyrrrrrrrr,5392.0
5395,5,gGGggrrrrgGGggrrrrrrrrrGGrrGG,5397.0
5400,6,gGGggrrrrgGGggrrrrrrrrrrrrrrr,5402.0
5405,0,rrrrrgGggrrrrrggGGGggGGrrGGrr,5410.0
5410,1,rrrrrgGggrrrrrggGGGggrrrrrrrr,5415.0
5415,2,rrrrryyggrrrrryyyyyggrrrrrrrr,5418.0
5420,3,rrrrrrrGGrrrrrrrrrrGGrrrrrrrr,5423.0
5425,4,rrrrrrryyrrrrrrrrrryyrrrrrrrr,5426.0
5430,5,gGGggrrrrgGGggrrrrrrrrrGGrrGG,5431.0
5435,6,gGGggrrrrgGGggrrrrrrrrrrrrrrr,5436.0
5440,0,rrrrrgGggrrrrrggGGGggGGrrGGrr,5444.0
5445,1,rrrrrgGggrrrrrggGGGggrrrrrrrr,5449.0
5450,2,rrrrryyggrrrrryyyyyggrrrrrrrr,5452.0
5455,3,rrrrrrrGGrrrrrrrrrrGGrrrrrrrr,5457.0
5460,5,gGGggrrrrgGGggrrrrrrrrrGGrrGG,5465.0
5465,6,gGGggrrrrgGGggrrrrrrrrrrrrrrr,5470.0
5470,7,yyyyyrrrryyyyyrrrrrrrrrrrrrrr,5473.0
5475,0,rrrrrgGggrrrrrggGGGggGGrrGGrr,5478.0
5480,1,rrrrrgGggrrrrrggGGGggrrrrrrrr,5483.0
5485,2,rrrrryyggrrrrryyyyyggrrrrrrrr,5486.0
5490,3,rrrrrrrGGrrrrrrrrrrGGrrrrrrrr,5491.0
5495,5,gGGggrrrrgGGggrrrrrrrrrGGrrGG,5499.0
5500,6,gGGggrrrrgGGggrrrrrrrrrrrrrrr,5504.0
5505,7,yyyyyrrrryyyyyrrrrrrrrrrrrrrr,5507.0
5510,0,rrrrrgGggrrrrrggGGGggGGrrGGrr,5512.0
5515,1,rrrrrgGggrrrrrggGGGggrrrrrrrr,5517.0
5520,3,rrrrrrrGGrrrrrrrrrrGGrrrrrrrr,5525.0
5525,4,rrrrrrryyrrrrrrrrrryyrrrrrrrr,5528.0
5530,5,gGGggrrrrgGGggrrrrrrrrrGGrrGG,5533.0
5535,6,gGGggrrrrgGGggrrrrrrrrrrrrrrr,5538.0
5540,7,yyyyyrrrryyyyyrrrrrrrrrrrrrrr,5541.0
5545,0,rrrrrgGggrrrrrggGGGggGGrrGGrr,5546.0
5550,1,rrrrrgGggrrrrrggGGGggrrrrrrrr,5551.0
5555,3,rrrrrrrGGrrrrrrrrrrGGrrrrrrrr,5559.0
5560,4,rrrrrrryyrrrrrrrrrryyrrrrrrrr,5562.0
5565,5,gGGggrrrrgGGggrrrrrrrrrGGrrGG,5567.0
5570,6,gGGggrrrrgGGggrrrrrrrrrrrrrrr,5572.0
5575,0,rrrrrgGggrrrrrggGGGggGGrrGGrr,5580.0
5580,1,rrrrrgGggrrrrrggGGGggrrrrrrrr,5585.0
5585,2,rrrrryyggrrrrryyyyyggrrrrrrrr,5588.0
5590,3,rrrrrrrGGrrrrrrrrrrGGrrrrrrrr,5593.0
5595,4,rrrrrrryyrrrrrrrrrryyrrrrrrrr,5596.0
5600,5,gGGggrrrrgGGggrrrrrrrrrGGrrGG,5601.0
5605,6,gGGggrrrrgGGggrrrrrrrrrrrrrrr,5606.0
5610,0,rrrrrgGggrrrrrggGGGggGGrrGGrr,5614.0
5615,1,rrrrrgGggrrrrrggGGGggrrrrrrrr,5619.0
5620,2,rrrrryyggrrrrryyyyyggrrrrrrrr,5622.0
5625,3,rrrrrrrGGrrrrrrrrrrGGrrrrrrrr,5627.0
5630,5,gGGggrrrrgGGggrrrrrrrrrGGrrGG,5635.0
5635,6,gGGggrrrrgGGggrrrrrrrrrrrrrrr,5640.0
5640,7,yyyyyrrrryyyyyrrrrrrrrrrrrrrr,5643.0
5645,0,rrrrrgGggrrrrrggGGGggGGrrGGrr,5648.0
5650,1,rrrrrgGggrrrrrggGGGggrrrrrrrr,5653.0
5655,2,rrrrryyggrrrrryyyyyggrrrrrrrr,5656.0
5660,3,rrrrrrrGGrrrrrrrrrrGGrrrrrrrr,5661.0
5665,5,gGGggrrrrgGGggrrrrrrrrrGGrrGG,5669.0
5670,6,gGGggrrrrgGGggrrrrrrrrrrrrrrr,5674.0
5675,7,yyyyyrrrryyyyyrrrrrrrrrrrrrrr,5677.0
5680,0,rrrrrgGggrrrrrggGGGggGGrrGGrr,5682.0
5685,1,rrrrrgGggrrrrrggGGGggrrrrrrrr,5687.0
5690,3,rrrrrrrGGrrrrrrrrrrGGrrrrrrrr,5695.0
5695,4,rrrrrrryyrrrrrrrrrryyrrrrrrrr,5698.0
5700,5,gGGggrrrrgGGggrrrrrrrrrGGrrGG,5703.0
5705,6,gGGggrrrrgGGggrrrrrrrrrrrrrrr,5708.0
5710,7,yyyyyrrrryyyyyrrrrrrrrrrrrrrr,5711.0
5715,0,rrrrrgGggrrrrrggGGGggGGrrGGrr,5716.0
5720,1,rrrrrgGggrrrrrggGGGggrrrrrrrr,5721.0
5725,3,rrrrrrrGGrrrrrrrrrrGGrrrrrrrr,5729.0
5730,4,rrrrrrryyrrrrrrrrrryyrrrrrrrr,5732.0
5735,5,gGGggrrrrgGGggrrrrrrrrrGGrrGG,5737.0
5740,6,gGGggrrrrgGGggrrrrrrrrrrrrrrr,5742.0
5745,0,rrrrrgGggrrrrrggGGGggGGrrGGrr,5750.0
5750,1,rrrrrgGggrrrrrggGGGggrrrrrrrr,5755.0
5755,2,rrrrryyggrrrrryyyyyggrrrrrrrr,5758.0
5760,3,rrrrrrrGGrrrrrrrrrrGGrrrrrrrr,5763.0
5765,4,rrrrrrryyrrrrrrrrrryyrrrrrrrr,5766.0
5770,5,gGGggrrrrgGGggrrrrrrrrrGGrrGG,5771.0
5775,6,gGGggrrrrgGGggrrrrrrrrrrrrrrr,5776.0
5780,0,rrrrrgGggrrrrrggGGGggGGrrGGrr,5784.0
5785,1,rrrrrgGggrrrrrggGGGggrrrrrrrr,5789.0
5790,2,rrrrryyggrrrrryyyyyggrrrrrrrr,5792.0
5795,3,rrrrrrrGGrrrrrrrrrrGGrrrrrrrr,5797.0
5800,5,gGGggrrrrgGGggrrrrrrrrrGGrrGG,5805.0
5805,6,gGGggrrrrgGGggrrrrrrrrrrrrrrr,5810.0
5810,7,yyyyyrrrryyyyyrrrrrrrrrrrrrrr,5813.0
5815,0,rrrrrgGggrrrrrggGGGggGGrrGGrr,5818.0
5820,1,rrrrrgGggrrrrrggGGGggrrrrrrrr,5823.0
5825,2,rrrrryyggrrrrryyyyyggrrrrrrrr,5826.0
5830,3,rrrrrrrGGrrrrrrrrrrGGrrrrrrrr,5831.0
5835,5,gGGggrrrrgGGggrrrrrrrrrGGrrGG,5839.0
5840,6,gGGggrrrrgGGggrrrrrrrrrrrrrrr,5844.0
5845,7,yyyyyrrrryyyyyrrrrrrrrrrrrrrr,5847.0
5850,0,rrrrrgGggrrrrrggGGGggGGrrGGrr,5852.0
5855,1,rrrrrgGggrrrrrggGGGggrrrrrrrr,5857.0
5860,3,rrrrrrrGGrrrrrrrrrrGGrrrrrrrr,5865.0
5865,4,rrrrrrryyrrrrrrrrrryyrrrrrrrr,5868.0
5870,5,gGGggrrrrgGGggrrrrrrrrrGGrrGG,5873.0
5875,6,gGGggrrrrgGGggrrrrrrrrrrrrrrr,5878.0
5880,7,yyyyyrrrryyyyyrrrrrrrrrrrrrrr,5881.0
5885,0,rrrrrgGggrrrrrggGGGggGGrrGGrr,5886.0
5890,1,rrrrrgGggrrrrrggGGGggrrrrrrrr,5891.0
5895,3,rrrrrrrGGrrrrrrrrrrGGrrrrrrrr,5899.0
5900,4,rrrrrrryyrrrrrrrrrryyrrrrrrrr,5902.0
5905,5,gGGggrrrrgGGggrrrrrrrrrGGrrGG,5907.0
5910,6,gGGggrrrrgGGggrrrrrrrrrrrrrrr,5912.0
5915,0,rrrrrgGggrrrrrggGGGggGGrrGGrr,5920.0
5920,1,rrrrrgGggrrrrrggGGGggrrrrrrrr,5925.0
5925,2,rrrrryyggrrrrryyyyyggrrrrrrrr,5928.0
5930,3,rrrrrrrGGrrrrrrrrrrGGrrrrrrrr,5933.0
5935,4,rrrrrrryyrrrrrrrrrryyrrrrrrrr,5936.0
5940,5,gGGggrrrrgGGggrrrrrrrrrGGrrGG,5941.0
5945,6,gGGggrrrrgGGggrrrrrrrrrrrrrrr,5946.0
5950,0,rrrrrgGggrrrrrggGGGggGGrrGGrr,5954.0
5955,1,rrrrrgGggrrrrrggGGGggrrrrrrrr,5959.0
5960,2,rrrrryyggrrrrryyyyyggrrrrrrrr,5962.0
5965,3,rrrrrrrGGrrrrrrrrrrGGrrrrrrrr,5967.0
5970,5,gGGggrrrrgGGggrrrrrrrrrGGrrGG,5975.0
5975,6,gGGggrrrrgGGggrrrrrrrrrrrrrrr,5980.0
5980,7,yyyyyrrrryyyyyrrrrrrrrrrrrrrr,5983.0
5985,0,rrrrrgGggrrrrrggGGGggGGrrGGrr,5988.0
5990,1,rrrrrgGggrrrrrggGGGggrrrrrrrr,5993.0
5995,2,rrrrryyggrrrrryyyyyggrrrrrrrr,5996.0
6000,3,rrrrrrrGGrrrrrrrrrrGGrrrrrrrr,6001.0
6005,5,gGGggrrrrgGGggrrrrrrrrrGGrrGG,6009.0
6010,6,gGGggrrrrgGGggrrrrrrrrrrrrrrr,6014.0
6015,7,yyyyyrrrryyyyyrrrrrrrrrrrrrrr,6017.0
6020,0,rrrrrgGggrrrrrggGGGggGGrrGGrr,6022.0
6025,1,rrrrrgGggrrrrrggGGGggrrrrrrrr,6027.0
6030,3,rrrrrrrGGrrrrrrrrrrGGrrrrrrrr,6035.0
6035,4,rrrrrrryyrrrrrrrrrryyrrrrrrrr,6038.0
6040,5,gGGggrrrrgGGggrrrrrrrrrGGrrGG,6043.0
6045,6,gGGggrrrrgGGggrrrrrrrrrrrrrrr,6048.0
6050,7,yyyyyrrrryyyyyrrrrrrrrrrrrrrr,6051.0
6055,0,rrrrrgGggrrrrrggGGGggGGrrGGrr,6056.0
6060,1,rrrrrgGggrrrrrggGGGggrrrrrrrr,6061.0
6065,3,rrrrrrrGGrrrrrrrrrrGGrrrrrrrr,6069.0
6070,4,rrrrrrryyrrrrrrrrrryyrrrrrrrr,6072.0
6075,5,gGGggrrrrgGGggrrrrrrrrrGGrrGG,6077.0
6080,6,gGGggrrrrgGGggrrrrrrrrrrrrrrr,6082.0
6085,0,rrrrrgGggrrrrrggGGGggGGrrGGrr,6090.0
6090,1,rrrrrgGggrrrrrggGGGggrrrrrrrr,6095.0
6095,2,rrrrryyggrrrrryyyyyggrrrrrrrr,6098.0
6100,3,rrrrrrrGGrrrrrrrrrrGGrrrrrrrr,6103.0
6105,4,rrrrrrryyrrrrrrrrrryyrrrrrrrr,6106.0
6110,5,gGGggrrrrgGGggrrrrrrrrrGGrrGG,6111.0
6115,6,gGGggrrrrgGGggrrrrrrrrrrrrrrr,6116.0
6120,0,rrrrrgGggrrrrrggGGGggGGrrGGrr,6124.0
6125,1,rrrrrgGggrrrrrggGGGggrrrrrrrr,6129.0
6130,2,rrrrryyggrrrrryyyyyggrrrrrrrr,6132.0
6135,3,rrrrrrrGGrrrrrrrrrrGGrrrrrrrr,6137.0
6140,5,gGGggrrrrgGGggrrrrrrrrrGGrrGG,6145.0
6145,6,gGGggrrrrgGGggrrrrrrrrrrrrrrr,6150.0
6150,7,yyyyyrrrryyyyyrrrrrrrrrrrrrrr,6153.0
6155,0,rrrrrgGggrrrrrggGGGggGGrrGGrr,6158.0
6160,1,rrrrrgGggrrrrrggGGGggrrrrrrrr,6163.0
6165,2,rrrrryyggrrrrryyyyyggrrrrrrrr,6166.0
6170,3,rrrrrrrGGrrrrrrrrrrGGrrrrrrrr,6171.0
6175,5,gGGggrrrrgGGggrrrrrrrrrGGrrGG,6179.0
6180,6,gGGggrrrrgGGggrrrrrrrrrrrrrrr,6184.0
6185,7,yyyyyrrrryyyyyrrrrrrrrrrrrrrr,6187.0
6190,0,rrrrrgGggrrrrrggGGGggGGrrGGrr,6192.0
6195,1,rrrrrgGggrrrrrggGGGggrrrrrrrr,6197.0
6200,3,rrrrrrrGGrrrrrrrrrrGGrrrrrrrr,6205.0
6205,4,rrrrrrryyrrrrrrrrrryyrrrrrrrr,6208.0
6210,5,gGGggrrrrgGGggrrrrrrrrrGGrrGG,6213.0
6215,6,gGGggrrrrgGGggrrrrrrrrrrrrrrr,6218.0
6220,7,yyyyyrrrryyyyyrrrrrrrrrrrrrrr,6221.0
6225,0,rrrrrgGggrrrrrggGGGggGGrrGGrr,6226.0
6230,1,rrrrrgGggrrrrrggGGGggrrrrrrrr,6231.0
6235,3,rrrrrrrGGrrrrrrrrrrGGrrrrrrrr,6239.0
6240,4,rrrrrrryyrrrrrrrrrryyrrrrrrrr,6242.0
6245,5,gGGggrrrrgGGggrrrrrrrrrGGrrGG,6247.0
6250,6,gGGggrrrrgGGggrrrrrrrrrrrrrrr,6252.0
6255,0,rrrrrgGggrrrrrggGGGggGGrrGGrr,6260.0
6260,1,rrrrrgGggrrrrrggGGGggrrrrrrrr,6265.0
6265,2,rrrrryyggrrrrryyyyyggrrrrrrrr,6268.0
6270,3,rrrrrrrGGrrrrrrrrrrGGrrrrrrrr,6273.0
6275,4,rrrrrrryyrrrrrrrrrryyrrrrrrrr,6276.0
6280,5,gGGggrrrrgGGggrrrrrrrrrGGrrGG,6281.0
6285,6,gGGggrrrrgGGggrrrrrrrrrrrrrrr,6286.0
6290,0,rrrrrgGggrrrrrggGGGggGGrrGGrr,6294.0
6295,1,rrrrrgGggrrrrrggGGGggrrrrrrrr,6299.0
6300,2,rrrrryyggrrrrryyyyyggrrrrrrrr,6302.0
6305,3,rrrrrrrGGrrrrrrrrrrGGrrrrrrrr,6307.0
6310,5,gGGggrrrrgGGggrrrrrrrrrGGrrGG,6315.0
6315,6,gGGggrrrrgGGggrrrrrrrrrrrrrrr,6320.0
6320,7,yyyyyrrrryyyyyrrrrrrrrrrrrrrr,6323.0
6325,0,rrrrrgGggrrrrrggGGGggGGrrGGrr,6328.0
6330,1,rrrrrgGggrrrrrggGGGggrrrrrrrr,6333.0
6335,2,rrrrryyggrrrrryyyyyggrrrrrrrr,6336.0
6340,3,rrrrrrrGGrrrrrrrrrrGGrrrrrrrr,6341.0
6345,5,gGGggrrrrgGGggrrrrrrrrrGGrrGG,6349.0
6350,6,gGGggrrrrgGGggrrrrrrrrrrrrrrr,6354.0
6355,7,yyyyyrrrryyyyyrrrrrrrrrrrrrrr,6357.0
6360,0,rrrrrgGggrrrrrggGGGggGGrrGGrr,6362.0
6365,1,rrrrrgGggrrrrrggGGGggrrrrrrrr,6367.0
6370,3,rrrrrrrGGrrrrrrrrrrGGrrrrrrrr,6375.0
6375,4,rrrrrrryyrrrrrrrrrryyrrrrrrrr,6378.0
6380,5,gGGggrrrrgGGggrrrrrrrrrGGrrGG,6383.0
6385,6,gGGggrrrrgGGggrrrrrrrrrrrrrrr,6388.0
6390,7,yyyyyrrrryyyyyrrrrrrrrrrrrrrr,6391.0
6395,0,rrrrrgGggrrrrrggGGGggGGrrGGrr,6396.0
6400,1,rrrrrgGggrrrrrggGGGggrrrrrrrr,6401.0
6405,3,rrrrrrrGGrrrrrrrrrrGGrrrrrrrr,6409.0
6410,4,rrrrrrryyrrrrrrrrrryyrrrrrrrr,6412.0
6415,5,gGGggrrrrgGGggrrrrrrrrrGGrrGG,6417.0
6420,6,gGGggrrrrgGGggrrrrrrrrrrrrrrr,6422.0
6425,0,rrrrrgGggrrrrrggGGGggGGrrGGrr,6430.0
6430,1,rrrrrgGggrrrrrggGGGggrrrrrrrr,6435.0
6435,2,rrrrryyggrrrrryyyyyggrrrrrrrr,6438.0
6440,3,rrrrrrrGGrrrrrrrrrrGGrrrrrrrr,6443.0
6445,4,rrrrrrryyrrrrrrrrrryyrrrrrrrr,6446.0
6450,5,gGGggrrrrgGGggrrrrrrrrrGGrrGG,6451.0
6455,6,gGGggrrrrgGGggrrrrrrrrrrrrrrr,6456.0
6460,0,rrrrrgGggrrrrrggGGGggGGrrGGrr,6464.0
6465,1,rrrrrgGggrrrrrggGGGggrrrrrrrr,6469.0
6470,2,rrrrryyggrrrrryyyyyggrrrrrrrr,6472.0
6475,3,rrrrrrrGGrrrrrrrrrrGGrrrrrrrr,6477.0
6480,5,gGGggrrrrgGGggrrrrrrrrrGGrrGG,6485.0
6485,6,gGGggrrrrgGGggrrrrrrrrrrrrrrr,6490.0
6490,7,yyyyyrrrryyyyyrrrrrrrrrrrrrrr,6493.0
6495,0,rrrrrgGggrrrrrggGGGggGGrrGGrr,6498.0
6500,1,rrrrrgGggrrrrrggGGGggrrrrrrrr,6503.0
6505,2,rrrrryyggrrrrryyyyyggrrrrrrrr,6506.0
6510,3,rrrrrrrGGrrrrrrrrrrGGrrrrrrrr,6511.0
6515,5,gGGggrrrrgGGggrrrrrrrrrGGrrGG,6519.0
6520,6,gGGggrrrrgGGggrrrrrrrrrrrrrrr,6524.0
6525,7,yyyyyrrrryyyyyrrrrrrrrrrrrrrr,6527.0
6530,0,rrrrrgGggrrrrrggGGGggGGrrGGrr,6532.0
6535,1,rrrrrgGggrrrrrggGGGggrrrrrrrr,6537.0
6540,3,rrrrrrrGGrrrrrrrrrrGGrrrrrrrr,6545.0
6545,4,rrrrrrryyrrrrrrrrrryyrrrrrrrr,6548.0
6550,5,gGGggrrrrgGGggrrrrrrrrrGGrrGG,6553.0
6555,6,gGGggrrrrgGGggrrrrrrrrrrrrrrr,6558.0
6560,7,yyyyyrrrryyyyyrrrrrrrrrrrrrrr,6561.0
6565,0,rrrrrgGggrrrrrggGGGggGGrrGGrr,6566.0
6570,1,rrrrrgGggrrrrrggGGGggrrrrrrrr,6571.0
6575,3,rrrrrrrGGrrrrrrrrrrGGrrrrrrrr,6579.0
6580,4,rrrrrrryyrrrrrrrrrryyrrrrrrrr,6582.0
6585,5,gGGggrrrrgGGggrrrrrrrrrGGrrGG,6587.0
6590,6,gGGggrrrrgGGggrrrrrrrrrrrrrrr,6592.0
6595,0,rrrrrgGggrrrrrggGGGggGGrrGGrr,6600.0
6600,1,rrrrrgGggrrrrrggGGGggrrrrrrrr,6605.0
6605,2,rrrrryyggrrrrryyyyyggrrrrrrrr,6608.0
6610,3,rrrrrrrGGrrrrrrrrrrGGrrrrrrrr,6613.0
6615,4,rrrrrrryyrrrrrrrrrryyrrrrrrrr,6616.0
6620,5,gGGggrrrrgGGggrrrrrrrrrGGrrGG,6621.0
6625,6,gGGggrrrrgGGggrrrrrrrrrrrrrrr,6626.0
6630,0,rrrrrgGggrrrrrggGGGggGGrrGGrr,6634.0
6635,1,rrrrrgGggrrrrrggGGGggrrrrrrrr,6639.0
6640,2,rrrrryyggrrrrryyyyyggrrrrrrrr,6642.0
6645,3,rrrrrrrGGrrrrrrrrrrGGrrrrrrrr,6647.0
6650,5,gGGggrrrrgGGggrrrrrrrrrGGrrGG,6655.0
6655,6,gGGggrrrrgGGggrrrrrrrrrrrrrrr,6660.0
6660,7,yyyyyrrrryyyyyrrrrrrrrrrrrrrr,6663.0
6665,0,rrrrrgGggrrrrrggGGGggGGrrGGrr,6668.0
6670,1,rrrrrgGggrrrrrggGGGggrrrrrrrr,6673.0
6675,2,rrrrryyggrrrrryyyyyggrrrrrrrr,6676.0
6680,3,rrrrrrrGGrrrrrrrrrrGGrrrrrrrr,6681.0
6685,5,gGGggrrrrgGGggrrrrrrrrrGGrrGG,6689.0
6690,6,gGGggrrrrgGGggrrrrrrrrrrrrrrr,6694.0
6695,7,yyyyyrrrryyyyyrrrrrrrrrrrrrrr,6697.0
6700,0,rrrrrgGggrrrrrggGGGggGGrrGGrr,6702.0
6705,1,rrrrrgGggrrrrrggGGGggrrrrrrrr,6707.0
6710,3,rrrrrrrGGrrrrrrrrrrGGrrrrrrrr,6715.0
6715,4,rrrrrrryyrrrrrrrrrryyrrrrrrrr,6718.0
6720,5,gGGggrrrrgGGggrrrrrrrrrGGrrGG,6723.0
6725,6,gGGggrrrrgGGggrrrrrrrrrrrrrrr,6728.0
6730,7,yyyyyrrrryyyyyrrrrrrrrrrrrrrr,6731.0
6735,0,rrrrrgGggrrrrrggGGGggGGrrGGrr,6736.0
6740,1,rrrrrgGggrrrrrggGGGggrrrrrrrr,6741.0
6745,3,rrrrrrrGGrrrrrrrrrrGGrrrrrrrr,6749.0
6750,4,rrrrrrryyrrrrrrrrrryyrrrrrrrr,6752.0
6755,5,gGGggrrrrgGGggrrrrrrrrrGGrrGG,6757.0
6760,6,gGGggrrrrgGGggrrrrrrrrrrrrrrr,6762.0
6765,0,rrrrrgGggrrrrrggGGGggGGrrGGrr,6770.0
6770,1,rrrrrgGggrrrrrggGGGggrrrrrrrr,6775.0
6775,2,rrrrryyggrrrrryyyyyggrrrrrrrr,6778.0
6780,3,rrrrrrrGGrrrrrrrrrrGGrrrrrrrr,6783.0
6785,4,rrrrrrryyrrrrrrrrrryyrrrrrrrr,6786.0
6790,5,gGGggrrrrgGGggrrrrrrrrrGGrrGG,6791.0
6795,6,gGGggrrrrgGGggrrrrrrrrrrrrrrr,6796.0
6800,0,rrrrrgGggrrrrrggGGGggGGrrGGrr,6804.0
6805,1,rrrrrgGggrrrrrggGGGggrrrrrrrr,6809.0
6810,2,rrrrryyggrrrrryyyyyggrrrrrrrr,6812.0
6815,3,rrrrrrrGGrrrrrrrrrrGGrrrrrrrr,6817.0
6820,5,gGGggrrrrgGGggrrrrrrrrrGGrrGG,6825.0
6825,6,gGGggrrrrgGGggrrrrrrrrrrrrrrr,6830.0
6830,7,yyyyyrrrryyyyyrrrrrrrrrrrrrrr,6833.0
6835,0,rrrrrgGggrrrrrggGGGggGGrrGGrr,6838.0
6840,1,rrrrrgGggrrrrrggGGGggrrrrrrrr,6843.0
6845,2,rrrrryyggrrrrryyyyyggrrrrrrrr,6846.0
6850,3,rrrrrrrGGrrrrrrrrrrGGrrrrrrrr,6851.0
6855,5,gGGggrrrrgGGggrrrrrrrrrGGrrGG,6859.0
6860,6,gGGggrrrrgGGggrrrrrrrrrrrrrrr,6864.0
6865,7,yyyyyrrrryyyyyrrrrrrrrrrrrrrr,6867.0
6870,0,rrrrrgGggrrrrrggGGGggGGrrGGrr,6872.0
6875,1,rrrrrgGggrrrrrggGGGggrrrrrrrr,6877.0
6880,3,rrrrrrrGGrrrrrrrrrrGGrrrrrrrr,6885.0
6885,4,rrrrrrryyrrrrrrrrrryyrrrrrrrr,6888.0
6890,5,gGGggrrrrgGGggrrrrrrrrrGGrrGG,6893.0
6895,6,gGGggrrrrgGGggrrrrrrrrrrrrrrr,6898.0
6900,7,yyyyyrrrryyyyyrrrrrrrrrrrrrrr,6901.0
6905,0,rrrrrgGggrrrrrggGGGggGGrrGGrr,6906.0
6910,1,rrrrrgGggrrrrrggGGGggrrrrrrrr,6911.0
6915,3,rrrrrrrGGrrrrrrrrrrGGrrrrrrrr,6919.0
6920,4,rrrrrrryyrrrrrrrrrryyrrrrrrrr,6922.0
6925,5,gGGggrrrrgGGggrrrrrrrrrGGrrGG,6927.0
6930,6,gGGggrrrrgGGggrrrrrrrrrrrrrrr,6932.0
6935,0,rrrrrgGggrrrrrggGGGggGGrrGGrr,6940.0
6940,1,rrrrrgGggrrrrrggGGGggrrrrrrrr,6945.0
6945,2,rrrrryyggrrrrryyyyyggrrrrrrrr,6948.0
6950,3,rrrrrrrGGrrrrrrrrrrGGrrrrrrrr,6953.0
6955,4,rrrrrrryyrrrrrrrrrryyrrrrrrrr,6956.0
6960,5,gGGggrrrrgGGggrrrrrrrrrGGrrGG,6961.0
6965,6,gGGggrrrrgGGggrrrrrrrrrrrrrrr,6966.0
6970,0,rrrrrgGggrrrrrggGGGggGGrrGGrr,6974.0
6975,1,rrrrrgGggrrrrrggGGGggrrrrrrrr,6979.0
6980,2,rrrrryyggrrrrryyyyyggrrrrrrrr,6982.0
6985,3,rrrrrrrGGrrrrrrrrrrGGrrrrrrrr,6987.0
6990,5,gGGggrrrrgGGggrrrrrrrrrGGrrGG,6995.0
6995,6,gGGggrrrrgGGggrrrrrrrrrrrrrrr,7000.0
7000,7,yyyyyrrrryyyyyrrrrrrrrrrrrrrr,7003.0
7005,0,rrrrrgGggrrrrrggGGGggGGrrGGrr,7008.0
7010,1,rrrrrgGggrrrrrggGGGggrrrrrrrr,7013.0
7015,2,rrrrryyggrrrrryyyyyggrrrrrrrr,7016.0
7020,3,rrrrrrrGGrrrrrrrrrrGGrrrrrrrr,7021.0
7025,5,gGGggrrrrgGGggrrrrrrrrrGGrrGG,7029.0
7030,6,gGGggrrrrgGGggrrrrrrrrrrrrrrr,7034.0
7035,7,yyyyyrrrryyyyyrrrrrrrrrrrrrrr,7037.0
7040,0,rrrrrgGggrrrrrggGGGggGGrrGGrr,7042.0
7045,1,rrrrrgGggrrrrrggGGGggrrrrrrrr,7047.0
7050,3,rrrrrrrGGrrrrrrrrrrGGrrrrrrrr,7055.0
7055,4,rrrrrrryyrrrrrrrrrryyrrrrrrrr,7058.0
7060,5,gGGggrrrrgGGggrrrrrrrrrGGrrGG,7063.0
7065,6,gGGggrrrrgGGggrrrrrrrrrrrrrrr,7068.0
7070,7,yyyyyrrrryyyyyrrrrrrrrrrrrrrr,7071.0
7075,0,rrrrrgGggrrrrrggGGGggGGrrGGrr,7076.0
7080,1,rrrrrgGggrrrrrggGGGggrrrrrrrr,7081.0
7085,3,rrrrrrrGGrrrrrrrrrrGGrrrrrrrr,7089.0
7090,4,rrrrrrryyrrrrrrrrrryyrrrrrrrr,7092.0
7095,5,gGGggrrrrgGGggrrrrrrrrrGGrrGG,7097.0
7100,6,gGGggrrrrgGGggrrrrrrrrrrrrrrr,7102.0
7105,0,rrrrrgGggrrrrrggGGGggGGrrGGrr,7110.0
7110,1,rrrrrgGggrrrrrggGGGggrrrrrrrr,7115.0
7115,2,rrrrryyggrrrrryyyyyggrrrrrrrr,7118.0
7120,3,rrrrrrrGGrrrrrrrrrrGGrrrrrrrr,7123.0
7125,4,rrrrrrryyrrrrrrrrrryyrrrrrrrr,7126.0
7130,5,gGGggrrrrgGGggrrrrrrrrrGGrrGG,7131.0
7135,6,gGGggrrrrgGGggrrrrrrrrrrrrrrr,7136.0
7140,0,rrrrrgGggrrrrrggGGGggGGrrGGrr,7144.0
7145,1,rrrrrgGggrrrrrggGGGggrrrrrrrr,7149.0
7150,2,rrrrryyggrrrrryyyyyggrrrrrrrr,7152.0
7155,3,rrrrrrrGGrrrrrrrrrrGGrrrrrrrr,7157.0
7160,5,gGGggrrrrgGGggrrrrrrrrrGGrrGG,7165.0
7165,6,gGGggrrrrgGGggrrrrrrrrrrrrrrr,7170.0
7170,7,yyyyyrrrryyyyyrrrrrrrrrrrrrrr,7173.0
7175,0,rrrrrgGggrrrrrggGGGggGGrrGGrr,7178.0
7180,1,rrrrrgGggrrrrrggGGGggrrrrrrrr,7183.0
7185,2,rrrrryyggrrrrryyyyyggrrrrrrrr,7186.0
7190,3,rrrrrrrGGrrrrrrrrrrGGrrrrrrrr,7191.0
7195,5,gGGggrrrrgGGggrrrrrrrrrGGrrGG,7199.0
7200,6,gGGggrrrrgGGggrrrrrrrrrrrrrrr,7204.0
7205,7,yyyyyrrrryyyyyrrrrrrrrrrrrrrr,7207.0
7210,0,rrrrrgGggrrrrrggGGGggGGrrGGrr,7212.0
7215,1,rrrrrgGggrrrrrggGGGggrrrrrrrr,7217.0
7220,3,rrrrrrrGGrrrrrrrrrrGGrrrrrrrr,7225.0
7225,4,rrrrrrryyrrrrrrrrrryyrrrrrrrr,7228.0
7230,5,gGGggrrrrgGGggrrrrrrrrrGGrrGG,7233.0
7235,6,gGGggrrrrgGGggrrrrrrrrrrrrrrr,7238.0
7240,7,yyyyyrrrryyyyyrrrrrrrrrrrrrrr,7241.0
7245,0,rrrrrgGggrrrrrggGGGggGGrrGGrr,7246.0
7250,1,rrrrrgGggrrrrrggGGGggrrrrrrrr,7251.0
7255,3,rrrrrrrGGrrrrrrrrrrGGrrrrrrrr,7259.0
7260,4,rrrrrrryyrrrrrrrrrryyrrrrrrrr,7262.0
7265,5,gGGggrrrrgGGggrrrrrrrrrGGrrGG,7267.0
7270,6,gGGggrrrrgGGggrrrrrrrrrrrrrrr,7272.0
7275,0,rrrrrgGggrrrrrggGGGggGGrrGGrr,7280.0
7280,1,rrrrrgGggrrrrrggGGGggrrrrrrrr,7285.0
7285,2,rrrrryyggrrrrryyyyyggrrrrrrrr,7288.0
7290,3,rrrrrrrGGrrrrrrrrrrGGrrrrrrrr,7293.0
7295,4,rrrrrrryyrrrrrrrrrryyrrrrrrrr,7296.0
7300,5,gGGggrrrrgGGggrrrrrrrrrGGrrGG,7301.0
7305,6,gGGggrrrrgGGggrrrrrrrrrrrrrrr,7306.0
7310,0,rrrrrgGggrrrrrggGGGggGGrrGGrr,7314.0
7315,1,rrrrrgGggrrrrrggGGGggrrrrrrrr,7319.0
7320,2,rrrrryyggrrrrryyyyyggrrrrrrrr,7322.0
7325,3,rrrrrrrGGrrrrrrrrrrGGrrrrrrrr,7327.0
7330,5,gGGggrrrrgGGggrrrrrrrrrGGrrGG,7335.0
7335,6,gGGggrrrrgGGggrrrrrrrrrrrrrrr,7340.0
7340,7,yyyyyrrrryyyyyrrrrrrrrrrrrrrr,7343.0
7345,0,rrrrrgGggrrrrrggGGGggGGrrGGrr,7348.0
7350,1,rrrrrgGggrrrrrggGGGggrrrrrrrr,7353.0
7355,2,rrrrryyggrrrrryyyyyggrrrrrrrr,7356.0
7360,3,rrrrrrrGGrrrrrrrrrrGGrrrrrrrr,7361.0
7365,5,gGGggrrrrgGGggrrrrrrrrrGGrrGG,7369.0
7370,6,gGGggrrrrgGGggrrrrrrrrrrrrrrr,7374.0
7375,7,yyyyyrrrryyyyyrrrrrrrrrrrrrrr,7377.0
7380,0,rrrrrgGggrrrrrggGGGggGGrrGGrr,7382.0
7385,1,rrrrrgGggrrrrrggGGGggrrrrrrrr,7387.0
7390,3,rrrrrrrGGrrrrrrrrrrGGrrrrrrrr,7395.0
7395,4,rrrrrrryyrrrrrrrrrryyrrrrrrrr,7398.0
7400,5,gGGggrrrrgGGggrrrrrrrrrGGrrGG,7403.0
7405,6,gGGggrrrrgGGggrrrrrrrrrrrrrrr,7408.0
7410,7,yyyyyrrrryyyyyrrrrrrrrrrrrrrr,7411.0
7415,0,rrrrrgGggrrrrrggGGGggGGrrGGrr,7416.0
7420,1,rrrrrgGggrrrrrggGGGggrrrrrrrr,7421.0
7425,3,rrrrrrrGGrrrrrrrrrrGGrrrrrrrr,7429.0
7430,4,rrrrrrryyrrrrrrrrrryyrrrrrrrr,7432.0
7435,5,gGGggrrrrgGGggrrrrrrrrrGGrrGG,7437.0
7440,6,gGGggrrrrgGGggrrrrrrrrrrrrrrr,7442.0
7445,0,rrrrrgGggrrrrrggGGGggGGrrGGrr,7450.0
7450,1,rrrrrgGggrrrrrggGGGggrrrrrrrr,7455.0
7455,2,rrrrryyggrrrrryyyyyggrrrrrrrr,7458.0
7460,3,rrrrrrrGGrrrrrrrrrrGGrrrrrrrr,7463.0
7465,4,rrrrrrryyrrrrrrrrrryyrrrrrrrr,7466.0
7470,5,gGGggrrrrgGGggrrrrrrrrrGGrrGG,7471.0
7475,6,gGGggrrrrgGGggrrrrrrrrrrrrrrr,7476.0
7480,0,rrrrrgGggrrrrrggGGGggGGrrGGrr,7484.0
7485,1,rrrrrgGggrrrrrggGGGggrrrrrrrr,7489.0
7490,2,rrrrryyggrrrrryyyyyggrrrrrrrr,7492.0
7495,3,rrrrrrrGGrrrrrrrrrrGGrrrrrrrr,7497.0
7500,5,gGGggrrrrgGGggrrrrrrrrrGGrrGG,7505.0
7505,6,gGGggrrrrgGGggrrrrrrrrrrrrrrr,7510.0
7510,7,yyyyyrrrryyyyyrrrrrrrrrrrrrrr,7513.0
7515,0,rrrrrgGggrrrrrggGGGggGGrrGGrr,7518.0
7520,1,rrrrrgGggrrrrrggGGGggrrrrrrrr,7523.0
7525,2,rrrrryyggrrrrryyyyyggrrrrrrrr,7526.0
7530,3,rrrrrrrGGrrrrrrrrrrGGrrrrrrrr,7531.0
7535,5,gGGggrrrrgGGggrrrrrrrrrGGrrGG,7539.0
7540,6,gGGggrrrrgGGggrrrrrrrrrrrrrrr,7544.0
7545,7,yyyyyrrrryyyyyrrrrrrrrrrrrrrr,7547.0
7550,0,rrrrrgGggrrrrrggGGGggGGrrGGrr,7552.0
7555,1,rrrrrgGggrrrrrggGGGggrrrrrrrr,7557.0
7560,3,rrrrrrrGGrrrrrrrrrrGGrrrrrrrr,7565.0
7565,4,rrrrrrryyrrrrrrrrrryyrrrrrrrr,7568.0
7570,5,gGGggrrrrgGGggrrrrrrrrrGGrrGG,7573.0
7575,6,gGGggrrrrgGGggrrrrrrrrrrrrrrr,7578.0
7580,7,yyyyyrrrryyyyyrrrrrrrrrrrrrrr,7581.0
7585,0,rrrrrgGggrrrrrggGGGggGGrrGGrr,7586.0
7590,1,rrrrrgGggrrrrrggGGGggrrrrrrrr,7591.0
7595,3,rrrrrrrGGrrrrrrrrrrGGrrrrrrrr,7599.0
7600,4,rrrrrrryyrrrrrrrrrryyrrrrrrrr,7602.0
7605,5,gGGggrrrrgGGggrrrrrrrrrGGrrGG,7607.0
7610,6,gGGggrrrrgGGggrrrrrrrrrrrrrrr,7612.0
7615,0,rrrrrgGggrrrrrggGGGggGGrrGGrr,7620.0
7620,1,rrrrrgGggrrrrrggGGGggrrrrrrrr,7625.0
7625,2,rrrrryyggrrrrryyyyyggrrrrrrrr,7628.0
7630,3,rrrrrrrGGrrrrrrrrrrGGrrrrrrrr,7633.0
7635,4,rrrrrrryyrrrrrrrrrryyrrrrrrrr,7636.0
7640,5,gGGggrrrrgGGggrrrrrrrrrGGrrGG,7641.0
7645,6,gGGggrrrrgGGggrrrrrrrrrrrrrrr,7646.0
7650,0,rrrrrgGggrrrrrggGGGggGGrrGGrr,7654.0
7655,1,rrrrrgGggrrrrrggGGGggrrrrrrrr,7659.0
7660,2,rrrrryyggrrrrryyyyyggrrrrrrrr,7662.0
7665,3,rrrrrrrGGrrrrrrrrrrGGrrrrrrrr,7667.0
7670,5,gGGggrrrrgGGggrrrrrrrrrGGrrGG,7675.0
7675,6,gGGggrrrrgGGggrrrrrrrrrrrrrrr,7680.0
7680,7,yyyyyrrrryyyyyrrrrrrrrrrrrrrr,7683.0
7685,0,rrrrrgGggrrrrrggGGGggGGrrGGrr,7688.0
7690,1,rrrrrgGggrrrrrggGGGggrrrrrrrr,7693.0
7695,2,rrrrryyggrrrrryyyyyggrrrrrrrr,7696.0
7700,3,rrrrrrrGGrrrrrrrrrrGGrrrrrrrr,7701.0
7705,5,gGGggrrrrgGGggrrrrrrrrrGGrrGG,7709.0
7710,6,gGGggrrrrgGGggrrrrrrrrrrrrrrr,7714.0
7715,7,yyyyyrrrryyyyyrrrrrrrrrrrrrrr,7717.0
7720,0,rrrrrgGggrrrrrggGGGggGGrrGGrr,7722.0
7725,1,rrrrrgGggrrrrrggGGGggrrrrrrrr,7727.0
7730,3,rrrrrrrGGrrrrrrrrrrGGrrrrrrrr,7735.0
7735,4,rrrrrrryyrrrrrrrrrryyrrrrrrrr,7738.0
7740,5,gGGggrrrrgGGggrrrrrrrrrGGrrGG,7743.0
7745,6,gGGggrrrrgGGggrrrrrrrrrrrrrrr,7748.0
7750,7,yyyyyrrrryyyyyrrrrrrrrrrrrrrr,7751.0
7755,0,rrrrrgGggrrrrrggGGGggGGrrGGrr,7756.0
7760,1,rrrrrgGggrrrrrggGGGggrrrrrrrr,7761.0
7765,3,rrrrrrrGGrrrrrrrrrrGGrrrrrrrr,7769.0
7770,4,rrrrrrryyrrrrrrrrrryyrrrrrrrr,7772.0
7775,5,gGGggrrrrgGGggrrrrrrrrrGGrrGG,7777.0
7780,6,gGGggrrrrgGGggrrrrrrrrrrrrrrr,7782.0
7785,0,rrrrrgGggrrrrrggGGGggGGrrGGrr,7790.0
7790,1,rrrrrgGggrrrrrggGGGggrrrrrrrr,7795.0
7795,2,rrrrryyggrrrrryyyyyggrrrrrrrr,7798.0
7800,3,rrrrrrrGGrrrrrrrrrrGGrrrrrrrr,7803.0
7805,4,rrrrrrryyrrrrrrrrrryyrrrrrrrr,7806.0
7810,5,gGGggrrrrgGGggrrrrrrrrrGGrrGG,7811.0
7815,6,gGGggrrrrgGGggrrrrrrrrrrrrrrr,7816.0
7820,0,rrrrrgGggrrrrrggGGGggGGrrGGrr,7824.0
7825,1,rrrrrgGggrrrrrggGGGggrrrrrrrr,7829.0
7830,2,rrrrryyggrrrrryyyyyggrrrrrrrr,7832.0
7835,3,rrrrrrrGGrrrrrrrrrrGGrrrrrrrr,7837.0
7840,5,gGGggrrrrgGGggrrrrrrrrrGGrrGG,7845.0
7845,6,gGGggrrrrgGGggrrrrrrrrrrrrrrr,7850.0
7850,7,yyyyyrrrryyyyyrrrrrrrrrrrrrrr,7853.0
7855,0,rrrrrgGggrrrrrggGGGggGGrrGGrr,7858.0
7860,1,rrrrrgGggrrrrrggGGGggrrrrrrrr,7863.0
7865,2,rrrrryyggrrrrryyyyyggrrrrrrrr,7866.0
7870,3,rrrrrrrGGrrrrrrrrrrGGrrrrrrrr,7871.0
7875,5,gGGggrrrrgGGggrrrrrrrrrGGrrGG,7879.0
7880,6,gGGggrrrrgGGggrrrrrrrrrrrrrrr,7884.0
7885,7,yyyyyrrrryyyyyrrrrrrrrrrrrrrr,7887.0
7890,0,rrrrrgGggrrrrrggGGGggGGrrGGrr,7892.0
7895,1,rrrrrgGggrrrrrggGGGggrrrrrrrr,7897.0
7900,3,rrrrrrrGGrrrrrrrrrrGGrrrrrrrr,7905.0
7905,4,rrrrrrryyrrrrrrrrrryyrrrrrrrr,7908.0
7910,5,gGGggrrrrgGGggrrrrrrrrrGGrrGG,7913.0
7915,6,gGGggrrrrgGGggrrrrrrrrrrrrrrr,7918.0
7920,7,yyyyyrrrryyyyyrrrrrrrrrrrrrrr,7921.0
7925,0,rrrrrgGggrrrrrggGGGggGGrrGGrr,7926.0
7930,1,rrrrrgGggrrrrrggGGGggrrrrrrrr,7931.0
7935,3,rrrrrrrGGrrrrrrrrrrGGrrrrrrrr,7939.0
7940,4,rrrrrrryyrrrrrrrrrryyrrrrrrrr,7942.0
7945,5,gGGggrrrrgGGggrrrrrrrrrGGrrGG,7947.0
7950,6,gGGggrrrrgGGggrrrrrrrrrrrrrrr,7952.0
7955,0,rrrrrgGggrrrrrggGGGggGGrrGGrr,7960.0
7960,1,rrrrrgGggrrrrrggGGGggrrrrrrrr,7965.0
7965,2,rrrrryyggrrrrryyyyyggrrrrrrrr,7968.0
7970,3,rrrrrrrGGrrrrrrrrrrGGrrrrrrrr,7973.0
7975,4,rrrrrrryyrrrrrrrrrryyrrrrrrrr,7976.0
7980,5,gGGggrrrrgGGggrrrrrrrrrGGrrGG,7981.0
7985,6,gGGggrrrrgGGggrrrrrrrrrrrrrrr,7986.0
7990,0,rrrrrgGggrrrrrggGGGggGGrrGGrr,7994.0
7995,1,rrrrrgGggrrrrrggGGGggrrrrrrrr,7999.0
8000,2,rrrrryyggrrrrryyyyyggrrrrrrrr,8002.0
8005,3,rrrrrrrGGrrrrrrrrrrGGrrrrrrrr,8007.0
8010,5,gGGggrrrrgGGggrrrrrrrrrGGrrGG,8015.0
8015,6,gGGggrrrrgGGggrrrrrrrrrrrrrrr,8020.0
8020,7,yyyyyrrrryyyyyrrrrrrrrrrrrrrr,8023.0
8025,0,rrrrrgGggrrrrrggGGGggGGrrGGrr,8028.0
8030,1,rrrrrgGggrrrrrggGGGggrrrrrrrr,8033.0
8035,2,rrrrryyggrrrrryyyyyggrrrrrrrr,8036.0
8040,3,rrrrrrrGGrrrrrrrrrrGGrrrrrrrr,8041.0
8045,5,gGGggrrrrgGGggrrrrrrrrrGGrrGG,8049.0
8050,6,gGGggrrrrgGGggrrrrrrrrrrrrrrr,8054.0
8055,7,yyyyyrrrryyyyyrrrrrrrrrrrrrrr,8057.0
8060,0,rrrrrgGggrrrrrggGGGggGGrrGGrr,8062.0
8065,1,rrrrrgGggrrrrrggGGGggrrrrrrrr,8067.0
8070,3,rrrrrrrGGrrrrrrrrrrGGrrrrrrrr,8075.0
8075,4,rrrrrrryyrrrrrrrrrryyrrrrrrrr,8078.0
8080,5,gGGggrrrrgGGggrrrrrrrrrGGrrGG,8083.0
8085,6,gGGggrrrrgGGggrrrrrrrrrrrrrrr,8088.0
8090,7,yyyyyrrrryyyyyrrrrrrrrrrrrrrr,8091.0
8095,0,rrrrrgGggrrrrrggGGGggGGrrGGrr,8096.0
8100,1,rrrrrgGggrrrrrggGGGggrrrrrrrr,8101.0
8105,3,rrrrrrrGGrrrrrrrrrrGGrrrrrrrr,8109.0
8110,4,rrrrrrryyrrrrrrrrrryyrrrrrrrr,8112.0
8115,5,gGGggrrrrgGGggrrrrrrrrrGGrrGG,8117.0
8120,6,gGGggrrrrgGGggrrrrrrrrrrrrrrr,8122.0
8125,0,rrrrrgGggrrrrrggGGGggGGrrGGrr,8130.0
8130,1,rrrrrgGggrrrrrggGGGggrrrrrrrr,8135.0
8135,2,rrrrryyggrrrrryyyyyggrrrrrrrr,8138.0
8140,3,rrrrrrrGGrrrrrrrrrrGGrrrrrrrr,8143.0
8145,4,rrrrrrryyrrrrrrrrrryyrrrrrrrr,8146.0
8150,5,gGGggrrrrgGGggrrrrrrrrrGGrrGG,8151.0
8155,6,gGGggrrrrgGGggrrrrrrrrrrrrrrr,8156.0
8160,0,rrrrrgGggrrrrrggGGGggGGrrGGrr,8164.0
8165,1,rrrrrgGggrrrrrggGGGggrrrrrrrr,8169.0
8170,2,rrrrryyggrrrrryyyyyggrrrrrrrr,8172.0
8175,3,rrrrrrrGGrrrrrrrrrrGGrrrrrrrr,8177.0
8180,5,gGGggrrrrgGGggrrrrrrrrrGGrrGG,8185.0
8185,6,gGGggrrrrgGGggrrrrrrrrrrrrrrr,8190.0
8190,7,yyyyyrrrryyyyyrrrrrrrrrrrrrrr,8193.0
8195,0,rrrrrgGggrrrrrggGGGggGGrrGGrr,8198.0
8200,1,rrrrrgGggrrrrrggGGGggrrrrrrrr,8203.0
8205,2,rrrrryyggrrrrryyyyyggrrrrrrrr,8206.0
8210,3,rrrrrrrGGrrrrrrrrrrGGrrrrrrrr,8211.0
8215,5,gGGggrrrrgGGggrrrrrrrrrGGrrGG,8219.0
8220,6,gGGggrrrrgGGggrrrrrrrrrrrrrrr,8224.0
8225,7,yyyyyrrrryyyyyrrrrrrrrrrrrrrr,8227.0
8230,0,rrrrrgGggrrrrrggGGGggGGrrGGrr,8232.0
8235,1,rrrrrgGggrrrrrggGGGggrrrrrrrr,8237.0
8240,3,rrrrrrrGGrrrrrrrrrrGGrrrrrrrr,8245.0
8245,4,rrrrrrryyrrrrrrrrrryyrrrrrrrr,8248.0
8250,5,gGGggrrrrgGGggrrrrrrrrrGGrrGG,8253.0
8255,6,gGGggrrrrgGGggrrrrrrrrrrrrrrr,8258.0
8260,7,yyyyyrrrryyyyyrrrrrrrrrrrrrrr,8261.0
8265,0,rrrrrgGggrrrrrggGGGggGGrrGGrr,8266.0
8270,1,rrrrrgGggrrrrrggGGGggrrrrrrrr,8271.0
8275,3,rrrrrrrGGrrrrrrrrrrGGrrrrrrrr,8279.0
8280,4,rrrrrrryyrrrrrrrrrryyrrrrrrrr,8282.0
8285,5,gGGggrrrrgGGggrrrrrrrrrGGrrGG,8287.0
8290,6,gGGggrrrrgGGggrrrrrrrrrrrrrrr,8292.0
8295,0,rrrrrgGggrrrrrggGGGggGGrrGGrr,8300.0
8300,1,rrrrrgGggrrrrrggGGGggrrrrrrrr,8305.0
8305,2,rrrrryyggrrrrryyyyyggrrrrrrrr,8308.0
8310,3,rrrrrrrGGrrrrrrrrrrGGrrrrrrrr,8313.0
8315,4,rrrrrrryyrrrrrrrrrryyrrrrrrrr,8316.0
8320,5,gGGggrrrrgGGggrrrrrrrrrGGrrGG,8321.0
8325,6,gGGggrrrrgGGggrrrrrrrrrrrrrrr,8326.0
8330,0,rrrrrgGggrrrrrggGGGggGGrrGGrr,8334.0
8335,1,rrrrrgGggrrrrrggGGGggrrrrrrrr,8339.0
8340,2,rrrrryyggrrrrryyyyyggrrrrrrrr,8342.0
8345,3,rrrrrrrGGrrrrrrrrrrGGrrrrrrrr,8347.0
8350,5,gGGggrrrrgGGggrrrrrrrrrGGrrGG,8355.0
8355,6,gGGggrrrrgGGggrrrrrrrrrrrrrrr,8360.0
8360,7,yyyyyrrrryyyyyrrrrrrrrrrrrrrr,8363.0
8365,0,rrrrrgGggrrrrrggGGGggGGrrGGrr,8368.0
8370,1,rrrrrgGggrrrrrggGGGggrrrrrrrr,8373.0
8375,2,rrrrryyggrrrrryyyyyggrrrrrrrr,8376.0
8380,3,rrrrrrrGGrrrrrrrrrrGGrrrrrrrr,8381.0
8385,5,gGGggrrrrgGGggrrrrrrrrrGGrrGG,8389.0
8390,6,gGGggrrrrgGGggrrrrrrrrrrrrrrr,8394.0
8395,7,yyyyyrrrryyyyyrrrrrrrrrrrrrrr,8397.0
8400,0,rrrrrgGggrrrrrggGGGggGGrrGGrr,8402.0
8405,1,rrrrrgGggrrrrrggGGGggrrrrrrrr,8407.0
8410,3,rrrrrrrGGrrrrrrrrrrGGrrrrrrrr,8415.0
8415,4,rrrrrrryyrrrrrrrrrryyrrrrrrrr,8418.0
8420,5,gGGggrrrrgGGggrrrrrrrrrGGrrGG,8423.0
8425,6,gGGggrrrrgGGggrrrrrrrrrrrrrrr,8428.0
8430,7,yyyyyrrrryyyyyrrrrrrrrrrrrrrr,8431.0
8435,0,rrrrrgGggrrrrrggGGGggGGrrGGrr,8436.0
8440,1,rrrrrgGggrrrrrggGGGggrrrrrrrr,8441.0
8445,3,rrrrrrrGGrrrrrrrrrrGGrrrrrrrr,8449.0
8450,4,rrrrrrryyrrrrrrrrrryyrrrrrrrr,8452.0
8455,5,gGGggrrrrgGGggrrrrrrrrrGGrrGG,8457.0
8460,6,gGGggrrrrgGGggrrrrrrrrrrrrrrr,8462.0
8465,0,rrrrrgGggrrrrrggGGGggGGrrGGrr,8470.0
8470,1,rrrrrgGggrrrrrggGGGggrrrrrrrr,8475.0
8475,2,rrrrryyggrrrrryyyyyggrrrrrrrr,8478.0
8480,3,rrrrrrrGGrrrrrrrrrrGGrrrrrrrr,8483.0
8485,4,rrrrrrryyrrrrrrrrrryyrrrrrrrr,8486.0
8490,5,gGGggrrrrgGGggrrrrrrrrrGGrrGG,8491.0
8495,6,gGGggrrrrgGGggrrrrrrrrrrrrrrr,8496.0
8500,0,rrrrrgGggrrrrrggGGGggGGrrGGrr,8504.0
8505,1,rrrrrgGggrrrrrggGGGggrrrrrrrr,8509.0
8510,2,rrrrryyggrrrrryyyyyggrrrrrrrr,8512.0
8515,3,rrrrrrrGGrrrrrrrrrrGGrrrrrrrr,8517.0
8520,5,gGGggrrrrgGGggrrrrrrrrrGGrrGG,8525.0
8525,6,gGGggrrrrgGGggrrrrrrrrrrrrrrr,8530.0
8530,7,yyyyyrrrryyyyyrrrrrrrrrrrrrrr,8533.0
8535,0,rrrrrgGggrrrrrggGGGggGGrrGGrr,8538.0
8540,1,rrrrrgGggrrrrrggGGGggrrrrrrrr,8543.0
8545,2,rrrrryyggrrrrryyyyyggrrrrrrrr,8546.0
8550,3,rrrrrrrGGrrrrrrrrrrGGrrrrrrrr,8551.0
8555,5,gGGggrrrrgGGggrrrrrrrrrGGrrGG,8559.0
8560,6,gGGggrrrrgGGggrrrrrrrrrrrrrrr,8564.0
8565,7,yyyyyrrrryyyyyrrrrrrrrrrrrrrr,8567.0
8570,0,rrrrrgGggrrrrrggGGGggGGrrGGrr,8572.0
8575,1,rrrrrgGggrrrrrggGGGggrrrrrrrr,8577.0
8580,3,rrrrrrrGGrrrrrrrrrrGGrrrrrrrr,8585.0
8585,4,rrrrrrryyrrrrrrrrrryyrrrrrrrr,8588.0
8590,5,gGGggrrrrgGGggrrrrrrrrrGGrrGG,8593.0
8595,6,gGGggrrrrgGGggrrrrrrrrrrrrrrr,8598.0
8600,7,yyyyyrrrryyyyyrrrrrrrrrrrrrrr,8601.0
8605,0,rrrrrgGggrrrrrggGGGggGGrrGGrr,8606.0
8610,1,rrrrrgGggrrrrrggGGGggrrrrrrrr,8611.0
8615,3,rrrrrrrGGrrrrrrrrrrGGrrrrrrrr,8619.0
8620,4,rrrrrrryyrrrrrrrrrryyrrrrrrrr,8622.0
8625,5,gGGggrrrrgGGggrrrrrrrrrGGrrGG,8627.0
8630,6,gGGggrrrrgGGggrrrrrrrrrrrrrrr,8632.0
8635,0,rrrrrgGggrrrrrggGGGggGGrrGGrr,8640.0
8640,1,rrrrrgGggrrrrrggGGGggrrrrrrrr,8645.0
8645,2,rrrrryyggrrrrryyyyyggrrrrrrrr,8648.0
8650,3,rrrrrrrGGrrrrrrrrrrGGrrrrrrrr,8653.0
8655,4,rrrrrrryyrrrrrrrrrryyrrrrrrrr,8656.0
8660,5,gGGggrrrrgGGggrrrrrrrrrGGrrGG,8661.0
8665,6,gGGggrrrrgGGggrrrrrrrrrrrrrrr,8666.0
8670,0,rrrrrgGggrrrrrggGGGggGGrrGGrr,8674.0
8675,1,rrrrrgGggrrrrrggGGGggrrrrrrrr,8679.0
8680,2,rrrrryyggrrrrryyyyyggrrrrrrrr,8682.0
8685,3,rrrrrrrGGrrrrrrrrrrGGrrrrrrrr,8687.0
8690,5,gGGggrrrrgGGggrrrrrrrrrGGrrGG,8695.0
8695,6,gGGggrrrrgGGggrrrrrrrrrrrrrrr,8700.0
8700,7,yyyyyrrrryyyyyrrrrrrrrrrrrrrr,8703.0
8705,0,rrrrrgGggrrrrrggGGGggGGrrGGrr,8708.0
8710,1,rrrrrgGggrrrrrggGGGggrrrrrrrr,8713.0
8715,2,rrrrryyggrrrrryyyyyggrrrrrrrr,8716.0
8720,3,rrrrrrrGGrrrrrrrrrrGGrrrrrrrr,8721.0
8725,5,gGGggrrrrgGGggrrrrrrrrrGGrrGG,8729.0
8730,6,gGGggrrrrgGGggrrrrrrrrrrrrrrr,8734.0
8735,7,yyyyyrrrryyyyyrrrrrrrrrrrrrrr,8737.0
8740,0,rrrrrgGggrrrrrggGGGggGGrrGGrr,8742.0
8745,1,rrrrrgGggrrrrrggGGGggrrrrrrrr,8747.0
8750,3,rrrrrrrGGrrrrrrrrrrGGrrrrrrrr,8755.0
8755,4,rrrrrrryyrrrrrrrrrryyrrrrrrrr,8758.0
8760,5,gGGggrrrrgGGggrrrrrrrrrGGrrGG,8763.0
8765,6,gGGggrrrrgGGggrrrrrrrrrrrrrrr,8768.0
8770,7,yyyyyrrrryyyyyrrrrrrrrrrrrrrr,8771.0
8775,0,rrrrrgGggrrrrrggGGGggGGrrGGrr,8776.0
8780,1,rrrrrgGggrrrrrggGGGggrrrrrrrr,8781.0
8785,3,rrrrrrrGGrrrrrrrrrrGGrrrrrrrr,8789.0
8790,4,rrrrrrryyrrrrrrrrrryyrrrrrrrr,8792.0
8795,5,gGGggrrrrgGGggrrrrrrrrrGGrrGG,8797.0
8800,6,gGGggrrrrgGGggrrrrrrrrrrrrrrr,8802.0
8805,0,rrrrrgGggrrrrrggGGGggGGrrGGrr,8810.0
8810,1,rrrrrgGggrrrrrggGGGggrrrrrrrr,8815.0
8815,2,rrrrryyggrrrrryyyyyggrrrrrrrr,8818.0
8820,3,rrrrrrrGGrrrrrrrrrrGGrrrrrrrr,8823.0
8825,4,rrrrrrryyrrrrrrrrrryyrrrrrrrr,8826.0
8830,5,gGGggrrrrgGGggrrrrrrrrrGGrrGG,8831.0
8835,6,gGGggrrrrgGGggrrrrrrrrrrrrrrr,8836.0
8840,0,rrrrrgGggrrrrrggGGGggGGrrGGrr,8844.0
8845,1,rrrrrgGggrrrrrggGGGggrrrrrrrr,8849.0
8850,2,rrrrryyggrrrrryyyyyggrrrrrrrr,8852.0
8855,3,rrrrrrrGGrrrrrrrrrrGGrrrrrrrr,8857.0
8860,5,gGGggrrrrgGGggrrrrrrrrrGGrrGG,8865.0
8865,6,gGGggrrrrgGGggrrrrrrrrrrrrrrr,8870.0
8870,7,yyyyyrrrryyyyyrrrrrrrrrrrrrrr,8873.0
8875,0,rrrrrgGggrrrrrggGGGggGGrrGGrr,8878.0
8880,1,rrrrrgGggrrrrrggGGGggrrrrrrrr,8883.0
8885,2,rrrrryyggrrrrryyyyyggrrrrrrrr,8886.0
8890,3,rrrrrrrGGrrrrrrrrrrGGrrrrrrrr,8891.0
8895,5,gGGggrrrrgGGggrrrrrrrrrGGrrGG,8899.0
8900,6,gGGggrrrrgGGggrrrrrrrrrrrrrrr,8904.0
8905,7,yyyyyrrrryyyyyrrrrrrrrrrrrrrr,8907.0
8910,0,rrrrrgGggrrrrrggGGGggGGrrGGrr,8912.0
8915,1,rrrrrgGggrrrrrggGGGggrrrrrrrr,8917.0
8920,3,rrrrrrrGGrrrrrrrrrrGGrrrrrrrr,8925.0
8925,4,rrrrrrryyrrrrrrrrrryyrrrrrrrr,8928.0
8930,5,gGGggrrrrgGGggrrrrrrrrrGGrrGG,8933.0
8935,6,gGGggrrrrgGGggrrrrrrrrrrrrrrr,8938.0
8940,7,yyyyyrrrryyyyyrrrrrrrrrrrrrrr,8941.0
8945,0,rrrrrgGggrrrrrggGGGggGGrrGGrr,8946.0
8950,1,rrrrrgGggrrrrrggGGGggrrrrrrrr,8951.0
8955,3,rrrrrrrGGrrrrrrrrrrGGrrrrrrrr,8959.0
8960,4,rrrrrrryyrrrrrrrrrryyrrrrrrrr,8962.0
8965,5,gGGggrrrrgGGggrrrrrrrrrGGrrGG,8967.0
8970,6,gGGggrrrrgGGggrrrrrrrrrrrrrrr,8972.0
8975,0,rrrrrgGggrrrrrggGGGggGGrrGGrr,8980.0
8980,1,rrrrrgGggrrrrrggGGGggrrrrrrrr,8985.0
8985,2,rrrrryyggrrrrryyyyyggrrrrrrrr,8988.0
8990,3,rrrrrrrGGrrrrrrrrrrGGrrrrrrrr,8993.0
8995,4,rrrrrrryyrrrrrrrrrryyrrrrrrrr,8996.0
9000,5,gGGggrrrrgGGggrrrrrrrrrGGrrGG,9001.0
9005,6,gGGggrrrrgGGggrrrrrrrrrrrrrrr,9006.0
9010,0,rrrrrgGggrrrrrggGGGggGGrrGGrr,9014.0
9015,1,rrrrrgGggrrrrrggGGGggrrrrrrrr,9019.0
9020,2,rrrrryyggrrrrryyyyyggrrrrrrrr,9022.0
9025,3,rrrrrrrGGrrrrrrrrrrGGrrrrrrrr,9027.0
9030,5,gGGggrrrrgGGggrrrrrrrrrGGrrGG,9035.0
9035,6,gGGggrrrrgGGggrrrrrrrrrrrrrrr,9040.0
9040,7,yyyyyrrrryyyyyrrrrrrrrrrrrrrr,9043.0
9045,0,rrrrrgGggrrrrrggGGGggGGrrGGrr,9048.0
9050,1,rrrrrgGggrrrrrggGGGggrrrrrrrr,9053.0
9055,2,rrrrryyggrrrrryyyyyggrrrrrrrr,9056.0
9060,3,rrrrrrrGGrrrrrrrrrrGGrrrrrrrr,9061.0
9065,5,gGGggrrrrgGGggrrrrrrrrrGGrrGG,9069.0
9070,6,gGGggrrrrgGGggrrrrrrrrrrrrrrr,9074.0
9075,7,yyyyyrrrryyyyyrrrrrrrrrrrrrrr,9077.0
9080,0,rrrrrgGggrrrrrggGGGggGGrrGGrr,9082.0
9085,1,rrrrrgGggrrrrrggGGGggrrrrrrrr,9087.0
9090,3,rrrrrrrGGrrrrrrrrrrGGrrrrrrrr,9095.0
9095,4,rrrrrrryyrrrrrrrrrryyrrrrrrrr,9098.0
9100,5,gGGggrrrrgGGggrrrrrrrrrGGrrGG,9103.0
9105,6,gGGggrrrrgGGggrrrrrrrrrrrrrrr,9108.0
9110,7,yyyyyrrrryyyyyrrrrrrrrrrrrrrr,9111.0
9115,0,rrrrrgGggrrrrrggGGGggGGrrGGrr,9116.0
9120,1,rrrrrgGggrrrrrggGGGggrrrrrrrr,9121.0
9125,3,rrrrrrrGGrrrrrrrrrrGGrrrrrrrr,9129.0
9130,4,rrrrrrryyrrrrrrrrrryyrrrrrrrr,9132.0
9135,5,gGGggrrrrgGGggrrrrrrrrrGGrrGG,9137.0
9140,6,gGGggrrrrgGGggrrrrrrrrrrrrrrr,9142.0
9145,0,rrrrrgGggrrrrrggGGGggGGrrGGrr,9150.0
9150,1,rrrrrgGggrrrrrggGGGggrrrrrrrr,9155.0
9155,2,rrrrryyggrrrrryyyyyggrrrrrrrr,9158.0
9160,3,rrrrrrrGGrrrrrrrrrrGGrrrrrrrr,9163.0
9165,4,rrrrrrryyrrrrrrrrrryyrrrrrrrr,9166.0
9170,5,gGGggrrrrgGGggrrrrrrrrrGGrrGG,9171.0
9175,6,gGGggrrrrgGGggrrrrrrrrrrrrrrr,9176.0
9180,0,rrrrrgGggrrrrrggGGGggGGrrGGrr,9184.0
9185,1,rrrrrgGggrrrrrggGGGggrrrrrrrr,9189.0
9190,2,rrrrryyggrrrrryyyyyggrrrrrrrr,9192.0
9195,3,rrrrrrrGGrrrrrrrrrrGGrrrrrrrr,9197.0
9200,5,gGGggrrrrgGGggrrrrrrrrrGGrrGG,9205.0
9205,6,gGGggrrrrgGGggrrrrrrrrrrrrrrr,9210.0
9210,7,yyyyyrrrryyyyyrrrrrrrrrrrrrrr,9213.0
9215,0,rrrrrgGggrrrrrggGGGggGGrrGGrr,9218.0
9220,1,rrrrrgGggrrrrrggGGGggrrrrrrrr,9223.0
9225,2,rrrrryyggrrrrryyyyyggrrrrrrrr,9226.0
9230,3,rrrrrrrGGrrrrrrrrrrGGrrrrrrrr,9231.0
9235,5,gGGggrrrrgGGggrrrrrrrrrGGrrGG,9239.0
9240,6,gGGggrrrrgGGggrrrrrrrrrrrrrrr,9244.0
9245,7,yyyyyrrrryyyyyrrrrrrrrrrrrrrr,9247.0
9250,0,rrrrrgGggrrrrrggGGGggGGrrGGrr,9252.0
9255,1,rrrrrgGggrrrrrggGGGggrrrrrrrr,9257.0
9260,3,rrrrrrrGGrrrrrrrrrrGGrrrrrrrr,9265.0
9265,4,rrrrrrryyrrrrrrrrrryyrrrrrrrr,9268.0
9270,5,gGGggrrrrgGGggrrrrrrrrrGGrrGG,9273.0
9275,6,gGGggrrrrgGGggrrrrrrrrrrrrrrr,9278.0
9280,7,yyyyyrrrryyyyyrrrrrrrrrrrrrrr,9281.0
9285,0,rrrrrgGggrrrrrggGGGggGGrrGGrr,9286.0
9290,1,rrrrrgGggrrrrrggGGGggrrrrrrrr,9291.0
9295,3,rrrrrrrGGrrrrrrrrrrGGrrrrrrrr,9299.0
9300,4,rrrrrrryyrrrrrrrrrryyrrrrrrrr,9302.0
9305,5,gGGggrrrrgGGggrrrrrrrrrGGrrGG,9307.0
9310,6,gGGggrrrrgGGggrrrrrrrrrrrrrrr,9312.0
9315,0,rrrrrgGggrrrrrggGGGggGGrrGGrr,9320.0
9320,1,rrrrrgGggrrrrrggGGGggrrrrrrrr,9325.0
9325,2,rrrrryyggrrrrryyyyyggrrrrrrrr,9328.0
9330,3,rrrrrrrGGrrrrrrrrrrGGrrrrrrrr,9333.0
9335,4,rrrrrrryyrrrrrrrrrryyrrrrrrrr,9336.0
9340,5,gGGggrrrrgGGggrrrrrrrrrGGrrGG,9341.0
9345,6,gGGggrrrrgGGggrrrrrrrrrrrrrrr,9346.0
9350,0,rrrrrgGggrrrrrggGGGggGGrrGGrr,9354.0
9355,1,rrrrrgGggrrrrrggGGGggrrrrrrrr,9359.0
9360,2,rrrrryyggrrrrryyyyyggrrrrrrrr,9362.0
9365,3,rrrrrrrGGrrrrrrrrrrGGrrrrrrrr,9367.0
9370,5,gGGggrrrrgGGggrrrrrrrrrGGrrGG,9375.0
9375,6,gGGggrrrrgGGggrrrrrrrrrrrrrrr,9380.0
9380,7,yyyyyrrrryyyyyrrrrrrrrrrrrrrr,9383.0
9385,0,rrrrrgGggrrrrrggGGGggGGrrGGrr,9388.0
9390,1,rrrrrgGggrrrrrggGGGggrrrrrrrr,9393.0
9395,2,rrrrryyggrrrrryyyyyggrrrrrrrr,9396.0
9400,3,rrrrrrrGGrrrrrrrrrrGGrrrrrrrr,9401.0
9405,5,gGGggrrrrgGGggrrrrrrrrrGGrrGG,9409.0
9410,6,gGGggrrrrgGGggrrrrrrrrrrrrrrr,9414.0
9415,7,yyyyyrrrryyyyyrrrrrrrrrrrrrrr,9417.0
9420,0,rrrrrgGggrrrrrggGGGggGGrrGGrr,9422.0
9425,1,rrrrrgGggrrrrrggGGGggrrrrrrrr,9427.0
9430,3,rrrrrrrGGrrrrrrrrrrGGrrrrrrrr,9435.0
9435,4,rrrrrrryyrrrrrrrrrryyrrrrrrrr,9438.0
9440,5,gGGggrrrrgGGggrrrrrrrrrGGrrGG,9443.0
9445,6,gGGggrrrrgGGggrrrrrrrrrrrrrrr,9448.0
9450,7,yyyyyrrrryyyyyrrrrrrrrrrrrrrr,9451.0
9455,0,rrrrrgGggrrrrrggGGGggGGrrGGrr,9456.0
9460,1,rrrrrgGggrrrrrggGGGggrrrrrrrr,9461.0
9465,3,rrrrrrrGGrrrrrrrrrrGGrrrrrrrr,9469.0
9470,4,rrrrrrryyrrrrrrrrrryyrrrrrrrr,9472.0
9475,5,gGGggrrrrgGGggrrrrrrrrrGGrrGG,9477.0
9480,6,gGGggrrrrgGGggrrrrrrrrrrrrrrr,9482.0
9485,0,rrrrrgGggrrrrrggGGGggGGrrGGrr,9490.0
9490,1,rrrrrgGggrrrrrggGGGggrrrrrrrr,9495.0
9495,2,rrrrryyggrrrrryyyyyggrrrrrrrr,9498.0
9500,3,rrrrrrrGGrrrrrrrrrrGGrrrrrrrr,9503.0
9505,4,rrrrrrryyrrrrrrrrrryyrrrrrrrr,9506.0
9510,5,gGGggrrrrgGGggrrrrrrrrrGGrrGG,9511.0
9515,6,gGGggrrrrgGGggrrrrrrrrrrrrrrr,9516.0
9520,0,rrrrrgGggrrrrrggGGGggGGrrGGrr,9524.0
9525,1,rrrrrgGggrrrrrggGGGggrrrrrrrr,9529.0
9530,2,rrrrryyggrrrrryyyyyggrrrrrrrr,9532.0
9535,3,rrrrrrrGGrrrrrrrrrrGGrrrrrrrr,9537.0
9540,5,gGGggrrrrgGGggrrrrrrrrrGGrrGG,9545.0
9545,6,gGGggrrrrgGGggrrrrrrrrrrrrrrr,9550.0
9550,7,yyyyyrrrryyyyyrrrrrrrrrrrrrrr,9553.0
9555,0,rrrrrgGggrrrrrggGGGggGGrrGGrr,9558.0
9560,1,rrrrrgGggrrrrrggGGGggrrrrrrrr,9563.0
9565,2,rrrrryyggrrrrryyyyyggrrrrrrrr,9566.0
9570,3,rrrrrrrGGrrrrrrrrrrGGrrrrrrrr,9571.0
9575,5,gGGggrrrrgGGggrrrrrrrrrGGrrGG,9579.0
9580,6,gGGggrrrrgGGggrrrrrrrrrrrrrrr,9584.0
9585,7,yyyyyrrrryyyyyrrrrrrrrrrrrrrr,9587.0
9590,0,rrrrrgGggrrrrrggGGGggGGrrGGrr,9592.0
9595,1,rrrrrgGggrrrrrggGGGggrrrrrrrr,9597.0
9600,3,rrrrrrrGGrrrrrrrrrrGGrrrrrrrr,9605.0
9605,4,rrrrrrryyrrrrrrrrrryyrrrrrrrr,9608.0
9610,5,gGGggrrrrgGGggrrrrrrrrrGGrrGG,9613.0
9615,6,gGGggrrrrgGGggrrrrrrrrrrrrrrr,9618.0
9620,7,yyyyyrrrryyyyyrrrrrrrrrrrrrrr,9621.0
9625,0,rrrrrgGggrrrrrggGGGggGGrrGGrr,9626.0
9630,1,rrrrrgGggrrrrrggGGGggrrrrrrrr,9631.0
9635,3,rrrrrrrGGrrrrrrrrrrGGrrrrrrrr,9639.0
9640,4,rrrrrrryyrrrrrrrrrryyrrrrrrrr,9642.0
9645,5,gGGggrrrrgGGggrrrrrrrrrGGrrGG,9647.0
9650,6,gGGggrrrrgGGggrrrrrrrrrrrrrrr,9652.0
9655,0,rrrrrgGggrrrrrggGGGggGGrrGGrr,9660.0
9660,1,rrrrrgGggrrrrrggGGGggrrrrrrrr,9665.0
9665,2,rrrrryyggrrrrryyyyyggrrrrrrrr,9668.0
9670,3,rrrrrrrGGrrrrrrrrrrGGrrrrrrrr,9673.0
9675,4,rrrrrrryyrrrrrrrrrryyrrrrrrrr,9676.0
9680,5,gGGggrrrrgGGggrrrrrrrrrGGrrGG,9681.0
9685,6,gGGggrrrrgGGggrrrrrrrrrrrrrrr,9686.0
9690,0,rrrrrgGggrrrrrggGGGggGGrrGGrr,9694.0
9695,1,rrrrrgGggrrrrrggGGGggrrrrrrrr,9699.0
9700,2,rrrrryyggrrrrryyyyyggrrrrrrrr,9702.0
9705,3,rrrrrrrGGrrrrrrrrrrGGrrrrrrrr,9707.0
9710,5,gGGggrrrrgGGggrrrrrrrrrGGrrGG,9715.0
9715,6,gGGggrrrrgGGggrrrrrrrrrrrrrrr,9720.0
9720,7,yyyyyrrrryyyyyrrrrrrrrrrrrrrr,9723.0
9725,0,rrrrrgGggrrrrrggGGGggGGrrGGrr,9728.0
9730,1,rrrrrgGggrrrrrggGGGggrrrrrrrr,9733.0
9735,2,rrrrryyggrrrrryyyyyggrrrrrrrr,9736.0
9740,3,rrrrrrrGGrrrrrrrrrrGGrrrrrrrr,9741.0
9745,5,gGGggrrrrgGGggrrrrrrrrrGGrrGG,9749.0
9750,6,gGGggrrrrgGGggrrrrrrrrrrrrrrr,9754.0
9755,7,yyyyyrrrryyyyyrrrrrrrrrrrrrrr,9757.0
9760,0,rrrrrgGggrrrrrggGGGggGGrrGGrr,9762.0
9765,1,rrrrrgGggrrrrrggGGGggrrrrrrrr,9767.0
9770,3,rrrrrrrGGrrrrrrrrrrGGrrrrrrrr,9775.0
9775,4,rrrrrrryyrrrrrrrrrryyrrrrrrrr,9778.0
9780,5,gGGggrrrrgGGggrrrrrrrrrGGrrGG,9783.0
9785,6,gGGggrrrrgGGggrrrrrrrrrrrrrrr,9788.0
9790,7,yyyyyrrrryyyyyrrrrrrrrrrrrrrr,9791.0
9795,0,rrrrrgGggrrrrrggGGGggGGrrGGrr,9796.0
9800,1,rrrrrgGggrrrrrggGGGggrrrrrrrr,9801.0
9805,3,rrrrrrrGGrrrrrrrrrrGGrrrrrrrr,9809.0
9810,4,rrrrrrryyrrrrrrrrrryyrrrrrrrr,9812.0
9815,5,gGGggrrrrgGGggrrrrrrrrrGGrrGG,9817.0
9820,6,gGGggrrrrgGGggrrrrrrrrrrrrrrr,9822.0
9825,0,rrrrrgGggrrrrrggGGGggGGrrGGrr,9830.0
9830,1,rrrrrgGggrrrrrggGGGggrrrrrrrr,9835.0
9835,2,rrrrryyggrrrrryyyyyggrrrrrrrr,9838.0
9840,3,rrrrrrrGGrrrrrrrrrrGGrrrrrrrr,9843.0
9845,4,rrrrrrryyrrrrrrrrrryyrrrrrrrr,9846.0
9850,5,gGGggrrrrgGGggrrrrrrrrrGGrrGG,9851.0
9855,6,gGGggrrrrgGGggrrrrrrrrrrrrrrr,9856.0
9860,0,rrrrrgGggrrrrrggGGGggGGrrGGrr,9864.0
9865,1,rrrrrgGggrrrrrggGGGggrrrrrrrr,9869.0
9870,2,rrrrryyggrrrrryyyyyggrrrrrrrr,9872.0
9875,3,rrrrrrrGGrrrrrrrrrrGGrrrrrrrr,9877.0
9880,5,gGGggrrrrgGGggrrrrrrrrrGGrrGG,9885.0
9885,6,gGGggrrrrgGGggrrrrrrrrrrrrrrr,9890.0
9890,7,yyyyyrrrryyyyyrrrrrrrrrrrrrrr,9893.0
9895,0,rrrrrgGggrrrrrggGGGggGGrrGGrr,9898.0
9900,1,rrrrrgGggrrrrrggGGGggrrrrrrrr,9903.0
9905,2,rrrrryyggrrrrryyyyyggrrrrrrrr,9906.0
9910,3,rrrrrrrGGrrrrrrrrrrGGrrrrrrrr,9911.0
9915,5,gGGggrrrrgGGggrrrrrrrrrGGrrGG,9919.0
9920,6,gGGggrrrrgGGggrrrrrrrrrrrrrrr,9924.0
9925,7,yyyyyrrrryyyyyrrrrrrrrrrrrrrr,9927.0
9930,0,rrrrrgGggrrrrrggGGGggGGrrGGrr,9932.0
9935,1,rrrrrgGggrrrrrggGGGggrrrrrrrr,9937.0
9940,3,rrrrrrrGGrrrrrrrrrrGGrrrrrrrr,9945.0
9945,4,rrrrrrryyrrrrrrrrrryyrrrrrrrr,9948.0
9950,5,gGGggrrrrgGGggrrrrrrrrrGGrrGG,9953.0
9955,6,gGGggrrrrgGGggrrrrrrrrrrrrrrr,9958.0
9960,7,yyyyyrrrryyyyyrrrrrrrrrrrrrrr,9961.0
9965,0,rrrrrgGggrrrrrggGGGggGGrrGGrr,9966.0
9970,1,rrrrrgGggrrrrrggGGGggrrrrrrrr,9971.0
9975,3,rrrrrrrGGrrrrrrrrrrGGrrrrrrrr,9979.0
9980,4,rrrrrrryyrrrrrrrrrryyrrrrrrrr,9982.0
9985,5,gGGggrrrrgGGggrrrrrrrrrGGrrGG,9987.0
9990,6,gGGggrrrrgGGggrrrrrrrrrrrrrrr,9992.0
9995,0,rrrrrgGggrrrrrggGGGggGGrrGGrr,10000.0
