0,0,GggggrrrrrrrrrggGGgrrrrr,5.0
5,1,yggggrrrrrrrrrggyygrrrrr,8.0
10,2,rGGGGrrrrrrrrrggrrGrrrrr,13.0
15,3,ryyyyrrrrrrrrryyrryrrrrr,16.0
20,4,rrrrrgGGggggggrrrrrrrrrr,21.0
25,6,rrrrrrrrrrrrrrrrrrrGGGGG,29.0
30,7,rrrrrrrrrrrrrrrrrrrrrrrr,34.0
35,0,GggggrrrrrrrrrggGGgrrrrr,39.0
40,1,yggggrrrrrrrrrggyygrrrrr,42.0
45,2,rGGGGrrrrrrrrrggrrGrrrrr,47.0
50,4,rrrrrgGGggggggrrrrrrrrrr,55.0
55,5,rrrrryyyyyyyyyrrrrrrrrrr,58.0
60,6,rrrrrrrrrrrrrrrrrrrGGGGG,63.0
65,7,rrrrrrrrrrrrrrrrrrrrrrrr,68.0
70,0,GggggrrrrrrrrrggGGgrrrrr,73.0
75,1,yggggrrrrrrrrrggyygrrrrr,76.0
80,2,rGGGGrrrrrrrrrggrrGrrrrr,81.0
85,4,rrrrrgGGggggggrrrrrrrrrr,89.0
90,5,rrrrryyyyyyyyyrrrrrrrrrr,92.0
95,6,rrrrrrrrrrrrrrrrrrrGGGGG,97.0
100,7,rrrrrrrrrrrrrrrrrrrrrrrr,102.0
105,0,GggggrrrrrrrrrggGGgrrrrr,107.0
110,2,rGGGGrrrrrrrrrggrrGrrrrr,115.0
115,3,ryyyyrrrrrrrrryyrryrrrrr,118.0
120,4,rrrrrgGGggggggrrrrrrrrrr,123.0
125,5,rrrrryyyyyyyyyrrrrrrrrrr,126.0
130,6,rrrrrrrrrrrrrrrrrrrGGGGG,131.0
135,7,rrrrrrrrrrrrrrrrrrrrrrrr,136.0
140,0,GggggrrrrrrrrrggGGgrrrrr,141.0
145,2,rGGGGrrrrrrrrrggrrGrrrrr,149.0
150,3,ryyyyrrrrrrrrryyrryrrrrr,152.0
155,4,rrrrrgGGggggggrrrrrrrrrr,157.0
160,6,rrrrrrrrrrrrrrrrrrrGGGGG,165.0
165,7,rrrrrrrrrrrrrrrrrrrrrrrr,170.0
170,0,GggggrrrrrrrrrggGGgrrrrr,175.0
175,1,yggggrrrrrrrrrggyygrrrrr,178.0
180,2,rGGGGrrrrrrrrrggrrGrrrrr,183.0
185,3,ryyyyrrrrrrrrryyrryrrrrr,188.0
190,4,rrrrrgGGggggggrrrrrrrrrr,193.0
195,5,rrrrryyyyyyyyyrrrrrrrrrr,196.0
200,6,rrrrrrrrrrrrrrrrrrrGGGGG,201.0
205,7,rrrrrrrrrrrrrrrrrrrrrrrr,206.0
210,0,GggggrrrrrrrrrggGGgrrrrr,211.0
215,2,rGGGGrrrrrrrrrggrrGrrrrr,219.0
220,3,ryyyyrrrrrrrrryyrryrrrrr,222.0
225,4,rrrrrgGGggggggrrrrrrrrrr,227.0
230,6,rrrrrrrrrrrrrrrrrrrGGGGG,235.0
235,7,rrrrrrrrrrrrrrrrrrrrrrrr,240.0
240,0,GggggrrrrrrrrrggGGgrrrrr,245.0
245,1,yggggrrrrrrrrrggyygrrrrr,248.0
250,2,rGGGGrrrrrrrrrggrrGrrrrr,253.0
255,3,ryyyyrrrrrrrrryyrryrrrrr,256.0
260,4,rrrrrgGGggggggrrrrrrrrrr,261.0
265,6,rrrrrrrrrrrrrrrrrrrGGGGG,269.0
270,7,rrrrrrrrrrrrrrrrrrrrrrrr,274.0
275,0,GggggrrrrrrrrrggGGgrrrrr,279.0
280,1,yggggrrrrrrrrrggyygrrrrr,282.0
285,2,rGGGGrrrrrrrrrggrrGrrrrr,287.0
290,2,rGGGGrrrrrrrrrggrrGrrrrr,291.0
295,2,rGGGGrrrrrrrrrggrrGrrrrr,296.0
300,3,ryyyyrrrrrrrrryyrryrrrrr,302.0
305,4,rrrrrgGGggggggrrrrrrrrrr,307.0
310,6,rrrrrrrrrrrrrrrrrrrGGGGG,315.0
315,7,rrrrrrrrrrrrrrrrrrrrrrrr,320.0
320,0,GggggrrrrrrrrrggGGgrrrrr,325.0
325,1,yggggrrrrrrrrrggyygrrrrr,328.0
330,2,rGGGGrrrrrrrrrggrrGrrrrr,333.0
335,3,ryyyyrrrrrrrrryyrryrrrrr,336.0
340,4,rrrrrgGGggggggrrrrrrrrrr,341.0
345,6,rrrrrrrrrrrrrrrrrrrGGGGG,349.0
350,7,rrrrrrrrrrrrrrrrrrrrrrrr,354.0
355,0,GggggrrrrrrrrrggGGgrrrrr,359.0
360,1,yggggrrrrrrrrrggyygrrrrr,362.0
365,2,rGGGGrrrrrrrrrggrrGrrrrr,367.0
370,4,rrrrrgGGggggggrrrrrrrrrr,375.0
375,5,rrrrryyyyyyyyyrrrrrrrrrr,378.0
380,6,rrrrrrrrrrrrrrrrrrrGGGGG,383.0
385,7,rrrrrrrrrrrrrrrrrrrrrrrr,388.0
390,0,GggggrrrrrrrrrggGGgrrrrr,393.0
395,1,yggggrrrrrrrrrggyygrrrrr,396.0
400,2,rGGGGrrrrrrrrrggrrGrrrrr,401.0
405,3,ryyyyrrrrrrrrryyrryrrrrr,406.0
410,4,rrrrrgGGggggggrrrrrrrrrr,411.0
415,6,rrrrrrrrrrrrrrrrrrrGGGGG,419.0
420,7,rrrrrrrrrrrrrrrrrrrrrrrr,424.0
425,0,GggggrrrrrrrrrggGGgrrrrr,429.0
430,1,yggggrrrrrrrrrggyygrrrrr,432.0
435,2,rGGGGrrrrrrrrrggrrGrrrrr,437.0
440,3,ryyyyrrrrrrrrryyrryrrrrr,441.0
445,4,rrrrrgGGggggggrrrrrrrrrr,446.0
450,5,rrrrryyyyyyyyyrrrrrrrrrr,451.0
455,6,rrrrrrrrrrrrrrrrrrrGGGGG,456.0
460,7,rrrrrrrrrrrrrrrrrrrrrrrr,461.0
465,0,GggggrrrrrrrrrggGGgrrrrr,466.0
470,2,rGGGGrrrrrrrrrggrrGrrrrr,474.0
475,3,ryyyyrrrrrrrrryyrryrrrrr,477.0
480,4,rrrrrgGGggggggrrrrrrrrrr,482.0
485,6,rrrrrrrrrrrrrrrrrrrGGGGG,490.0
490,7,rrrrrrrrrrrrrrrrrrrrrrrr,495.0
495,0,GggggrrrrrrrrrggGGgrrrrr,500.0
500,1,yggggrrrrrrrrrggyygrrrrr,503.0
505,2,rGGGGrrrrrrrrrggrrGrrrrr,508.0
510,3,ryyyyrrrrrrrrryyrryrrrrr,511.0
515,4,rrrrrgGGggggggrrrrrrrrrr,516.0
520,6,rrrrrrrrrrrrrrrrrrrGGGGG,524.0
525,7,rrrrrrrrrrrrrrrrrrrrrrrr,529.0
530,0,GggggrrrrrrrrrggGGgrrrrr,534.0
535,1,yggggrrrrrrrrrggyygrrrrr,537.0
540,2,rGGGGrrrrrrrrrggrrGrrrrr,542.0
545,4,rrrrrgGGggggggrrrrrrrrrr,550.0
550,5,rrrrryyyyyyyyyrrrrrrrrrr,553.0
555,6,rrrrrrrrrrrrrrrrrrrGGGGG,558.0
560,7,rrrrrrrrrrrrrrrrrrrrrrrr,563.0
565,0,GggggrrrrrrrrrggGGgrrrrr,568.0
570,0,GggggrrrrrrrrrggGGgrrrrr,571.0
575,2,rGGGGrrrrrrrrrggrrGrrrrr,579.0
580,3,ryyyyrrrrrrrrryyrryrrrrr,582.0
585,4,rrrrrgGGggggggrrrrrrrrrr,587.0
590,6,rrrrrrrrrrrrrrrrrrrGGGGG,595.0
595,7,rrrrrrrrrrrrrrrrrrrrrrrr,600.0
600,0,GggggrrrrrrrrrggGGgrrrrr,605.0
605,1,yggggrrrrrrrrrggyygrrrrr,608.0
610,2,rGGGGrrrrrrrrrggrrGrrrrr,613.0
615,3,ryyyyrrrrrrrrryyrryrrrrr,616.0
620,4,rrrrrgGGggggggrrrrrrrrrr,621.0
625,6,rrrrrrrrrrrrrrrrrrrGGGGG,629.0
630,7,rrrrrrrrrrrrrrrrrrrrrrrr,634.0
635,0,GggggrrrrrrrrrggGGgrrrrr,639.0
640,1,yggggrrrrrrrrrggyygrrrrr,642.0
645,2,rGGGGrrrrrrrrrggrrGrrrrr,647.0
650,3,ryyyyrrrrrrrrryyrryrrrrr,651.0
655,4,rrrrrgGGggggggrrrrrrrrrr,656.0
660,6,rrrrrrrrrrrrrrrrrrrGGGGG,664.0
665,7,rrrrrrrrrrrrrrrrrrrrrrrr,669.0
670,0,GggggrrrrrrrrrggGGgrrrrr,674.0
675,1,yggggrrrrrrrrrggyygrrrrr,677.0
680,2,rGGGGrrrrrrrrrggrrGrrrrr,682.0
685,3,ryyyyrrrrrrrrryyrryrrrrr,687.0
690,4,rrrrrgGGggggggrrrrrrrrrr,692.0
695,6,rrrrrrrrrrrrrrrrrrrGGGGG,700.0
700,7,rrrrrrrrrrrrrrrrrrrrrrrr,705.0
705,0,GggggrrrrrrrrrggGGgrrrrr,710.0
710,1,yggggrrrrrrrrrggyygrrrrr,713.0
715,2,rGGGGrrrrrrrrrggrrGrrrrr,718.0
720,2,rGGGGrrrrrrrrrggrrGrrrrr,722.0
725,3,ryyyyrrrrrrrrryyrryrrrrr,727.0
730,4,rrrrrgGGggggggrrrrrrrrrr,732.0
735,6,rrrrrrrrrrrrrrrrrrrGGGGG,740.0
740,7,rrrrrrrrrrrrrrrrrrrrrrrr,745.0
745,0,GggggrrrrrrrrrggGGgrrrrr,750.0
750,0,GggggrrrrrrrrrggGGgrrrrr,751.0
755,2,rGGGGrrrrrrrrrggrrGrrrrr,760.0
760,3,ryyyyrrrrrrrrryyrryrrrrr,763.0
765,4,rrrrrgGGggggggrrrrrrrrrr,768.0
770,5,rrrrryyyyyyyyyrrrrrrrrrr,771.0
775,6,rrrrrrrrrrrrrrrrrrrGGGGG,776.0
780,7,rrrrrrrrrrrrrrrrrrrrrrrr,781.0
785,0,GggggrrrrrrrrrggGGgrrrrr,786.0
790,0,GggggrrrrrrrrrggGGgrrrrr,792.0
795,0,GggggrrrrrrrrrggGGgrrrrr,796.0
800,2,rGGGGrrrrrrrrrggrrGrrrrr,805.0
805,3,ryyyyrrrrrrrrryyrryrrrrr,808.0
810,4,rrrrrgGGggggggrrrrrrrrrr,813.0
815,5,rrrrryyyyyyyyyrrrrrrrrrr,816.0
820,6,rrrrrrrrrrrrrrrrrrrGGGGG,821.0
825,7,rrrrrrrrrrrrrrrrrrrrrrrr,826.0
830,0,GggggrrrrrrrrrggGGgrrrrr,831.0
835,2,rGGGGrrrrrrrrrggrrGrrrrr,839.0
840,3,ryyyyrrrrrrrrryyrryrrrrr,842.0
845,4,rrrrrgGGggggggrrrrrrrrrr,847.0
850,6,rrrrrrrrrrrrrrrrrrrGGGGG,855.0
855,7,rrrrrrrrrrrrrrrrrrrrrrrr,860.0
860,0,GggggrrrrrrrrrggGGgrrrrr,865.0
865,1,yggggrrrrrrrrrggyygrrrrr,868.0
870,2,rGGGGrrrrrrrrrggrrGrrrrr,873.0
875,3,ryyyyrrrrrrrrryyrryrrrrr,876.0
880,4,rrrrrgGGggggggrrrrrrrrrr,881.0
885,6,rrrrrrrrrrrrrrrrrrrGGGGG,889.0
890,7,rrrrrrrrrrrrrrrrrrrrrrrr,894.0
895,0,GggggrrrrrrrrrggGGgrrrrr,899.0
900,1,yggggrrrrrrrrrggyygrrrrr,902.0
905,2,rGGGGrrrrrrrrrggrrGrrrrr,907.0
910,4,rrrrrgGGggggggrrrrrrrrrr,915.0
915,5,rrrrryyyyyyyyyrrrrrrrrrr,918.0
920,6,rrrrrrrrrrrrrrrrrrrGGGGG,923.0
925,7,rrrrrrrrrrrrrrrrrrrrrrrr,928.0
930,0,GggggrrrrrrrrrggGGgrrrrr,933.0
935,1,yggggrrrrrrrrrggyygrrrrr,936.0
940,2,rGGGGrrrrrrrrrggrrGrrrrr,941.0
945,3,ryyyyrrrrrrrrryyrryrrrrr,947.0
950,4,rrrrrgGGggggggrrrrrrrrrr,952.0
955,6,rrrrrrrrrrrrrrrrrrrGGGGG,960.0
960,7,rrrrrrrrrrrrrrrrrrrrrrrr,965.0
965,0,GggggrrrrrrrrrggGGgrrrrr,970.0
970,1,yggggrrrrrrrrrggyygrrrrr,973.0
975,2,rGGGGrrrrrrrrrggrrGrrrrr,978.0
980,2,rGGGGrrrrrrrrrggrrGrrrrr,981.0
985,4,rrrrrgGGggggggrrrrrrrrrr,989.0
990,5,rrrrryyyyyyyyyrrrrrrrrrr,992.0
995,6,rrrrrrrrrrrrrrrrrrrGGGGG,997.0
1000,7,rrrrrrrrrrrrrrrrrrrrrrrr,1002.0
1005,0,GggggrrrrrrrrrggGGgrrrrr,1007.0
1010,2,rGGGGrrrrrrrrrggrrGrrrrr,1015.0
1015,2,rGGGGrrrrrrrrrggrrGrrrrr,1017.0
1020,2,rGGGGrrrrrrrrrggrrGrrrrr,1021.0
1025,4,rrrrrgGGggggggrrrrrrrrrr,1030.0
1030,5,rrrrryyyyyyyyyrrrrrrrrrr,1033.0
1035,6,rrrrrrrrrrrrrrrrrrrGGGGG,1038.0
1040,7,rrrrrrrrrrrrrrrrrrrrrrrr,1043.0
1045,0,GggggrrrrrrrrrggGGgrrrrr,1048.0
1050,1,yggggrrrrrrrrrggyygrrrrr,1051.0
1055,2,rGGGGrrrrrrrrrggrrGrrrrr,1056.0
1060,4,rrrrrgGGggggggrrrrrrrrrr,1064.0
1065,5,rrrrryyyyyyyyyrrrrrrrrrr,1067.0
1070,6,rrrrrrrrrrrrrrrrrrrGGGGG,1072.0
1075,7,rrrrrrrrrrrrrrrrrrrrrrrr,1077.0
1080,0,GggggrrrrrrrrrggGGgrrrrr,1082.0
1085,2,rGGGGrrrrrrrrrggrrGrrrrr,1090.0
1090,3,ryyyyrrrrrrrrryyrryrrrrr,1093.0
1095,4,rrrrrgGGggggggrrrrrrrrrr,1098.0
1100,5,rrrrryyyyyyyyyrrrrrrrrrr,1101.0
1105,6,rrrrrrrrrrrrrrrrrrrGGGGG,1106.0
1110,7,rrrrrrrrrrrrrrrrrrrrrrrr,1111.0
1115,0,GggggrrrrrrrrrggGGgrrrrr,1116.0
1120,0,GggggrrrrrrrrrggGGgrrrrr,1122.0
1125,0,GggggrrrrrrrrrggGGgrrrrr,1126.0
1130,1,yggggrrrrrrrrrggyygrrrrr,1133.0
1135,2,rGGGGrrrrrrrrrggrrGrrrrr,1138.0
1140,3,ryyyyrrrrrrrrryyrryrrrrr,1141.0
1145,4,rrrrrgGGggggggrrrrrrrrrr,1146.0
1150,6,rrrrrrrrrrrrrrrrrrrGGGGG,1154.0
1155,7,rrrrrrrrrrrrrrrrrrrrrrrr,1159.0
1160,0,GggggrrrrrrrrrggGGgrrrrr,1164.0
1165,0,GggggrrrrrrrrrggGGgrrrrr,1166.0
1170,1,yggggrrrrrrrrrggyygrrrrr,1172.0
1175,2,rGGGGrrrrrrrrrggrrGrrrrr,1177.0
1180,4,rrrrrgGGggggggrrrrrrrrrr,1185.0
1185,5,rrrrryyyyyyyyyrrrrrrrrrr,1188.0
1190,6,rrrrrrrrrrrrrrrrrrrGGGGG,1193.0
1195,7,rrrrrrrrrrrrrrrrrrrrrrrr,1198.0
1200,0,GggggrrrrrrrrrggGGgrrrrr,1203.0
1205,1,yggggrrrrrrrrrggyygrrrrr,1208.0
1210,2,rGGGGrrrrrrrrrggrrGrrrrr,1213.0
1215,2,rGGGGrrrrrrrrrggrrGrrrrr,1217.0
1220,2,rGGGGrrrrrrrrrggrrGrrrrr,1221.0
1225,3,ryyyyrrrrrrrrryyrryrrrrr,1226.0
1230,4,rrrrrgGGggggggrrrrrrrrrr,1231.0
1235,6,rrrrrrrrrrrrrrrrrrrGGGGG,1239.0
1240,7,rrrrrrrrrrrrrrrrrrrrrrrr,1244.0
1245,0,GggggrrrrrrrrrggGGgrrrrr,1249.0
1250,0,GggggrrrrrrrrrggGGgrrrrr,1251.0
1255,1,yggggrrrrrrrrrggyygrrrrr,1258.0
1260,2,rGGGGrrrrrrrrrggrrGrrrrr,1263.0
1265,3,ryyyyrrrrrrrrryyrryrrrrr,1266.0
1270,4,rrrrrgGGggggggrrrrrrrrrr,1271.0
1275,6,rrrrrrrrrrrrrrrrrrrGGGGG,1279.0
1280,7,rrrrrrrrrrrrrrrrrrrrrrrr,1284.0
1285,0,GggggrrrrrrrrrggGGgrrrrr,1289.0
1290,0,GggggrrrrrrrrrggGGgrrrrr,1291.0
1295,2,rGGGGrrrrrrrrrggrrGrrrrr,1300.0
1300,2,rGGGGrrrrrrrrrggrrGrrrrr,1301.0
1305,4,rrrrrgGGggggggrrrrrrrrrr,1310.0
1310,5,rrrrryyyyyyyyyrrrrrrrrrr,1313.0
1315,6,rrrrrrrrrrrrrrrrrrrGGGGG,1318.0
1320,7,rrrrrrrrrrrrrrrrrrrrrrrr,1323.0
1325,0,GggggrrrrrrrrrggGGgrrrrr,1328.0
1330,1,yggggrrrrrrrrrggyygrrrrr,1331.0
1335,2,rGGGGrrrrrrrrrggrrGrrrrr,1336.0
1340,4,rrrrrgGGggggggrrrrrrrrrr,1344.0
1345,5,rrrrryyyyyyyyyrrrrrrrrrr,1347.0
1350,6,rrrrrrrrrrrrrrrrrrrGGGGG,1352.0
1355,7,rrrrrrrrrrrrrrrrrrrrrrrr,1357.0
1360,0,GggggrrrrrrrrrggGGgrrrrr,1362.0
1365,1,yggggrrrrrrrrrggyygrrrrr,1366.0
1370,2,rGGGGrrrrrrrrrggrrGrrrrr,1371.0
1375,3,ryyyyrrrrrrrrryyrryrrrrr,1377.0
1380,4,rrrrrgGGggggggrrrrrrrrrr,1382.0
1385,6,rrrrrrrrrrrrrrrrrrrGGGGG,1390.0
1390,7,rrrrrrrrrrrrrrrrrrrrrrrr,1395.0
1395,0,GggggrrrrrrrrrggGGgrrrrr,1400.0
1400,0,GggggrrrrrrrrrggGGgrrrrr,1401.0
1405,2,rGGGGrrrrrrrrrggrrGrrrrr,1409.0
1410,2,rGGGGrrrrrrrrrggrrGrrrrr,1411.0
1415,4,rrrrrgGGggggggrrrrrrrrrr,1419.0
1420,5,rrrrryyyyyyyyyrrrrrrrrrr,1422.0
1425,6,rrrrrrrrrrrrrrrrrrrGGGGG,1427.0
1430,7,rrrrrrrrrrrrrrrrrrrrrrrr,1432.0
1435,0,GggggrrrrrrrrrggGGgrrrrr,1437.0
1440,0,GggggrrrrrrrrrggGGgrrrrr,1441.0
1445,1,yggggrrrrrrrrrggyygrrrrr,1446.0
1450,2,rGGGGrrrrrrrrrggrrGrrrrr,1451.0
1455,4,rrrrrgGGggggggrrrrrrrrrr,1459.0
1460,5,rrrrryyyyyyyyyrrrrrrrrrr,1462.0
1465,6,rrrrrrrrrrrrrrrrrrrGGGGG,1467.0
1470,7,rrrrrrrrrrrrrrrrrrrrrrrr,1472.0
1475,0,GggggrrrrrrrrrggGGgrrrrr,1477.0
1480,1,yggggrrrrrrrrrggyygrrrrr,1481.0
1485,2,rGGGGrrrrrrrrrggrrGrrrrr,1486.0
1490,4,rrrrrgGGggggggrrrrrrrrrr,1494.0
1495,5,rrrrryyyyyyyyyrrrrrrrrrr,1497.0
1500,6,rrrrrrrrrrrrrrrrrrrGGGGG,1502.0
1505,7,rrrrrrrrrrrrrrrrrrrrrrrr,1507.0
1510,0,GggggrrrrrrrrrggGGgrrrrr,1512.0
1515,2,rGGGGrrrrrrrrrggrrGrrrrr,1520.0
1520,3,ryyyyrrrrrrrrryyrryrrrrr,1523.0
1525,4,rrrrrgGGggggggrrrrrrrrrr,1528.0
1530,4,rrrrrgGGggggggrrrrrrrrrr,1532.0
1535,5,rrrrryyyyyyyyyrrrrrrrrrr,1536.0
1540,6,rrrrrrrrrrrrrrrrrrrGGGGG,1541.0
1545,7,rrrrrrrrrrrrrrrrrrrrrrrr,1546.0
1550,0,GggggrrrrrrrrrggGGgrrrrr,1551.0
1555,2,rGGGGrrrrrrrrrggrrGrrrrr,1559.0
1560,3,ryyyyrrrrrrrrryyrryrrrrr,1562.0
1565,4,rrrrrgGGggggggrrrrrrrrrr,1567.0
1570,6,rrrrrrrrrrrrrrrrrrrGGGGG,1575.0
1575,7,rrrrrrrrrrrrrrrrrrrrrrrr,1580.0
1580,0,GggggrrrrrrrrrggGGgrrrrr,1585.0
1585,0,GggggrrrrrrrrrggGGgrrrrr,1587.0
1590,1,yggggrrrrrrrrrggyygrrrrr,1592.0
1595,2,rGGGGrrrrrrrrrggrrGrrrrr,1597.0
1600,3,ryyyyrrrrrrrrryyrryrrrrr,1601.0
1605,4,rrrrrgGGggggggrrrrrrrrrr,1606.0
1610,5,rrrrryyyyyyyyyrrrrrrrrrr,1613.0
1615,6,rrrrrrrrrrrrrrrrrrrGGGGG,1618.0
1620,7,rrrrrrrrrrrrrrrrrrrrrrrr,1623.0
1625,0,GggggrrrrrrrrrggGGgrrrrr,1628.0
1630,1,yggggrrrrrrrrrggyygrrrrr,1631.0
1635,2,rGGGGrrrrrrrrrggrrGrrrrr,1636.0
1640,2,rGGGGrrrrrrrrrggrrGrrrrr,1642.0
1645,3,ryyyyrrrrrrrrryyrryrrrrr,1647.0
1650,4,rrrrrgGGggggggrrrrrrrrrr,1652.0
1655,6,rrrrrrrrrrrrrrrrrrrGGGGG,1660.0
1660,7,rrrrrrrrrrrrrrrrrrrrrrrr,1665.0
1665,0,GggggrrrrrrrrrggGGgrrrrr,1670.0
1670,1,yggggrrrrrrrrrggyygrrrrr,1673.0
1675,2,rGGGGrrrrrrrrrggrrGrrrrr,1678.0
1680,3,ryyyyrrrrrrrrryyrryrrrrr,1681.0
1685,4,rrrrrgGGggggggrrrrrrrrrr,1686.0
1690,6,rrrrrrrrrrrrrrrrrrrGGGGG,1694.0
1695,7,rrrrrrrrrrrrrrrrrrrrrrrr,1699.0
1700,0,GggggrrrrrrrrrggGGgrrrrr,1704.0
1705,1,yggggrrrrrrrrrggyygrrrrr,1707.0
1710,2,rGGGGrrrrrrrrrggrrGrrrrr,1712.0
1715,4,rrrrrgGGggggggrrrrrrrrrr,1720.0
1720,5,rrrrryyyyyyyyyrrrrrrrrrr,1723.0
1725,6,rrrrrrrrrrrrrrrrrrrGGGGG,1728.0
1730,7,rrrrrrrrrrrrrrrrrrrrrrrr,1733.0
1735,0,GggggrrrrrrrrrggGGgrrrrr,1738.0
1740,1,yggggrrrrrrrrrggyygrrrrr,1741.0
1745,2,rGGGGrrrrrrrrrggrrGrrrrr,1746.0
1750,3,ryyyyrrrrrrrrryyrryrrrrr,1752.0
1755,4,rrrrrgGGggggggrrrrrrrrrr,1757.0
1760,6,rrrrrrrrrrrrrrrrrrrGGGGG,1765.0
1765,7,rrrrrrrrrrrrrrrrrrrrrrrr,1770.0
1770,0,GggggrrrrrrrrrggGGgrrrrr,1775.0
1775,0,GggggrrrrrrrrrggGGgrrrrr,1776.0
1780,2,rGGGGrrrrrrrrrggrrGrrrrr,1785.0
1785,3,ryyyyrrrrrrrrryyrryrrrrr,1788.0
1790,4,rrrrrgGGggggggrrrrrrrrrr,1793.0
1795,5,rrrrryyyyyyyyyrrrrrrrrrr,1796.0
1800,6,rrrrrrrrrrrrrrrrrrrGGGGG,1801.0
1805,7,rrrrrrrrrrrrrrrrrrrrrrrr,1806.0
1810,0,GggggrrrrrrrrrggGGgrrrrr,1811.0
1815,2,rGGGGrrrrrrrrrggrrGrrrrr,1819.0
1820,3,ryyyyrrrrrrrrryyrryrrrrr,1822.0
1825,4,rrrrrgGGggggggrrrrrrrrrr,1827.0
1830,6,rrrrrrrrrrrrrrrrrrrGGGGG,1835.0
1835,7,rrrrrrrrrrrrrrrrrrrrrrrr,1840.0
1840,0,GggggrrrrrrrrrggGGgrrrrr,1845.0
1845,1,yggggrrrrrrrrrggyygrrrrr,1848.0
1850,2,rGGGGrrrrrrrrrggrrGrrrrr,1853.0
1855,3,ryyyyrrrrrrrrryyrryrrrrr,1856.0
1860,4,rrrrrgGGggggggrrrrrrrrrr,1861.0
1865,6,rrrrrrrrrrrrrrrrrrrGGGGG,1869.0
1870,7,rrrrrrrrrrrrrrrrrrrrrrrr,1874.0
1875,0,GggggrrrrrrrrrggGGgrrrrr,1879.0
1880,0,GggggrrrrrrrrrggGGgrrrrr,1881.0
1885,1,yggggrrrrrrrrrggyygrrrrr,1886.0
1890,2,rGGGGrrrrrrrrrggrrGrrrrr,1891.0
1895,4,rrrrrgGGggggggrrrrrrrrrr,1899.0
1900,5,rrrrryyyyyyyyyrrrrrrrrrr,1902.0
1905,6,rrrrrrrrrrrrrrrrrrrGGGGG,1907.0
1910,7,rrrrrrrrrrrrrrrrrrrrrrrr,1912.0
1915,0,GggggrrrrrrrrrggGGgrrrrr,1917.0
1920,2,rGGGGrrrrrrrrrggrrGrrrrr,1925.0
1925,3,ryyyyrrrrrrrrryyrryrrrrr,1928.0
1930,4,rrrrrgGGggggggrrrrrrrrrr,1933.0
1935,5,rrrrryyyyyyyyyrrrrrrrrrr,1936.0
1940,6,rrrrrrrrrrrrrrrrrrrGGGGG,1941.0
1945,7,rrrrrrrrrrrrrrrrrrrrrrrr,1946.0
1950,0,GggggrrrrrrrrrggGGgrrrrr,1951.0
1955,0,GggggrrrrrrrrrggGGgrrrrr,1957.0
1960,0,GggggrrrrrrrrrggGGgrrrrr,1961.0
1965,2,rGGGGrrrrrrrrrggrrGrrrrr,1970.0
1970,3,ryyyyrrrrrrrrryyrryrrrrr,1973.0
1975,4,rrrrrgGGggggggrrrrrrrrrr,1978.0
1980,5,rrrrryyyyyyyyyrrrrrrrrrr,1981.0
1985,6,rrrrrrrrrrrrrrrrrrrGGGGG,1986.0
1990,7,rrrrrrrrrrrrrrrrrrrrrrrr,1991.0
1995,0,GggggrrrrrrrrrggGGgrrrrr,1996.0
2000,2,rGGGGrrrrrrrrrggrrGrrrrr,2004.0
2005,3,ryyyyrrrrrrrrryyrryrrrrr,2007.0
2010,4,rrrrrgGGggggggrrrrrrrrrr,2012.0
2015,6,rrrrrrrrrrrrrrrrrrrGGGGG,2020.0
2020,7,rrrrrrrrrrrrrrrrrrrrrrrr,2025.0
2025,0,GggggrrrrrrrrrggGGgrrrrr,2030.0
2030,0,GggggrrrrrrrrrggGGgrrrrr,2032.0
2035,1,yggggrrrrrrrrrggyygrrrrr,2037.0
2040,2,rGGGGrrrrrrrrrggrrGrrrrr,2042.0
2045,3,ryyyyrrrrrrrrryyrryrrrrr,2046.0
2050,4,rrrrrgGGggggggrrrrrrrrrr,2051.0
2055,6,rrrrrrrrrrrrrrrrrrrGGGGG,2059.0
2060,7,rrrrrrrrrrrrrrrrrrrrrrrr,2064.0
2065,0,GggggrrrrrrrrrggGGgrrrrr,2069.0
2070,1,yggggrrrrrrrrrggyygrrrrr,2072.0
2075,2,rGGGGrrrrrrrrrggrrGrrrrr,2077.0
2080,4,rrrrrgGGggggggrrrrrrrrrr,2085.0
2085,5,rrrrryyyyyyyyyrrrrrrrrrr,2088.0
2090,6,rrrrrrrrrrrrrrrrrrrGGGGG,2093.0
2095,7,rrrrrrrrrrrrrrrrrrrrrrrr,2098.0
2100,0,GggggrrrrrrrrrggGGgrrrrr,2103.0
2105,0,GggggrrrrrrrrrggGGgrrrrr,2106.0
2110,2,rGGGGrrrrrrrrrggrrGrrrrr,2114.0
2115,2,rGGGGrrrrrrrrrggrrGrrrrr,2116.0
2120,3,ryyyyrrrrrrrrryyrryrrrrr,2121.0
2125,4,rrrrrgGGggggggrrrrrrrrrr,2126.0
2130,6,rrrrrrrrrrrrrrrrrrrGGGGG,2134.0
2135,7,rrrrrrrrrrrrrrrrrrrrrrrr,2139.0
2140,0,GggggrrrrrrrrrggGGgrrrrr,2144.0
2145,1,yggggrrrrrrrrrggyygrrrrr,2147.0
2150,2,rGGGGrrrrrrrrrggrrGrrrrr,2152.0
2155,4,rrrrrgGGggggggrrrrrrrrrr,2160.0
2160,5,rrrrryyyyyyyyyrrrrrrrrrr,2163.0
2165,6,rrrrrrrrrrrrrrrrrrrGGGGG,2168.0
2170,7,rrrrrrrrrrrrrrrrrrrrrrrr,2173.0
2175,0,GggggrrrrrrrrrggGGgrrrrr,2178.0
2180,1,yggggrrrrrrrrrggyygrrrrr,2181.0
2185,2,rGGGGrrrrrrrrrggrrGrrrrr,2186.0
2190,3,ryyyyrrrrrrrrryyrryrrrrr,2192.0
2195,4,rrrrrgGGggggggrrrrrrrrrr,2197.0
2200,6,rrrrrrrrrrrrrrrrrrrGGGGG,2205.0
2205,7,rrrrrrrrrrrrrrrrrrrrrrrr,2210.0
2210,0,GggggrrrrrrrrrggGGgrrrrr,2215.0
2215,1,yggggrrrrrrrrrggyygrrrrr,2218.0
2220,2,rGGGGrrrrrrrrrggrrGrrrrr,2223.0
2225,3,ryyyyrrrrrrrrryyrryrrrrr,2226.0
2230,4,rrrrrgGGggggggrrrrrrrrrr,2231.0
2235,6,rrrrrrrrrrrrrrrrrrrGGGGG,2239.0
2240,7,rrrrrrrrrrrrrrrrrrrrrrrr,2244.0
2245,0,GggggrrrrrrrrrggGGgrrrrr,2249.0
2250,1,yggggrrrrrrrrrggyygrrrrr,2252.0
2255,2,rGGGGrrrrrrrrrggrrGrrrrr,2257.0
2260,2,rGGGGrrrrrrrrrggrrGrrrrr,2261.0
2265,4,rrrrrgGGggggggrrrrrrrrrr,2270.0
2270,5,rrrrryyyyyyyyyrrrrrrrrrr,2273.0
2275,6,rrrrrrrrrrrrrrrrrrrGGGGG,2278.0
2280,7,rrrrrrrrrrrrrrrrrrrrrrrr,2283.0
2285,0,GggggrrrrrrrrrggGGgrrrrr,2288.0
2290,1,yggggrrrrrrrrrggyygrrrrr,2291.0
2295,2,rGGGGrrrrrrrrrggrrGrrrrr,2296.0
2300,3,ryyyyrrrrrrrrryyrryrrrrr,2302.0
2305,4,rrrrrgGGggggggrrrrrrrrrr,2307.0
2310,4,rrrrrgGGggggggrrrrrrrrrr,2311.0
2315,6,rrrrrrrrrrrrrrrrrrrGGGGG,2319.0
2320,7,rrrrrrrrrrrrrrrrrrrrrrrr,2324.0
2325,0,GggggrrrrrrrrrggGGgrrrrr,2329.0
2330,1,yggggrrrrrrrrrggyygrrrrr,2332.0
2335,2,rGGGGrrrrrrrrrggrrGrrrrr,2337.0
2340,4,rrrrrgGGggggggrrrrrrrrrr,2345.0
2345,5,rrrrryyyyyyyyyrrrrrrrrrr,2348.0
2350,6,rrrrrrrrrrrrrrrrrrrGGGGG,2353.0
2355,7,rrrrrrrrrrrrrrrrrrrrrrrr,2358.0
2360,0,GggggrrrrrrrrrggGGgrrrrr,2363.0
2365,1,yggggrrrrrrrrrggyygrrrrr,2366.0
2370,2,rGGGGrrrrrrrrrggrrGrrrrr,2371.0
2375,4,rrrrrgGGggggggrrrrrrrrrr,2379.0
2380,5,rrrrryyyyyyyyyrrrrrrrrrr,2382.0
2385,6,rrrrrrrrrrrrrrrrrrrGGGGG,2387.0
2390,7,rrrrrrrrrrrrrrrrrrrrrrrr,2392.0
2395,0,GggggrrrrrrrrrggGGgrrrrr,2397.0
2400,2,rGGGGrrrrrrrrrggrrGrrrrr,2405.0
2405,2,rGGGGrrrrrrrrrggrrGrrrrr,2406.0
2410,3,ryyyyrrrrrrrrryyrryrrrrr,2413.0
2415,4,rrrrrgGGggggggrrrrrrrrrr,2418.0
2420,5,rrrrryyyyyyyyyrrrrrrrrrr,2421.0
2425,6,rrrrrrrrrrrrrrrrrrrGGGGG,2426.0
2430,7,rrrrrrrrrrrrrrrrrrrrrrrr,2431.0
2435,0,GggggrrrrrrrrrggGGgrrrrr,2436.0
2440,2,rGGGGrrrrrrrrrggrrGrrrrr,2444.0
2445,2,rGGGGrrrrrrrrrggrrGrrrrr,2446.0
2450,2,rGGGGrrrrrrrrrggrrGrrrrr,2452.0
2455,2,rGGGGrrrrrrrrrggrrGrrrrr,2456.0
2460,4,rrrrrgGGggggggrrrrrrrrrr,2464.0
2465,5,rrrrryyyyyyyyyrrrrrrrrrr,2467.0
2470,6,rrrrrrrrrrrrrrrrrrrGGGGG,2472.0
2475,7,rrrrrrrrrrrrrrrrrrrrrrrr,2477.0
2480,0,GggggrrrrrrrrrggGGgrrrrr,2482.0
2485,2,rGGGGrrrrrrrrrggrrGrrrrr,2490.0
2490,3,ryyyyrrrrrrrrryyrryrrrrr,2493.0
2495,4,rrrrrgGGggggggrrrrrrrrrr,2498.0
2500,5,rrrrryyyyyyyyyrrrrrrrrrr,2501.0
2505,6,rrrrrrrrrrrrrrrrrrrGGGGG,2506.0
2510,7,rrrrrrrrrrrrrrrrrrrrrrrr,2511.0
2515,0,GggggrrrrrrrrrggGGgrrrrr,2516.0
2520,2,rGGGGrrrrrrrrrggrrGrrrrr,2524.0
2525,3,ryyyyrrrrrrrrryyrryrrrrr,2527.0
2530,4,rrrrrgGGggggggrrrrrrrrrr,2532.0
2535,6,rrrrrrrrrrrrrrrrrrrGGGGG,2540.0
2540,7,rrrrrrrrrrrrrrrrrrrrrrrr,2545.0
2545,0,GggggrrrrrrrrrggGGgrrrrr,2550.0
2550,1,yggggrrrrrrrrrggyygrrrrr,2553.0
2555,2,rGGGGrrrrrrrrrggrrGrrrrr,2558.0
2560,3,ryyyyrrrrrrrrryyrryrrrrr,2561.0
2565,4,rrrrrgGGggggggrrrrrrrrrr,2566.0
2570,4,rrrrrgGGggggggrrrrrrrrrr,2572.0
2575,5,rrrrryyyyyyyyyrrrrrrrrrr,2576.0
2580,6,rrrrrrrrrrrrrrrrrrrGGGGG,2581.0
2585,7,rrrrrrrrrrrrrrrrrrrrrrrr,2586.0
2590,0,GggggrrrrrrrrrggGGgrrrrr,2591.0
2595,0,GggggrrrrrrrrrggGGgrrrrr,2597.0
2600,0,GggggrrrrrrrrrggGGgrrrrr,2601.0
2605,0,GggggrrrrrrrrrggGGgrrrrr,2606.0
2610,0,GggggrrrrrrrrrggGGgrrrrr,2611.0
2615,2,rGGGGrrrrrrrrrggrrGrrrrr,2620.0
2620,3,ryyyyrrrrrrrrryyrryrrrrr,2623.0
2625,4,rrrrrgGGggggggrrrrrrrrrr,2628.0
2630,5,rrrrryyyyyyyyyrrrrrrrrrr,2631.0
2635,6,rrrrrrrrrrrrrrrrrrrGGGGG,2636.0
2640,7,rrrrrrrrrrrrrrrrrrrrrrrr,2641.0
2645,0,GggggrrrrrrrrrggGGgrrrrr,2646.0
2650,2,rGGGGrrrrrrrrrggrrGrrrrr,2654.0
2655,2,rGGGGrrrrrrrrrggrrGrrrrr,2657.0
2660,2,rGGGGrrrrrrrrrggrrGrrrrr,2662.0
2665,2,rGGGGrrrrrrrrrggrrGrrrrr,2666.0
2670,4,rrrrrgGGggggggrrrrrrrrrr,2674.0
2675,5,rrrrryyyyyyyyyrrrrrrrrrr,2677.0
2680,6,rrrrrrrrrrrrrrrrrrrGGGGG,2682.0
2685,7,rrrrrrrrrrrrrrrrrrrrrrrr,2687.0
2690,0,GggggrrrrrrrrrggGGgrrrrr,2692.0
2695,1,yggggrrrrrrrrrggyygrrrrr,2696.0
2700,2,rGGGGrrrrrrrrrggrrGrrrrr,2701.0
2705,4,rrrrrgGGggggggrrrrrrrrrr,2709.0
2710,5,rrrrryyyyyyyyyrrrrrrrrrr,2712.0
2715,6,rrrrrrrrrrrrrrrrrrrGGGGG,2717.0
2720,7,rrrrrrrrrrrrrrrrrrrrrrrr,2722.0
2725,0,GggggrrrrrrrrrggGGgrrrrr,2727.0
2730,2,rGGGGrrrrrrrrrggrrGrrrrr,2735.0
2735,3,ryyyyrrrrrrrrryyrryrrrrr,2738.0
2740,4,rrrrrgGGggggggrrrrrrrrrr,2743.0
2745,5,rrrrryyyyyyyyyrrrrrrrrrr,2746.0
2750,6,rrrrrrrrrrrrrrrrrrrGGGGG,2751.0
2755,7,rrrrrrrrrrrrrrrrrrrrrrrr,2756.0
2760,0,GggggrrrrrrrrrggGGgrrrrr,2761.0
2765,2,rGGGGrrrrrrrrrggrrGrrrrr,2769.0
2770,3,ryyyyrrrrrrrrryyrryrrrrr,2772.0
2775,4,rrrrrgGGggggggrrrrrrrrrr,2777.0
2780,6,rrrrrrrrrrrrrrrrrrrGGGGG,2785.0
2785,7,rrrrrrrrrrrrrrrrrrrrrrrr,2790.0
2790,0,GggggrrrrrrrrrggGGgrrrrr,2795.0
2795,1,yggggrrrrrrrrrggyygrrrrr,2798.0
2800,2,rGGGGrrrrrrrrrggrrGrrrrr,2803.0
2805,3,ryyyyrrrrrrrrryyrryrrrrr,2806.0
2810,4,rrrrrgGGggggggrrrrrrrrrr,2811.0
2815,6,rrrrrrrrrrrrrrrrrrrGGGGG,2819.0
2820,7,rrrrrrrrrrrrrrrrrrrrrrrr,2824.0
2825,0,GggggrrrrrrrrrggGGgrrrrr,2829.0
2830,0,GggggrrrrrrrrrggGGgrrrrr,2831.0
2835,0,GggggrrrrrrrrrggGGgrrrrr,2837.0
2840,0,GggggrrrrrrrrrggGGgrrrrr,2841.0
2845,2,rGGGGrrrrrrrrrggrrGrrrrr,2850.0
2850,3,ryyyyrrrrrrrrryyrryrrrrr,2853.0
2855,4,rrrrrgGGggggggrrrrrrrrrr,2858.0
2860,5,rrrrryyyyyyyyyrrrrrrrrrr,2861.0
2865,6,rrrrrrrrrrrrrrrrrrrGGGGG,2866.0
2870,7,rrrrrrrrrrrrrrrrrrrrrrrr,2871.0
2875,0,GggggrrrrrrrrrggGGgrrrrr,2876.0
2880,2,rGGGGrrrrrrrrrggrrGrrrrr,2884.0
2885,3,ryyyyrrrrrrrrryyrryrrrrr,2888.0
2890,4,rrrrrgGGggggggrrrrrrrrrr,2893.0
2895,4,rrrrrgGGggggggrrrrrrrrrr,2896.0
2900,6,rrrrrrrrrrrrrrrrrrrGGGGG,2904.0
2905,7,rrrrrrrrrrrrrrrrrrrrrrrr,2909.0
2910,0,GggggrrrrrrrrrggGGgrrrrr,2914.0
2915,1,yggggrrrrrrrrrggyygrrrrr,2918.0
2920,2,rGGGGrrrrrrrrrggrrGrrrrr,2923.0
2925,2,rGGGGrrrrrrrrrggrrGrrrrr,2926.0
2930,4,rrrrrgGGggggggrrrrrrrrrr,2934.0
2935,5,rrrrryyyyyyyyyrrrrrrrrrr,2937.0
2940,6,rrrrrrrrrrrrrrrrrrrGGGGG,2942.0
2945,7,rrrrrrrrrrrrrrrrrrrrrrrr,2947.0
2950,0,GggggrrrrrrrrrggGGgrrrrr,2952.0
2955,2,rGGGGrrrrrrrrrggrrGrrrrr,2960.0
2960,2,rGGGGrrrrrrrrrggrrGrrrrr,2962.0
2965,2,rGGGGrrrrrrrrrggrrGrrrrr,2966.0
2970,4,rrrrrgGGggggggrrrrrrrrrr,2974.0
2975,4,rrrrrgGGggggggrrrrrrrrrr,2976.0
2980,6,rrrrrrrrrrrrrrrrrrrGGGGG,2984.0
2985,7,rrrrrrrrrrrrrrrrrrrrrrrr,2989.0
2990,0,GggggrrrrrrrrrggGGgrrrrr,2994.0
2995,0,GggggrrrrrrrrrggGGgrrrrr,2996.0
3000,0,GggggrrrrrrrrrggGGgrrrrr,3002.0
3005,1,yggggrrrrrrrrrggyygrrrrr,3007.0
3010,2,rGGGGrrrrrrrrrggrrGrrrrr,3012.0
3015,4,rrrrrgGGggggggrrrrrrrrrr,3020.0
3020,5,rrrrryyyyyyyyyrrrrrrrrrr,3023.0
3025,6,rrrrrrrrrrrrrrrrrrrGGGGG,3028.0
3030,7,rrrrrrrrrrrrrrrrrrrrrrrr,3033.0
3035,0,GggggrrrrrrrrrggGGgrrrrr,3038.0
3040,0,GggggrrrrrrrrrggGGgrrrrr,3042.0
3045,1,yggggrrrrrrrrrggyygrrrrr,3047.0
3050,2,rGGGGrrrrrrrrrggrrGrrrrr,3052.0
3055,2,rGGGGrrrrrrrrrggrrGrrrrr,3056.0
3060,4,rrrrrgGGggggggrrrrrrrrrr,3064.0
3065,5,rrrrryyyyyyyyyrrrrrrrrrr,3067.0
3070,6,rrrrrrrrrrrrrrrrrrrGGGGG,3072.0
3075,7,rrrrrrrrrrrrrrrrrrrrrrrr,3077.0
3080,0,GggggrrrrrrrrrggGGgrrrrr,3082.0
3085,2,rGGGGrrrrrrrrrggrrGrrrrr,3090.0
3090,2,rGGGGrrrrrrrrrggrrGrrrrr,3092.0
3095,3,ryyyyrrrrrrrrryyrryrrrrr,3097.0
3100,4,rrrrrgGGggggggrrrrrrrrrr,3102.0
3105,6,rrrrrrrrrrrrrrrrrrrGGGGG,3110.0
3110,7,rrrrrrrrrrrrrrrrrrrrrrrr,3115.0
3115,0,GggggrrrrrrrrrggGGgrrrrr,3120.0
3120,1,yggggrrrrrrrrrggyygrrrrr,3123.0
3125,2,rGGGGrrrrrrrrrggrrGrrrrr,3128.0
3130,2,rGGGGrrrrrrrrrggrrGrrrrr,3131.0
3135,2,rGGGGrrrrrrrrrggrrGrrrrr,3136.0
3140,2,rGGGGrrrrrrrrrggrrGrrrrr,3141.0
3145,4,rrrrrgGGggggggrrrrrrrrrr,3150.0
3150,5,rrrrryyyyyyyyyrrrrrrrrrr,3153.0
3155,6,rrrrrrrrrrrrrrrrrrrGGGGG,3158.0
3160,7,rrrrrrrrrrrrrrrrrrrrrrrr,3163.0
3165,0,GggggrrrrrrrrrggGGgrrrrr,3168.0
3170,1,yggggrrrrrrrrrggyygrrrrr,3171.0
3175,2,rGGGGrrrrrrrrrggrrGrrrrr,3176.0
3180,2,rGGGGrrrrrrrrrggrrGrrrrr,3181.0
3185,4,rrrrrgGGggggggrrrrrrrrrr,3189.0
3190,5,rrrrryyyyyyyyyrrrrrrrrrr,3192.0
3195,6,rrrrrrrrrrrrrrrrrrrGGGGG,3197.0
3200,7,rrrrrrrrrrrrrrrrrrrrrrrr,3202.0
3205,0,GggggrrrrrrrrrggGGgrrrrr,3207.0
3210,2,rGGGGrrrrrrrrrggrrGrrrrr,3215.0
3215,3,ryyyyrrrrrrrrryyrryrrrrr,3218.0
3220,4,rrrrrgGGggggggrrrrrrrrrr,3223.0
3225,5,rrrrryyyyyyyyyrrrrrrrrrr,3226.0
3230,6,rrrrrrrrrrrrrrrrrrrGGGGG,3231.0
3235,7,rrrrrrrrrrrrrrrrrrrrrrrr,3236.0
3240,0,GggggrrrrrrrrrggGGgrrrrr,3241.0
3245,2,rGGGGrrrrrrrrrggrrGrrrrr,3249.0
3250,2,rGGGGrrrrrrrrrggrrGrrrrr,3251.0
3255,3,ryyyyrrrrrrrrryyrryrrrrr,3256.0
3260,4,rrrrrgGGggggggrrrrrrrrrr,3261.0
3265,4,rrrrrgGGggggggrrrrrrrrrr,3266.0
3270,6,rrrrrrrrrrrrrrrrrrrGGGGG,3274.0
3275,7,rrrrrrrrrrrrrrrrrrrrrrrr,3279.0
3280,0,GggggrrrrrrrrrggGGgrrrrr,3284.0
3285,0,GggggrrrrrrrrrggGGgrrrrr,3286.0
3290,0,GggggrrrrrrrrrggGGgrrrrr,3291.0
3295,0,GggggrrrrrrrrrggGGgrrrrr,3297.0
3300,1,yggggrrrrrrrrrggyygrrrrr,3302.0
3305,2,rGGGGrrrrrrrrrggrrGrrrrr,3307.0
3310,4,rrrrrgGGggggggrrrrrrrrrr,3315.0
3315,4,rrrrrgGGggggggrrrrrrrrrr,3316.0
3320,6,rrrrrrrrrrrrrrrrrrrGGGGG,3325.0
3325,7,rrrrrrrrrrrrrrrrrrrrrrrr,3330.0
3330,0,GggggrrrrrrrrrggGGgrrrrr,3335.0
3335,0,GggggrrrrrrrrrggGGgrrrrr,3336.0
3340,2,rGGGGrrrrrrrrrggrrGrrrrr,3344.0
3345,3,ryyyyrrrrrrrrryyrryrrrrr,3347.0
3350,4,rrrrrgGGggggggrrrrrrrrrr,3352.0
3355,5,rrrrryyyyyyyyyrrrrrrrrrr,3357.0
3360,6,rrrrrrrrrrrrrrrrrrrGGGGG,3362.0
3365,7,rrrrrrrrrrrrrrrrrrrrrrrr,3367.0
3370,0,GggggrrrrrrrrrggGGgrrrrr,3372.0
3375,2,rGGGGrrrrrrrrrggrrGrrrrr,3380.0
3380,3,ryyyyrrrrrrrrryyrryrrrrr,3383.0
3385,4,rrrrrgGGggggggrrrrrrrrrr,3388.0
3390,5,rrrrryyyyyyyyyrrrrrrrrrr,3391.0
3395,6,rrrrrrrrrrrrrrrrrrrGGGGG,3396.0
3400,7,rrrrrrrrrrrrrrrrrrrrrrrr,3401.0
3405,0,GggggrrrrrrrrrggGGgrrrrr,3406.0
3410,0,GggggrrrrrrrrrggGGgrrrrr,3411.0
3415,0,GggggrrrrrrrrrggGGgrrrrr,3416.0
3420,2,rGGGGrrrrrrrrrggrrGrrrrr,3425.0
3425,3,ryyyyrrrrrrrrryyrryrrrrr,3428.0
3430,4,rrrrrgGGggggggrrrrrrrrrr,3433.0
3435,4,rrrrrgGGggggggrrrrrrrrrr,3436.0
3440,5,rrrrryyyyyyyyyrrrrrrrrrr,3441.0
3445,6,rrrrrrrrrrrrrrrrrrrGGGGG,3446.0
3450,7,rrrrrrrrrrrrrrrrrrrrrrrr,3451.0
3455,0,GggggrrrrrrrrrggGGgrrrrr,3456.0
3460,0,GggggrrrrrrrrrggGGgrrrrr,3461.0
3465,2,rGGGGrrrrrrrrrggrrGrrrrr,3469.0
3470,3,ryyyyrrrrrrrrryyrryrrrrr,3472.0
3475,4,rrrrrgGGggggggrrrrrrrrrr,3477.0
3480,6,rrrrrrrrrrrrrrrrrrrGGGGG,3485.0
3485,7,rrrrrrrrrrrrrrrrrrrrrrrr,3490.0
3490,0,GggggrrrrrrrrrggGGgrrrrr,3495.0
3495,1,yggggrrrrrrrrrggyygrrrrr,3498.0
3500,2,rGGGGrrrrrrrrrggrrGrrrrr,3503.0
3505,3,ryyyyrrrrrrrrryyrryrrrrr,3506.0
3510,4,rrrrrgGGggggggrrrrrrrrrr,3511.0
3515,6,rrrrrrrrrrrrrrrrrrrGGGGG,3519.0
3520,7,rrrrrrrrrrrrrrrrrrrrrrrr,3524.0
3525,0,GggggrrrrrrrrrggGGgrrrrr,3529.0
3530,0,GggggrrrrrrrrrggGGgrrrrr,3531.0
3535,1,yggggrrrrrrrrrggyygrrrrr,3537.0
3540,2,rGGGGrrrrrrrrrggrrGrrrrr,3542.0
3545,3,ryyyyrrrrrrrrryyrryrrrrr,3548.0
3550,4,rrrrrgGGggggggrrrrrrrrrr,3553.0
3555,5,rrrrryyyyyyyyyrrrrrrrrrr,3556.0
3560,6,rrrrrrrrrrrrrrrrrrrGGGGG,3561.0
3565,7,rrrrrrrrrrrrrrrrrrrrrrrr,3566.0
3570,0,GggggrrrrrrrrrggGGgrrrrr,3571.0
3575,2,rGGGGrrrrrrrrrggrrGrrrrr,3579.0
3580,3,ryyyyrrrrrrrrryyrryrrrrr,3582.0
3585,4,rrrrrgGGggggggrrrrrrrrrr,3587.0
3590,6,rrrrrrrrrrrrrrrrrrrGGGGG,3595.0
3595,7,rrrrrrrrrrrrrrrrrrrrrrrr,3600.0
3600,0,GggggrrrrrrrrrggGGgrrrrr,3605.0
3605,0,GggggrrrrrrrrrggGGgrrrrr,3607.0
3610,0,GggggrrrrrrrrrggGGgrrrrr,3611.0
3615,2,rGGGGrrrrrrrrrggrrGrrrrr,3619.0
3620,3,ryyyyrrrrrrrrryyrryrrrrr,3622.0
3625,4,rrrrrgGGggggggrrrrrrrrrr,3627.0
3630,6,rrrrrrrrrrrrrrrrrrrGGGGG,3635.0
3635,7,rrrrrrrrrrrrrrrrrrrrrrrr,3640.0
3640,0,GggggrrrrrrrrrggGGgrrrrr,3645.0
3645,0,GggggrrrrrrrrrggGGgrrrrr,3647.0
3650,0,GggggrrrrrrrrrggGGgrrrrr,3651.0
3655,2,rGGGGrrrrrrrrrggrrGrrrrr,3660.0
3660,3,ryyyyrrrrrrrrryyrryrrrrr,3663.0
3665,4,rrrrrgGGggggggrrrrrrrrrr,3668.0
3670,5,rrrrryyyyyyyyyrrrrrrrrrr,3671.0
3675,6,rrrrrrrrrrrrrrrrrrrGGGGG,3676.0
3680,7,rrrrrrrrrrrrrrrrrrrrrrrr,3681.0
3685,0,GggggrrrrrrrrrggGGgrrrrr,3686.0
3690,2,rGGGGrrrrrrrrrggrrGrrrrr,3694.0
3695,2,rGGGGrrrrrrrrrggrrGrrrrr,3697.0
3700,3,ryyyyrrrrrrrrryyrryrrrrr,3702.0
3705,4,rrrrrgGGggggggrrrrrrrrrr,3707.0
3710,4,rrrrrgGGggggggrrrrrrrrrr,3711.0
3715,5,rrrrryyyyyyyyyrrrrrrrrrr,3716.0
3720,6,rrrrrrrrrrrrrrrrrrrGGGGG,3721.0
3725,7,rrrrrrrrrrrrrrrrrrrrrrrr,3726.0
3730,0,GggggrrrrrrrrrggGGgrrrrr,3731.0
3735,1,yggggrrrrrrrrrggyygrrrrr,3736.0
3740,2,rGGGGrrrrrrrrrggrrGrrrrr,3741.0
3745,2,rGGGGrrrrrrrrrggrrGrrrrr,3747.0
3750,3,ryyyyrrrrrrrrryyrryrrrrr,3752.0
3755,4,rrrrrgGGggggggrrrrrrrrrr,3757.0
3760,6,rrrrrrrrrrrrrrrrrrrGGGGG,3765.0
3765,7,rrrrrrrrrrrrrrrrrrrrrrrr,3770.0
3770,0,GggggrrrrrrrrrggGGgrrrrr,3775.0
3775,0,GggggrrrrrrrrrggGGgrrrrr,3777.0
3780,0,GggggrrrrrrrrrggGGgrrrrr,3782.0
3785,1,yggggrrrrrrrrrggyygrrrrr,3787.0
3790,2,rGGGGrrrrrrrrrggrrGrrrrr,3792.0
3795,4,rrrrrgGGggggggrrrrrrrrrr,3800.0
3800,5,rrrrryyyyyyyyyrrrrrrrrrr,3803.0
3805,6,rrrrrrrrrrrrrrrrrrrGGGGG,3808.0
3810,7,rrrrrrrrrrrrrrrrrrrrrrrr,3813.0
3815,0,GggggrrrrrrrrrggGGgrrrrr,3818.0
3820,1,yggggrrrrrrrrrggyygrrrrr,3821.0
3825,2,rGGGGrrrrrrrrrggrrGrrrrr,3826.0
3830,4,rrrrrgGGggggggrrrrrrrrrr,3834.0
3835,5,rrrrryyyyyyyyyrrrrrrrrrr,3837.0
3840,6,rrrrrrrrrrrrrrrrrrrGGGGG,3842.0
3845,7,rrrrrrrrrrrrrrrrrrrrrrrr,3847.0
3850,0,GggggrrrrrrrrrggGGgrrrrr,3852.0
3855,0,GggggrrrrrrrrrggGGgrrrrr,3856.0
3860,2,rGGGGrrrrrrrrrggrrGrrrrr,3864.0
3865,3,ryyyyrrrrrrrrryyrryrrrrr,3868.0
3870,4,rrrrrgGGggggggrrrrrrrrrr,3873.0
3875,5,rrrrryyyyyyyyyrrrrrrrrrr,3876.0
3880,6,rrrrrrrrrrrrrrrrrrrGGGGG,3881.0
3885,7,rrrrrrrrrrrrrrrrrrrrrrrr,3886.0
3890,0,GggggrrrrrrrrrggGGgrrrrr,3891.0
3895,1,yggggrrrrrrrrrggyygrrrrr,3898.0
3900,2,rGGGGrrrrrrrrrggrrGrrrrr,3903.0
3905,3,ryyyyrrrrrrrrryyrryrrrrr,3906.0
3910,4,rrrrrgGGggggggrrrrrrrrrr,3911.0
3915,6,rrrrrrrrrrrrrrrrrrrGGGGG,3919.0
3920,7,rrrrrrrrrrrrrrrrrrrrrrrr,3924.0
3925,0,GggggrrrrrrrrrggGGgrrrrr,3929.0
3930,1,yggggrrrrrrrrrggyygrrrrr,3932.0
3935,2,rGGGGrrrrrrrrrggrrGrrrrr,3937.0
3940,4,rrrrrgGGggggggrrrrrrrrrr,3945.0
3945,5,rrrrryyyyyyyyyrrrrrrrrrr,3948.0
3950,6,rrrrrrrrrrrrrrrrrrrGGGGG,3953.0
3955,7,rrrrrrrrrrrrrrrrrrrrrrrr,3958.0
3960,0,GggggrrrrrrrrrggGGgrrrrr,3963.0
3965,0,GggggrrrrrrrrrggGGgrrrrr,3966.0
3970,2,rGGGGrrrrrrrrrggrrGrrrrr,3975.0
3975,3,ryyyyrrrrrrrrryyrryrrrrr,3978.0
3980,4,rrrrrgGGggggggrrrrrrrrrr,3983.0
3985,5,rrrrryyyyyyyyyrrrrrrrrrr,3986.0
3990,6,rrrrrrrrrrrrrrrrrrrGGGGG,3991.0
3995,7,rrrrrrrrrrrrrrrrrrrrrrrr,3996.0
4000,0,GggggrrrrrrrrrggGGgrrrrr,4001.0
4005,2,rGGGGrrrrrrrrrggrrGrrrrr,4009.0
4010,3,ryyyyrrrrrrrrryyrryrrrrr,4012.0
4015,4,rrrrrgGGggggggrrrrrrrrrr,4017.0
4020,6,rrrrrrrrrrrrrrrrrrrGGGGG,4025.0
4025,7,rrrrrrrrrrrrrrrrrrrrrrrr,4030.0
4030,0,GggggrrrrrrrrrggGGgrrrrr,4035.0
4035,1,yggggrrrrrrrrrggyygrrrrr,4038.0
4040,2,rGGGGrrrrrrrrrggrrGrrrrr,4043.0
4045,3,ryyyyrrrrrrrrryyrryrrrrr,4047.0
4050,4,rrrrrgGGggggggrrrrrrrrrr,4052.0
4055,6,rrrrrrrrrrrrrrrrrrrGGGGG,4060.0
4060,7,rrrrrrrrrrrrrrrrrrrrrrrr,4065.0
4065,0,GggggrrrrrrrrrggGGgrrrrr,4070.0
4070,1,yggggrrrrrrrrrggyygrrrrr,4073.0
4075,2,rGGGGrrrrrrrrrggrrGrrrrr,4078.0
4080,2,rGGGGrrrrrrrrrggrrGrrrrr,4082.0
4085,3,ryyyyrrrrrrrrryyrryrrrrr,4086.0
4090,4,rrrrrgGGggggggrrrrrrrrrr,4091.0
4095,6,rrrrrrrrrrrrrrrrrrrGGGGG,4099.0
4100,7,rrrrrrrrrrrrrrrrrrrrrrrr,4104.0
4105,0,GggggrrrrrrrrrggGGgrrrrr,4109.0
4110,1,yggggrrrrrrrrrggyygrrrrr,4112.0
4115,2,rGGGGrrrrrrrrrggrrGrrrrr,4117.0
4120,4,rrrrrgGGggggggrrrrrrrrrr,4125.0
4125,5,rrrrryyyyyyyyyrrrrrrrrrr,4128.0
4130,6,rrrrrrrrrrrrrrrrrrrGGGGG,4133.0
4135,7,rrrrrrrrrrrrrrrrrrrrrrrr,4138.0
4140,0,GggggrrrrrrrrrggGGgrrrrr,4143.0
4145,1,yggggrrrrrrrrrggyygrrrrr,4146.0
4150,2,rGGGGrrrrrrrrrggrrGrrrrr,4151.0
4155,4,rrrrrgGGggggggrrrrrrrrrr,4159.0
4160,5,rrrrryyyyyyyyyrrrrrrrrrr,4162.0
4165,6,rrrrrrrrrrrrrrrrrrrGGGGG,4167.0
4170,7,rrrrrrrrrrrrrrrrrrrrrrrr,4172.0
4175,0,GggggrrrrrrrrrggGGgrrrrr,4177.0
4180,2,rGGGGrrrrrrrrrggrrGrrrrr,4185.0
4185,3,ryyyyrrrrrrrrryyrryrrrrr,4188.0
4190,4,rrrrrgGGggggggrrrrrrrrrr,4193.0
4195,5,rrrrryyyyyyyyyrrrrrrrrrr,4196.0
4200,6,rrrrrrrrrrrrrrrrrrrGGGGG,4201.0
4205,7,rrrrrrrrrrrrrrrrrrrrrrrr,4206.0
4210,0,GggggrrrrrrrrrggGGgrrrrr,4211.0
4215,2,rGGGGrrrrrrrrrggrrGrrrrr,4219.0
4220,3,ryyyyrrrrrrrrryyrryrrrrr,4222.0
4225,4,rrrrrgGGggggggrrrrrrrrrr,4227.0
4230,6,rrrrrrrrrrrrrrrrrrrGGGGG,4235.0
4235,7,rrrrrrrrrrrrrrrrrrrrrrrr,4240.0
4240,0,GggggrrrrrrrrrggGGgrrrrr,4245.0
4245,1,yggggrrrrrrrrrggyygrrrrr,4248.0
4250,2,rGGGGrrrrrrrrrggrrGrrrrr,4253.0
4255,3,ryyyyrrrrrrrrryyrryrrrrr,4256.0
4260,4,rrrrrgGGggggggrrrrrrrrrr,4261.0
4265,5,rrrrryyyyyyyyyrrrrrrrrrr,4267.0
4270,6,rrrrrrrrrrrrrrrrrrrGGGGG,4272.0
4275,7,rrrrrrrrrrrrrrrrrrrrrrrr,4277.0
4280,0,GggggrrrrrrrrrggGGgrrrrr,4282.0
4285,2,rGGGGrrrrrrrrrggrrGrrrrr,4290.0
4290,3,ryyyyrrrrrrrrryyrryrrrrr,4293.0
4295,4,rrrrrgGGggggggrrrrrrrrrr,4298.0
4300,5,rrrrryyyyyyyyyrrrrrrrrrr,4301.0
4305,6,rrrrrrrrrrrrrrrrrrrGGGGG,4306.0
4310,7,rrrrrrrrrrrrrrrrrrrrrrrr,4311.0
4315,0,GggggrrrrrrrrrggGGgrrrrr,4316.0
4320,2,rGGGGrrrrrrrrrggrrGrrrrr,4324.0
4325,3,ryyyyrrrrrrrrryyrryrrrrr,4327.0
4330,4,rrrrrgGGggggggrrrrrrrrrr,4332.0
4335,6,rrrrrrrrrrrrrrrrrrrGGGGG,4340.0
4340,7,rrrrrrrrrrrrrrrrrrrrrrrr,4345.0
4345,0,GggggrrrrrrrrrggGGgrrrrr,4350.0
4350,1,yggggrrrrrrrrrggyygrrrrr,4353.0
4355,2,rGGGGrrrrrrrrrggrrGrrrrr,4358.0
4360,3,ryyyyrrrrrrrrryyrryrrrrr,4361.0
4365,4,rrrrrgGGggggggrrrrrrrrrr,4366.0
4370,6,rrrrrrrrrrrrrrrrrrrGGGGG,4374.0
4375,7,rrrrrrrrrrrrrrrrrrrrrrrr,4379.0
4380,0,GggggrrrrrrrrrggGGgrrrrr,4384.0
4385,1,yggggrrrrrrrrrggyygrrrrr,4387.0
4390,2,rGGGGrrrrrrrrrggrrGrrrrr,4392.0
4395,4,rrrrrgGGggggggrrrrrrrrrr,4400.0
4400,5,rrrrryyyyyyyyyrrrrrrrrrr,4403.0
4405,6,rrrrrrrrrrrrrrrrrrrGGGGG,4408.0
4410,7,rrrrrrrrrrrrrrrrrrrrrrrr,4413.0
4415,0,GggggrrrrrrrrrggGGgrrrrr,4418.0
4420,1,yggggrrrrrrrrrggyygrrrrr,4421.0
4425,2,rGGGGrrrrrrrrrggrrGrrrrr,4426.0
4430,4,rrrrrgGGggggggrrrrrrrrrr,4434.0
4435,5,rrrrryyyyyyyyyrrrrrrrrrr,4437.0
4440,6,rrrrrrrrrrrrrrrrrrrGGGGG,4442.0
4445,7,rrrrrrrrrrrrrrrrrrrrrrrr,4447.0
4450,0,GggggrrrrrrrrrggGGgrrrrr,4452.0
4455,2,rGGGGrrrrrrrrrggrrGrrrrr,4460.0
4460,3,ryyyyrrrrrrrrryyrryrrrrr,4463.0
4465,4,rrrrrgGGggggggrrrrrrrrrr,4468.0
4470,5,rrrrryyyyyyyyyrrrrrrrrrr,4471.0
4475,6,rrrrrrrrrrrrrrrrrrrGGGGG,4476.0
4480,7,rrrrrrrrrrrrrrrrrrrrrrrr,4481.0
4485,0,GggggrrrrrrrrrggGGgrrrrr,4486.0
4490,2,rGGGGrrrrrrrrrggrrGrrrrr,4494.0
4495,3,ryyyyrrrrrrrrryyrryrrrrr,4497.0
4500,4,rrrrrgGGggggggrrrrrrrrrr,4502.0
4505,6,rrrrrrrrrrrrrrrrrrrGGGGG,4510.0
4510,7,rrrrrrrrrrrrrrrrrrrrrrrr,4515.0
4515,0,GggggrrrrrrrrrggGGgrrrrr,4520.0
4520,1,yggggrrrrrrrrrggyygrrrrr,4523.0
4525,2,rGGGGrrrrrrrrrggrrGrrrrr,4528.0
4530,3,ryyyyrrrrrrrrryyrryrrrrr,4532.0
4535,4,rrrrrgGGggggggrrrrrrrrrr,4537.0
4540,6,rrrrrrrrrrrrrrrrrrrGGGGG,4545.0
4545,7,rrrrrrrrrrrrrrrrrrrrrrrr,4550.0
4550,0,GggggrrrrrrrrrggGGgrrrrr,4555.0
4555,1,yggggrrrrrrrrrggyygrrrrr,4558.0
4560,2,rGGGGrrrrrrrrrggrrGrrrrr,4563.0
4565,3,ryyyyrrrrrrrrryyrryrrrrr,4566.0
4570,4,rrrrrgGGggggggrrrrrrrrrr,4571.0
4575,6,rrrrrrrrrrrrrrrrrrrGGGGG,4579.0
4580,7,rrrrrrrrrrrrrrrrrrrrrrrr,4584.0
4585,0,GggggrrrrrrrrrggGGgrrrrr,4589.0
4590,1,yggggrrrrrrrrrggyygrrrrr,4592.0
4595,2,rGGGGrrrrrrrrrggrrGrrrrr,4597.0
4600,4,rrrrrgGGggggggrrrrrrrrrr,4605.0
4605,5,rrrrryyyyyyyyyrrrrrrrrrr,4608.0
4610,6,rrrrrrrrrrrrrrrrrrrGGGGG,4613.0
4615,7,rrrrrrrrrrrrrrrrrrrrrrrr,4618.0
4620,0,GggggrrrrrrrrrggGGgrrrrr,4623.0
4625,1,yggggrrrrrrrrrggyygrrrrr,4626.0
4630,2,rGGGGrrrrrrrrrggrrGrrrrr,4631.0
4635,4,rrrrrgGGggggggrrrrrrrrrr,4639.0
4640,5,rrrrryyyyyyyyyrrrrrrrrrr,4642.0
4645,6,rrrrrrrrrrrrrrrrrrrGGGGG,4647.0
4650,7,rrrrrrrrrrrrrrrrrrrrrrrr,4652.0
4655,0,GggggrrrrrrrrrggGGgrrrrr,4657.0
4660,2,rGGGGrrrrrrrrrggrrGrrrrr,4665.0
4665,3,ryyyyrrrrrrrrryyrryrrrrr,4668.0
4670,4,rrrrrgGGggggggrrrrrrrrrr,4673.0
4675,5,rrrrryyyyyyyyyrrrrrrrrrr,4676.0
4680,6,rrrrrrrrrrrrrrrrrrrGGGGG,4681.0
4685,7,rrrrrrrrrrrrrrrrrrrrrrrr,4686.0
4690,0,GggggrrrrrrrrrggGGgrrrrr,4691.0
4695,2,rGGGGrrrrrrrrrggrrGrrrrr,4699.0
4700,3,ryyyyrrrrrrrrryyrryrrrrr,4702.0
4705,4,rrrrrgGGggggggrrrrrrrrrr,4707.0
4710,6,rrrrrrrrrrrrrrrrrrrGGGGG,4715.0
4715,7,rrrrrrrrrrrrrrrrrrrrrrrr,4720.0
4720,0,GggggrrrrrrrrrggGGgrrrrr,4725.0
4725,1,yggggrrrrrrrrrggyygrrrrr,4728.0
4730,2,rGGGGrrrrrrrrrggrrGrrrrr,4733.0
4735,3,ryyyyrrrrrrrrryyrryrrrrr,4736.0
4740,4,rrrrrgGGggggggrrrrrrrrrr,4741.0
4745,6,rrrrrrrrrrrrrrrrrrrGGGGG,4749.0
4750,7,rrrrrrrrrrrrrrrrrrrrrrrr,4754.0
4755,0,GggggrrrrrrrrrggGGgrrrrr,4759.0
4760,1,yggggrrrrrrrrrggyygrrrrr,4762.0
4765,2,rGGGGrrrrrrrrrggrrGrrrrr,4767.0
4770,4,rrrrrgGGggggggrrrrrrrrrr,4775.0
4775,5,rrrrryyyyyyyyyrrrrrrrrrr,4778.0
4780,6,rrrrrrrrrrrrrrrrrrrGGGGG,4783.0
4785,7,rrrrrrrrrrrrrrrrrrrrrrrr,4788.0
4790,0,GggggrrrrrrrrrggGGgrrrrr,4793.0
4795,1,yggggrrrrrrrrrggyygrrrrr,4796.0
4800,2,rGGGGrrrrrrrrrggrrGrrrrr,4801.0
4805,4,rrrrrgGGggggggrrrrrrrrrr,4809.0
4810,5,rrrrryyyyyyyyyrrrrrrrrrr,4812.0
4815,6,rrrrrrrrrrrrrrrrrrrGGGGG,4817.0
4820,7,rrrrrrrrrrrrrrrrrrrrrrrr,4822.0
4825,0,GggggrrrrrrrrrggGGgrrrrr,4827.0
4830,2,rGGGGrrrrrrrrrggrrGrrrrr,4835.0
4835,3,ryyyyrrrrrrrrryyrryrrrrr,4838.0
4840,4,rrrrrgGGggggggrrrrrrrrrr,4843.0
4845,5,rrrrryyyyyyyyyrrrrrrrrrr,4846.0
4850,6,rrrrrrrrrrrrrrrrrrrGGGGG,4851.0
4855,7,rrrrrrrrrrrrrrrrrrrrrrrr,4856.0
4860,0,GggggrrrrrrrrrggGGgrrrrr,4861.0
4865,2,rGGGGrrrrrrrrrggrrGrrrrr,4869.0
4870,3,ryyyyrrrrrrrrryyrryrrrrr,4872.0
4875,4,rrrrrgGGggggggrrrrrrrrrr,4877.0
4880,6,rrrrrrrrrrrrrrrrrrrGGGGG,4885.0
4885,7,rrrrrrrrrrrrrrrrrrrrrrrr,4890.0
4890,0,GggggrrrrrrrrrggGGgrrrrr,4895.0
4895,1,yggggrrrrrrrrrggyygrrrrr,4898.0
4900,2,rGGGGrrrrrrrrrggrrGrrrrr,4903.0
4905,3,ryyyyrrrrrrrrryyrryrrrrr,4906.0
4910,4,rrrrrgGGggggggrrrrrrrrrr,4911.0
4915,6,rrrrrrrrrrrrrrrrrrrGGGGG,4919.0
4920,7,rrrrrrrrrrrrrrrrrrrrrrrr,4924.0
4925,0,GggggrrrrrrrrrggGGgrrrrr,4929.0
4930,1,yggggrrrrrrrrrggyygrrrrr,4932.0
4935,2,rGGGGrrrrrrrrrggrrGrrrrr,4937.0
4940,4,rrrrrgGGggggggrrrrrrrrrr,4945.0
4945,5,rrrrryyyyyyyyyrrrrrrrrrr,4948.0
4950,6,rrrrrrrrrrrrrrrrrrrGGGGG,4953.0
4955,7,rrrrrrrrrrrrrrrrrrrrrrrr,4958.0
4960,0,GggggrrrrrrrrrggGGgrrrrr,4963.0
4965,1,yggggrrrrrrrrrggyygrrrrr,4966.0
4970,2,rGGGGrrrrrrrrrggrrGrrrrr,4971.0
4975,4,rrrrrgGGggggggrrrrrrrrrr,4979.0
4980,5,rrrrryyyyyyyyyrrrrrrrrrr,4982.0
4985,6,rrrrrrrrrrrrrrrrrrrGGGGG,4987.0
4990,7,rrrrrrrrrrrrrrrrrrrrrrrr,4992.0
4995,0,GggggrrrrrrrrrggGGgrrrrr,4997.0
5000,2,rGGGGrrrrrrrrrggrrGrrrrr,5005.0
5005,3,ryyyyrrrrrrrrryyrryrrrrr,5008.0
5010,4,rrrrrgGGggggggrrrrrrrrrr,5013.0
5015,5,rrrrryyyyyyyyyrrrrrrrrrr,5016.0
5020,6,rrrrrrrrrrrrrrrrrrrGGGGG,5021.0
5025,7,rrrrrrrrrrrrrrrrrrrrrrrr,5026.0
5030,0,GggggrrrrrrrrrggGGgrrrrr,5031.0
5035,2,rGGGGrrrrrrrrrggrrGrrrrr,5039.0
5040,3,ryyyyrrrrrrrrryyrryrrrrr,5042.0
5045,4,rrrrrgGGggggggrrrrrrrrrr,5047.0
5050,6,rrrrrrrrrrrrrrrrrrrGGGGG,5055.0
5055,7,rrrrrrrrrrrrrrrrrrrrrrrr,5060.0
5060,0,GggggrrrrrrrrrggGGgrrrrr,5065.0
5065,1,yggggrrrrrrrrrggyygrrrrr,5068.0
5070,2,rGGGGrrrrrrrrrggrrGrrrrr,5073.0
5075,3,ryyyyrrrrrrrrryyrryrrrrr,5076.0
5080,4,rrrrrgGGggggggrrrrrrrrrr,5081.0
5085,6,rrrrrrrrrrrrrrrrrrrGGGGG,5089.0
5090,7,rrrrrrrrrrrrrrrrrrrrrrrr,5094.0
5095,0,GggggrrrrrrrrrggGGgrrrrr,5099.0
5100,1,yggggrrrrrrrrrggyygrrrrr,5102.0
5105,2,rGGGGrrrrrrrrrggrrGrrrrr,5107.0
5110,4,rrrrrgGGggggggrrrrrrrrrr,5115.0
5115,5,rrrrryyyyyyyyyrrrrrrrrrr,5118.0
5120,6,rrrrrrrrrrrrrrrrrrrGGGGG,5123.0
5125,7,rrrrrrrrrrrrrrrrrrrrrrrr,5128.0
5130,0,GggggrrrrrrrrrggGGgrrrrr,5133.0
5135,1,yggggrrrrrrrrrggyygrrrrr,5136.0
5140,2,rGGGGrrrrrrrrrggrrGrrrrr,5141.0
5145,4,rrrrrgGGggggggrrrrrrrrrr,5149.0
5150,5,rrrrryyyyyyyyyrrrrrrrrrr,5152.0
5155,6,rrrrrrrrrrrrrrrrrrrGGGGG,5157.0
5160,7,rrrrrrrrrrrrrrrrrrrrrrrr,5162.0
5165,0,GggggrrrrrrrrrggGGgrrrrr,5167.0
5170,2,rGGGGrrrrrrrrrggrrGrrrrr,5175.0
5175,3,ryyyyrrrrrrrrryyrryrrrrr,5178.0
5180,4,rrrrrgGGggggggrrrrrrrrrr,5183.0
5185,5,rrrrryyyyyyyyyrrrrrrrrrr,5186.0
5190,6,rrrrrrrrrrrrrrrrrrrGGGGG,5191.0
5195,7,rrrrrrrrrrrrrrrrrrrrrrrr,5196.0
5200,0,GggggrrrrrrrrrggGGgrrrrr,5201.0
5205,2,rGGGGrrrrrrrrrggrrGrrrrr,5209.0
5210,3,ryyyyrrrrrrrrryyrryrrrrr,5212.0
5215,4,rrrrrgGGggggggrrrrrrrrrr,5217.0
5220,6,rrrrrrrrrrrrrrrrrrrGGGGG,5225.0
5225,7,rrrrrrrrrrrrrrrrrrrrrrrr,5230.0
5230,0,GggggrrrrrrrrrggGGgrrrrr,5235.0
5235,1,yggggrrrrrrrrrggyygrrrrr,5238.0
5240,2,rGGGGrrrrrrrrrggrrGrrrrr,5243.0
5245,3,ryyyyrrrrrrrrryyrryrrrrr,5246.0
5250,4,rrrrrgGGggggggrrrrrrrrrr,5251.0
5255,6,rrrrrrrrrrrrrrrrrrrGGGGG,5259.0
5260,7,rrrrrrrrrrrrrrrrrrrrrrrr,5264.0
5265,0,GggggrrrrrrrrrggGGgrrrrr,5269.0
5270,1,yggggrrrrrrrrrggyygrrrrr,5272.0
5275,2,rGGGGrrrrrrrrrggrrGrrrrr,5277.0
5280,2,rGGGGrrrrrrrrrggrrGrrrrr,5281.0
5285,4,rrrrrgGGggggggrrrrrrrrrr,5289.0
5290,5,rrrrryyyyyyyyyrrrrrrrrrr,5292.0
5295,6,rrrrrrrrrrrrrrrrrrrGGGGG,5297.0
5300,7,rrrrrrrrrrrrrrrrrrrrrrrr,5302.0
5305,0,GggggrrrrrrrrrggGGgrrrrr,5307.0
5310,2,rGGGGrrrrrrrrrggrrGrrrrr,5315.0
5315,3,ryyyyrrrrrrrrryyrryrrrrr,5318.0
5320,4,rrrrrgGGggggggrrrrrrrrrr,5323.0
5325,5,rrrrryyyyyyyyyrrrrrrrrrr,5326.0
5330,6,rrrrrrrrrrrrrrrrrrrGGGGG,5331.0
5335,7,rrrrrrrrrrrrrrrrrrrrrrrr,5336.0
5340,0,GggggrrrrrrrrrggGGgrrrrr,5341.0
5345,2,rGGGGrrrrrrrrrggrrGrrrrr,5349.0
5350,3,ryyyyrrrrrrrrryyrryrrrrr,5352.0
5355,4,rrrrrgGGggggggrrrrrrrrrr,5357.0
5360,6,rrrrrrrrrrrrrrrrrrrGGGGG,5365.0
5365,7,rrrrrrrrrrrrrrrrrrrrrrrr,5370.0
5370,0,GggggrrrrrrrrrggGGgrrrrr,5375.0
5375,1,yggggrrrrrrrrrggyygrrrrr,5378.0
5380,2,rGGGGrrrrrrrrrggrrGrrrrr,5383.0
5385,3,ryyyyrrrrrrrrryyrryrrrrr,5386.0
5390,4,rrrrrgGGggggggrrrrrrrrrr,5391.0
5395,6,rrrrrrrrrrrrrrrrrrrGGGGG,5399.0
5400,7,rrrrrrrrrrrrrrrrrrrrrrrr,5404.0
5405,0,GggggrrrrrrrrrggGGgrrrrr,5409.0
5410,1,yggggrrrrrrrrrggyygrrrrr,5412.0
5415,2,rGGGGrrrrrrrrrggrrGrrrrr,5417.0
5420,4,rrrrrgGGggggggrrrrrrrrrr,5425.0
5425,5,rrrrryyyyyyyyyrrrrrrrrrr,5428.0
5430,6,rrrrrrrrrrrrrrrrrrrGGGGG,5433.0
5435,7,rrrrrrrrrrrrrrrrrrrrrrrr,5438.0
5440,0,GggggrrrrrrrrrggGGgrrrrr,5443.0
5445,1,yggggrrrrrrrrrggyygrrrrr,5446.0
5450,2,rGGGGrrrrrrrrrggrrGrrrrr,5451.0
5455,4,rrrrrgGGggggggrrrrrrrrrr,5459.0
5460,5,rrrrryyyyyyyyyrrrrrrrrrr,5462.0
5465,6,rrrrrrrrrrrrrrrrrrrGGGGG,5467.0
5470,7,rrrrrrrrrrrrrrrrrrrrrrrr,5472.0
5475,0,GggggrrrrrrrrrggGGgrrrrr,5477.0
5480,2,rGGGGrrrrrrrrrggrrGrrrrr,5485.0
5485,3,ryyyyrrrrrrrrryyrryrrrrr,5488.0
5490,4,rrrrrgGGggggggrrrrrrrrrr,5493.0
5495,5,rrrrryyyyyyyyyrrrrrrrrrr,5496.0
5500,6,rrrrrrrrrrrrrrrrrrrGGGGG,5501.0
5505,7,rrrrrrrrrrrrrrrrrrrrrrrr,5506.0
5510,0,GggggrrrrrrrrrggGGgrrrrr,5511.0
5515,2,rGGGGrrrrrrrrrggrrGrrrrr,5519.0
5520,3,ryyyyrrrrrrrrryyrryrrrrr,5522.0
5525,4,rrrrrgGGggggggrrrrrrrrrr,5527.0
5530,6,rrrrrrrrrrrrrrrrrrrGGGGG,5535.0
5535,7,rrrrrrrrrrrrrrrrrrrrrrrr,5540.0
5540,0,GggggrrrrrrrrrggGGgrrrrr,5545.0
5545,1,yggggrrrrrrrrrggyygrrrrr,5548.0
5550,2,rGGGGrrrrrrrrrggrrGrrrrr,5553.0
5555,3,ryyyyrrrrrrrrryyrryrrrrr,5556.0
5560,4,rrrrrgGGggggggrrrrrrrrrr,5561.0
5565,6,rrrrrrrrrrrrrrrrrrrGGGGG,5569.0
5570,7,rrrrrrrrrrrrrrrrrrrrrrrr,5574.0
5575,0,GggggrrrrrrrrrggGGgrrrrr,5579.0
5580,1,yggggrrrrrrrrrggyygrrrrr,5582.0
5585,2,rGGGGrrrrrrrrrggrrGrrrrr,5587.0
5590,4,rrrrrgGGggggggrrrrrrrrrr,5595.0
5595,5,rrrrryyyyyyyyyrrrrrrrrrr,5598.0
5600,6,rrrrrrrrrrrrrrrrrrrGGGGG,5603.0
5605,7,rrrrrrrrrrrrrrrrrrrrrrrr,5608.0
5610,0,GggggrrrrrrrrrggGGgrrrrr,5613.0
5615,1,yggggrrrrrrrrrggyygrrrrr,5616.0
5620,2,rGGGGrrrrrrrrrggrrGrrrrr,5621.0
5625,4,rrrrrgGGggggggrrrrrrrrrr,5629.0
5630,5,rrrrryyyyyyyyyrrrrrrrrrr,5632.0
5635,6,rrrrrrrrrrrrrrrrrrrGGGGG,5637.0
5640,7,rrrrrrrrrrrrrrrrrrrrrrrr,5642.0
5645,0,GggggrrrrrrrrrggGGgrrrrr,5647.0
5650,2,rGGGGrrrrrrrrrggrrGrrrrr,5655.0
5655,3,ryyyyrrrrrrrrryyrryrrrrr,5658.0
5660,4,rrrrrgGGggggggrrrrrrrrrr,5663.0
5665,5,rrrrryyyyyyyyyrrrrrrrrrr,5666.0
5670,6,rrrrrrrrrrrrrrrrrrrGGGGG,5671.0
5675,7,rrrrrrrrrrrrrrrrrrrrrrrr,5676.0
5680,0,GggggrrrrrrrrrggGGgrrrrr,5681.0
5685,2,rGGGGrrrrrrrrrggrrGrrrrr,5689.0
5690,3,ryyyyrrrrrrrrryyrryrrrrr,5692.0
5695,4,rrrrrgGGggggggrrrrrrrrrr,5697.0
5700,6,rrrrrrrrrrrrrrrrrrrGGGGG,5705.0
5705,7,rrrrrrrrrrrrrrrrrrrrrrrr,5710.0
5710,0,GggggrrrrrrrrrggGGgrrrrr,5715.0
5715,1,yggggrrrrrrrrrggyygrrrrr,5718.0
5720,2,rGGGGrrrrrrrrrggrrGrrrrr,5723.0
5725,3,ryyyyrrrrrrrrryyrryrrrrr,5726.0
5730,4,rrrrrgGGggggggrrrrrrrrrr,5731.0
5735,6,rrrrrrrrrrrrrrrrrrrGGGGG,5739.0
5740,7,rrrrrrrrrrrrrrrrrrrrrrrr,5744.0
5745,0,GggggrrrrrrrrrggGGgrrrrr,5749.0
5750,1,yggggrrrrrrrrrggyygrrrrr,5752.0
5755,2,rGGGGrrrrrrrrrggrrGrrrrr,5757.0
5760,4,rrrrrgGGggggggrrrrrrrrrr,5765.0
5765,5,rrrrryyyyyyyyyrrrrrrrrrr,5768.0
5770,6,rrrrrrrrrrrrrrrrrrrGGGGG,5773.0
5775,7,rrrrrrrrrrrrrrrrrrrrrrrr,5778.0
5780,0,GggggrrrrrrrrrggGGgrrrrr,5783.0
5785,1,yggggrrrrrrrrrggyygrrrrr,5786.0
5790,2,rGGGGrrrrrrrrrggrrGrrrrr,5791.0
5795,4,rrrrrgGGggggggrrrrrrrrrr,5799.0
5800,5,rrrrryyyyyyyyyrrrrrrrrrr,5802.0
5805,6,rrrrrrrrrrrrrrrrrrrGGGGG,5807.0
5810,7,rrrrrrrrrrrrrrrrrrrrrrrr,5812.0
5815,0,GggggrrrrrrrrrggGGgrrrrr,5817.0
5820,2,rGGGGrrrrrrrrrggrrGrrrrr,5825.0
5825,3,ryyyyrrrrrrrrryyrryrrrrr,5828.0
5830,4,rrrrrgGGggggggrrrrrrrrrr,5833.0
5835,5,rrrrryyyyyyyyyrrrrrrrrrr,5836.0
5840,6,rrrrrrrrrrrrrrrrrrrGGGGG,5841.0
5845,7,rrrrrrrrrrrrrrrrrrrrrrrr,5846.0
5850,0,GggggrrrrrrrrrggGGgrrrrr,5851.0
5855,2,rGGGGrrrrrrrrrggrrGrrrrr,5859.0
5860,3,ryyyyrrrrrrrrryyrryrrrrr,5862.0
5865,4,rrrrrgGGggggggrrrrrrrrrr,5867.0
5870,6,rrrrrrrrrrrrrrrrrrrGGGGG,5875.0
5875,7,rrrrrrrrrrrrrrrrrrrrrrrr,5880.0
5880,0,GggggrrrrrrrrrggGGgrrrrr,5885.0
5885,1,yggggrrrrrrrrrggyygrrrrr,5888.0
5890,2,rGGGGrrrrrrrrrggrrGrrrrr,5893.0
5895,3,ryyyyrrrrrrrrryyrryrrrrr,5896.0
5900,4,rrrrrgGGggggggrrrrrrrrrr,5901.0
5905,6,rrrrrrrrrrrrrrrrrrrGGGGG,5909.0
5910,7,rrrrrrrrrrrrrrrrrrrrrrrr,5914.0
5915,0,GggggrrrrrrrrrggGGgrrrrr,5919.0
5920,1,yggggrrrrrrrrrggyygrrrrr,5922.0
5925,2,rGGGGrrrrrrrrrggrrGrrrrr,5927.0
5930,4,rrrrrgGGggggggrrrrrrrrrr,5935.0
5935,5,rrrrryyyyyyyyyrrrrrrrrrr,5938.0
5940,6,rrrrrrrrrrrrrrrrrrrGGGGG,5943.0
5945,7,rrrrrrrrrrrrrrrrrrrrrrrr,5948.0
5950,0,GggggrrrrrrrrrggGGgrrrrr,5953.0
5955,1,yggggrrrrrrrrrggyygrrrrr,5956.0
5960,2,rGGGGrrrrrrrrrggrrGrrrrr,5961.0
5965,4,rrrrrgGGggggggrrrrrrrrrr,5969.0
5970,5,rrrrryyyyyyyyyrrrrrrrrrr,5972.0
5975,6,rrrrrrrrrrrrrrrrrrrGGGGG,5977.0
5980,7,rrrrrrrrrrrrrrrrrrrrrrrr,5982.0
5985,0,GggggrrrrrrrrrggGGgrrrrr,5987.0
5990,2,rGGGGrrrrrrrrrggrrGrrrrr,5995.0
5995,3,ryyyyrrrrrrrrryyrryrrrrr,5998.0
6000,4,rrrrrgGGggggggrrrrrrrrrr,6003.0
6005,5,rrrrryyyyyyyyyrrrrrrrrrr,6006.0
6010,6,rrrrrrrrrrrrrrrrrrrGGGGG,6011.0
6015,7,rrrrrrrrrrrrrrrrrrrrrrrr,6016.0
6020,0,GggggrrrrrrrrrggGGgrrrrr,6021.0
6025,2,rGGGGrrrrrrrrrggrrGrrrrr,6029.0
6030,3,ryyyyrrrrrrrrryyrryrrrrr,6032.0
6035,4,rrrrrgGGggggggrrrrrrrrrr,6037.0
6040,6,rrrrrrrrrrrrrrrrrrrGGGGG,6045.0
6045,7,rrrrrrrrrrrrrrrrrrrrrrrr,6050.0
6050,0,GggggrrrrrrrrrggGGgrrrrr,6055.0
6055,1,yggggrrrrrrrrrggyygrrrrr,6058.0
6060,2,rGGGGrrrrrrrrrggrrGrrrrr,6063.0
6065,3,ryyyyrrrrrrrrryyrryrrrrr,6066.0
6070,4,rrrrrgGGggggggrrrrrrrrrr,6071.0
6075,6,rrrrrrrrrrrrrrrrrrrGGGGG,6079.0
6080,7,rrrrrrrrrrrrrrrrrrrrrrrr,6084.0
6085,0,GggggrrrrrrrrrggGGgrrrrr,6089.0
6090,1,yggggrrrrrrrrrggyygrrrrr,6092.0
6095,2,rGGGGrrrrrrrrrggrrGrrrrr,6097.0
6100,4,rrrrrgGGggggggrrrrrrrrrr,6105.0
6105,5,rrrrryyyyyyyyyrrrrrrrrrr,6108.0
6110,6,rrrrrrrrrrrrrrrrrrrGGGGG,6113.0
6115,7,rrrrrrrrrrrrrrrrrrrrrrrr,6118.0
6120,0,GggggrrrrrrrrrggGGgrrrrr,6123.0
6125,1,yggggrrrrrrrrrggyygrrrrr,6126.0
6130,2,rGGGGrrrrrrrrrggrrGrrrrr,6131.0
6135,4,rrrrrgGGggggggrrrrrrrrrr,6139.0
6140,5,rrrrryyyyyyyyyrrrrrrrrrr,6142.0
6145,6,rrrrrrrrrrrrrrrrrrrGGGGG,6147.0
6150,7,rrrrrrrrrrrrrrrrrrrrrrrr,6152.0
6155,0,GggggrrrrrrrrrggGGgrrrrr,6157.0
6160,2,rGGGGrrrrrrrrrggrrGrrrrr,6165.0
6165,3,ryyyyrrrrrrrrryyrryrrrrr,6168.0
6170,4,rrrrrgGGggggggrrrrrrrrrr,6173.0
6175,5,rrrrryyyyyyyyyrrrrrrrrrr,6176.0
6180,6,rrrrrrrrrrrrrrrrrrrGGGGG,6181.0
6185,7,rrrrrrrrrrrrrrrrrrrrrrrr,6186.0
6190,0,GggggrrrrrrrrrggGGgrrrrr,6191.0
6195,2,rGGGGrrrrrrrrrggrrGrrrrr,6199.0
6200,3,ryyyyrrrrrrrrryyrryrrrrr,6202.0
6205,4,rrrrrgGGggggggrrrrrrrrrr,6207.0
6210,6,rrrrrrrrrrrrrrrrrrrGGGGG,6215.0
6215,7,rrrrrrrrrrrrrrrrrrrrrrrr,6220.0
6220,0,GggggrrrrrrrrrggGGgrrrrr,6225.0
6225,1,yggggrrrrrrrrrggyygrrrrr,6228.0
6230,2,rGGGGrrrrrrrrrggrrGrrrrr,6233.0
6235,3,ryyyyrrrrrrrrryyrryrrrrr,6236.0
6240,4,rrrrrgGGggggggrrrrrrrrrr,6241.0
6245,6,rrrrrrrrrrrrrrrrrrrGGGGG,6249.0
6250,7,rrrrrrrrrrrrrrrrrrrrrrrr,6254.0
6255,0,GggggrrrrrrrrrggGGgrrrrr,6259.0
6260,1,yggggrrrrrrrrrggyygrrrrr,6262.0
6265,2,rGGGGrrrrrrrrrggrrGrrrrr,6267.0
6270,4,rrrrrgGGggggggrrrrrrrrrr,6275.0
6275,5,rrrrryyyyyyyyyrrrrrrrrrr,6278.0
6280,6,rrrrrrrrrrrrrrrrrrrGGGGG,6283.0
6285,7,rrrrrrrrrrrrrrrrrrrrrrrr,6288.0
6290,0,GggggrrrrrrrrrggGGgrrrrr,6293.0
6295,1,yggggrrrrrrrrrggyygrrrrr,6296.0
6300,2,rGGGGrrrrrrrrrggrrGrrrrr,6301.0
6305,4,rrrrrgGGggggggrrrrrrrrrr,6309.0
6310,5,rrrrryyyyyyyyyrrrrrrrrrr,6312.0
6315,6,rrrrrrrrrrrrrrrrrrrGGGGG,6317.0
6320,7,rrrrrrrrrrrrrrrrrrrrrrrr,6322.0
6325,0,GggggrrrrrrrrrggGGgrrrrr,6327.0
6330,2,rGGGGrrrrrrrrrggrrGrrrrr,6335.0
6335,3,ryyyyrrrrrrrrryyrryrrrrr,6338.0
6340,4,rrrrrgGGggggggrrrrrrrrrr,6343.0
6345,5,rrrrryyyyyyyyyrrrrrrrrrr,6346.0
6350,6,rrrrrrrrrrrrrrrrrrrGGGGG,6351.0
6355,7,rrrrrrrrrrrrrrrrrrrrrrrr,6356.0
6360,0,GggggrrrrrrrrrggGGgrrrrr,6361.0
6365,2,rGGGGrrrrrrrrrggrrGrrrrr,6369.0
6370,3,ryyyyrrrrrrrrryyrryrrrrr,6372.0
6375,4,rrrrrgGGggggggrrrrrrrrrr,6377.0
6380,6,rrrrrrrrrrrrrrrrrrrGGGGG,6385.0
6385,7,rrrrrrrrrrrrrrrrrrrrrrrr,6390.0
6390,0,GggggrrrrrrrrrggGGgrrrrr,6395.0
6395,1,yggggrrrrrrrrrggyygrrrrr,6398.0
6400,2,rGGGGrrrrrrrrrggrrGrrrrr,6403.0
6405,3,ryyyyrrrrrrrrryyrryrrrrr,6406.0
6410,4,rrrrrgGGggggggrrrrrrrrrr,6411.0
6415,6,rrrrrrrrrrrrrrrrrrrGGGGG,6419.0
6420,7,rrrrrrrrrrrrrrrrrrrrrrrr,6424.0
6425,0,GggggrrrrrrrrrggGGgrrrrr,6429.0
6430,1,yggggrrrrrrrrrggyygrrrrr,6432.0
6435,2,rGGGGrrrrrrrrrggrrGrrrrr,6437.0
6440,4,rrrrrgGGggggggrrrrrrrrrr,6445.0
6445,5,rrrrryyyyyyyyyrrrrrrrrrr,6448.0
6450,6,rrrrrrrrrrrrrrrrrrrGGGGG,6453.0
6455,7,rrrrrrrrrrrrrrrrrrrrrrrr,6458.0
6460,0,GggggrrrrrrrrrggGGgrrrrr,6463.0
6465,1,yggggrrrrrrrrrggyygrrrrr,6466.0
6470,2,rGGGGrrrrrrrrrggrrGrrrrr,6471.0
6475,4,rrrrrgGGggggggrrrrrrrrrr,6479.0
6480,5,rrrrryyyyyyyyyrrrrrrrrrr,6482.0
6485,6,rrrrrrrrrrrrrrrrrrrGGGGG,6487.0
6490,7,rrrrrrrrrrrrrrrrrrrrrrrr,6492.0
6495,0,GggggrrrrrrrrrggGGgrrrrr,6497.0
6500,2,rGGGGrrrrrrrrrggrrGrrrrr,6505.0
6505,3,ryyyyrrrrrrrrryyrryrrrrr,6508.0
6510,4,rrrrrgGGggggggrrrrrrrrrr,6513.0
6515,5,rrrrryyyyyyyyyrrrrrrrrrr,6516.0
6520,6,rrrrrrrrrrrrrrrrrrrGGGGG,6521.0
6525,7,rrrrrrrrrrrrrrrrrrrrrrrr,6526.0
6530,0,GggggrrrrrrrrrggGGgrrrrr,6531.0
6535,2,rGGGGrrrrrrrrrggrrGrrrrr,6539.0
6540,3,ryyyyrrrrrrrrryyrryrrrrr,6542.0
6545,4,rrrrrgGGggggggrrrrrrrrrr,6547.0
6550,6,rrrrrrrrrrrrrrrrrrrGGGGG,6555.0
6555,7,rrrrrrrrrrrrrrrrrrrrrrrr,6560.0
6560,0,GggggrrrrrrrrrggGGgrrrrr,6565.0
6565,1,yggggrrrrrrrrrggyygrrrrr,6568.0
6570,2,rGGGGrrrrrrrrrggrrGrrrrr,6573.0
6575,3,ryyyyrrrrrrrrryyrryrrrrr,6576.0
6580,4,rrrrrgGGggggggrrrrrrrrrr,6581.0
6585,6,rrrrrrrrrrrrrrrrrrrGGGGG,6589.0
6590,7,rrrrrrrrrrrrrrrrrrrrrrrr,6594.0
6595,0,GggggrrrrrrrrrggGGgrrrrr,6599.0
6600,1,yggggrrrrrrrrrggyygrrrrr,6602.0
6605,2,rGGGGrrrrrrrrrggrrGrrrrr,6607.0
6610,4,rrrrrgGGggggggrrrrrrrrrr,6615.0
6615,5,rrrrryyyyyyyyyrrrrrrrrrr,6618.0
6620,6,rrrrrrrrrrrrrrrrrrrGGGGG,6623.0
6625,7,rrrrrrrrrrrrrrrrrrrrrrrr,6628.0
6630,0,GggggrrrrrrrrrggGGgrrrrr,6633.0
6635,1,yggggrrrrrrrrrggyygrrrrr,6636.0
6640,2,rGGGGrrrrrrrrrggrrGrrrrr,6641.0
6645,4,rrrrrgGGggggggrrrrrrrrrr,6649.0
6650,5,rrrrryyyyyyyyyrrrrrrrrrr,6652.0
6655,6,rrrrrrrrrrrrrrrrrrrGGGGG,6657.0
6660,7,rrrrrrrrrrrrrrrrrrrrrrrr,6662.0
6665,0,GggggrrrrrrrrrggGGgrrrrr,6667.0
6670,2,rGGGGrrrrrrrrrggrrGrrrrr,6675.0
6675,3,ryyyyrrrrrrrrryyrryrrrrr,6678.0
6680,4,rrrrrgGGggggggrrrrrrrrrr,6683.0
6685,5,rrrrryyyyyyyyyrrrrrrrrrr,6686.0
6690,6,rrrrrrrrrrrrrrrrrrrGGGGG,6691.0
6695,7,rrrrrrrrrrrrrrrrrrrrrrrr,6696.0
6700,0,GggggrrrrrrrrrggGGgrrrrr,6701.0
6705,2,rGGGGrrrrrrrrrggrrGrrrrr,6709.0
6710,3,ryyyyrrrrrrrrryyrryrrrrr,6712.0
6715,4,rrrrrgGGggggggrrrrrrrrrr,6717.0
6720,6,rrrrrrrrrrrrrrrrrrrGGGGG,6725.0
6725,7,rrrrrrrrrrrrrrrrrrrrrrrr,6730.0
6730,0,GggggrrrrrrrrrggGGgrrrrr,6735.0
6735,1,yggggrrrrrrrrrggyygrrrrr,6738.0
6740,2,rGGGGrrrrrrrrrggrrGrrrrr,6743.0
6745,3,ryyyyrrrrrrrrryyrryrrrrr,6746.0
6750,4,rrrrrgGGggggggrrrrrrrrrr,6751.0
6755,6,rrrrrrrrrrrrrrrrrrrGGGGG,6759.0
6760,7,rrrrrrrrrrrrrrrrrrrrrrrr,6764.0
6765,0,GggggrrrrrrrrrggGGgrrrrr,6769.0
6770,1,yggggrrrrrrrrrggyygrrrrr,6772.0
6775,2,rGGGGrrrrrrrrrggrrGrrrrr,6777.0
6780,4,rrrrrgGGggggggrrrrrrrrrr,6785.0
6785,5,rrrrryyyyyyyyyrrrrrrrrrr,6788.0
6790,6,rrrrrrrrrrrrrrrrrrrGGGGG,6793.0
6795,7,rrrrrrrrrrrrrrrrrrrrrrrr,6798.0
6800,0,GggggrrrrrrrrrggGGgrrrrr,6803.0
6805,1,yggggrrrrrrrrrggyygrrrrr,6806.0
6810,2,rGGGGrrrrrrrrrggrrGrrrrr,6811.0
6815,4,rrrrrgGGggggggrrrrrrrrrr,6819.0
6820,5,rrrrryyyyyyyyyrrrrrrrrrr,6822.0
6825,6,rrrrrrrrrrrrrrrrrrrGGGGG,6827.0
6830,7,rrrrrrrrrrrrrrrrrrrrrrrr,6832.0
6835,0,GggggrrrrrrrrrggGGgrrrrr,6837.0
6840,2,rGGGGrrrrrrrrrggrrGrrrrr,6845.0
6845,3,ryyyyrrrrrrrrryyrryrrrrr,6848.0
6850,4,rrrrrgGGggggggrrrrrrrrrr,6853.0
6855,5,rrrrryyyyyyyyyrrrrrrrrrr,6856.0
6860,6,rrrrrrrrrrrrrrrrrrrGGGGG,6861.0
6865,7,rrrrrrrrrrrrrrrrrrrrrrrr,6866.0
6870,0,GggggrrrrrrrrrggGGgrrrrr,6871.0
6875,2,rGGGGrrrrrrrrrggrrGrrrrr,6879.0
6880,3,ryyyyrrrrrrrrryyrryrrrrr,6882.0
6885,4,rrrrrgGGggggggrrrrrrrrrr,6887.0
6890,6,rrrrrrrrrrrrrrrrrrrGGGGG,6895.0
6895,7,rrrrrrrrrrrrrrrrrrrrrrrr,6900.0
6900,0,GggggrrrrrrrrrggGGgrrrrr,6905.0
6905,1,yggggrrrrrrrrrggyygrrrrr,6908.0
6910,2,rGGGGrrrrrrrrrggrrGrrrrr,6913.0
6915,3,ryyyyrrrrrrrrryyrryrrrrr,6916.0
6920,4,rrrrrgGGggggggrrrrrrrrrr,6921.0
6925,6,rrrrrrrrrrrrrrrrrrrGGGGG,6929.0
6930,7,rrrrrrrrrrrrrrrrrrrrrrrr,6934.0
6935,0,GggggrrrrrrrrrggGGgrrrrr,6939.0
6940,1,yggggrrrrrrrrrggyygrrrrr,6942.0
6945,2,rGGGGrrrrrrrrrggrrGrrrrr,6947.0
6950,4,rrrrrgGGggggggrrrrrrrrrr,6955.0
6955,5,rrrrryyyyyyyyyrrrrrrrrrr,6958.0
6960,6,rrrrrrrrrrrrrrrrrrrGGGGG,6963.0
6965,7,rrrrrrrrrrrrrrrrrrrrrrrr,6968.0
6970,0,GggggrrrrrrrrrggGGgrrrrr,6973.0
6975,1,yggggrrrrrrrrrggyygrrrrr,6976.0
6980,2,rGGGGrrrrrrrrrggrrGrrrrr,6981.0
6985,4,rrrrrgGGggggggrrrrrrrrrr,6989.0
6990,5,rrrrryyyyyyyyyrrrrrrrrrr,6992.0
6995,6,rrrrrrrrrrrrrrrrrrrGGGGG,6997.0
7000,7,rrrrrrrrrrrrrrrrrrrrrrrr,7002.0
7005,0,GggggrrrrrrrrrggGGgrrrrr,7007.0
7010,2,rGGGGrrrrrrrrrggrrGrrrrr,7015.0
7015,3,ryyyyrrrrrrrrryyrryrrrrr,7018.0
7020,4,rrrrrgGGggggggrrrrrrrrrr,7023.0
7025,5,rrrrryyyyyyyyyrrrrrrrrrr,7026.0
7030,6,rrrrrrrrrrrrrrrrrrrGGGGG,7031.0
7035,7,rrrrrrrrrrrrrrrrrrrrrrrr,7036.0
7040,0,GggggrrrrrrrrrggGGgrrrrr,7041.0
7045,2,rGGGGrrrrrrrrrggrrGrrrrr,7049.0
7050,3,ryyyyrrrrrrrrryyrryrrrrr,7052.0
7055,4,rrrrrgGGggggggrrrrrrrrrr,7057.0
7060,6,rrrrrrrrrrrrrrrrrrrGGGGG,7065.0
7065,7,rrrrrrrrrrrrrrrrrrrrrrrr,7070.0
7070,0,GggggrrrrrrrrrggGGgrrrrr,7075.0
7075,1,yggggrrrrrrrrrggyygrrrrr,7078.0
7080,2,rGGGGrrrrrrrrrggrrGrrrrr,7083.0
7085,3,ryyyyrrrrrrrrryyrryrrrrr,7086.0
7090,4,rrrrrgGGggggggrrrrrrrrrr,7091.0
7095,6,rrrrrrrrrrrrrrrrrrrGGGGG,7099.0
7100,7,rrrrrrrrrrrrrrrrrrrrrrrr,7104.0
7105,0,GggggrrrrrrrrrggGGgrrrrr,7109.0
7110,1,yggggrrrrrrrrrggyygrrrrr,7112.0
7115,2,rGGGGrrrrrrrrrggrrGrrrrr,7117.0
7120,4,rrrrrgGGggggggrrrrrrrrrr,7125.0
7125,5,rrrrryyyyyyyyyrrrrrrrrrr,7128.0
7130,6,rrrrrrrrrrrrrrrrrrrGGGGG,7133.0
7135,7,rrrrrrrrrrrrrrrrrrrrrrrr,7138.0
7140,0,GggggrrrrrrrrrggGGgrrrrr,7143.0
7145,1,yggggrrrrrrrrrggyygrrrrr,7146.0
7150,2,rGGGGrrrrrrrrrggrrGrrrrr,7151.0
7155,4,rrrrrgGGggggggrrrrrrrrrr,7159.0
7160,5,rrrrryyyyyyyyyrrrrrrrrrr,7162.0
7165,6,rrrrrrrrrrrrrrrrrrrGGGGG,7167.0
7170,7,rrrrrrrrrrrrrrrrrrrrrrrr,7172.0
7175,0,GggggrrrrrrrrrggGGgrrrrr,7177.0
7180,2,rGGGGrrrrrrrrrggrrGrrrrr,7185.0
7185,3,ryyyyrrrrrrrrryyrryrrrrr,7188.0
7190,4,rrrrrgGGggggggrrrrrrrrrr,7193.0
7195,5,rrrrryyyyyyyyyrrrrrrrrrr,7196.0
7200,6,rrrrrrrrrrrrrrrrrrrGGGGG,7201.0
7205,7,rrrrrrrrrrrrrrrrrrrrrrrr,7206.0
7210,0,GggggrrrrrrrrrggGGgrrrrr,7211.0
7215,2,rGGGGrrrrrrrrrggrrGrrrrr,7219.0
7220,3,ryyyyrrrrrrrrryyrryrrrrr,7222.0
7225,4,rrrrrgGGggggggrrrrrrrrrr,7227.0
7230,6,rrrrrrrrrrrrrrrrrrrGGGGG,7235.0
7235,7,rrrrrrrrrrrrrrrrrrrrrrrr,7240.0
7240,0,GggggrrrrrrrrrggGGgrrrrr,7245.0
7245,1,yggggrrrrrrrrrggyygrrrrr,7248.0
7250,2,rGGGGrrrrrrrrrggrrGrrrrr,7253.0
7255,3,ryyyyrrrrrrrrryyrryrrrrr,7256.0
7260,4,rrrrrgGGggggggrrrrrrrrrr,7261.0
7265,6,rrrrrrrrrrrrrrrrrrrGGGGG,7269.0
7270,7,rrrrrrrrrrrrrrrrrrrrrrrr,7274.0
7275,0,GggggrrrrrrrrrggGGgrrrrr,7279.0
7280,1,yggggrrrrrrrrrggyygrrrrr,7282.0
7285,2,rGGGGrrrrrrrrrggrrGrrrrr,7287.0
7290,4,rrrrrgGGggggggrrrrrrrrrr,7295.0
7295,5,rrrrryyyyyyyyyrrrrrrrrrr,7298.0
7300,6,rrrrrrrrrrrrrrrrrrrGGGGG,7303.0
7305,7,rrrrrrrrrrrrrrrrrrrrrrrr,7308.0
7310,0,GggggrrrrrrrrrggGGgrrrrr,7313.0
7315,1,yggggrrrrrrrrrggyygrrrrr,7316.0
7320,2,rGGGGrrrrrrrrrggrrGrrrrr,7321.0
7325,4,rrrrrgGGggggggrrrrrrrrrr,7329.0
7330,5,rrrrryyyyyyyyyrrrrrrrrrr,7332.0
7335,6,rrrrrrrrrrrrrrrrrrrGGGGG,7337.0
7340,7,rrrrrrrrrrrrrrrrrrrrrrrr,7342.0
7345,0,GggggrrrrrrrrrggGGgrrrrr,7347.0
7350,2,rGGGGrrrrrrrrrggrrGrrrrr,7355.0
7355,3,ryyyyrrrrrrrrryyrryrrrrr,7358.0
7360,4,rrrrrgGGggggggrrrrrrrrrr,7363.0
7365,5,rrrrryyyyyyyyyrrrrrrrrrr,7366.0
7370,6,rrrrrrrrrrrrrrrrrrrGGGGG,7371.0
7375,7,rrrrrrrrrrrrrrrrrrrrrrrr,7376.0
7380,0,GggggrrrrrrrrrggGGgrrrrr,7381.0
7385,2,rGGGGrrrrrrrrrggrrGrrrrr,7389.0
7390,3,ryyyyrrrrrrrrryyrryrrrrr,7392.0
7395,4,rrrrrgGGggggggrrrrrrrrrr,7397.0
7400,6,rrrrrrrrrrrrrrrrrrrGGGGG,7405.0
7405,7,rrrrrrrrrrrrrrrrrrrrrrrr,7410.0
7410,0,GggggrrrrrrrrrggGGgrrrrr,7415.0
7415,1,yggggrrrrrrrrrggyygrrrrr,7418.0
7420,2,rGGGGrrrrrrrrrggrrGrrrrr,7423.0
7425,3,ryyyyrrrrrrrrryyrryrrrrr,7426.0
7430,4,rrrrrgGGggggggrrrrrrrrrr,7431.0
7435,6,rrrrrrrrrrrrrrrrrrrGGGGG,7439.0
7440,7,rrrrrrrrrrrrrrrrrrrrrrrr,7444.0
7445,0,GggggrrrrrrrrrggGGgrrrrr,7449.0
7450,1,yggggrrrrrrrrrggyygrrrrr,7452.0
7455,2,rGGGGrrrrrrrrrggrrGrrrrr,7457.0
7460,4,rrrrrgGGggggggrrrrrrrrrr,7465.0
7465,5,rrrrryyyyyyyyyrrrrrrrrrr,7468.0
7470,6,rrrrrrrrrrrrrrrrrrrGGGGG,7473.0
7475,7,rrrrrrrrrrrrrrrrrrrrrrrr,7478.0
7480,0,GggggrrrrrrrrrggGGgrrrrr,7483.0
7485,1,yggggrrrrrrrrrggyygrrrrr,7486.0
7490,2,rGGGGrrrrrrrrrggrrGrrrrr,7491.0
7495,4,rrrrrgGGggggggrrrrrrrrrr,7499.0
7500,5,rrrrryyyyyyyyyrrrrrrrrrr,7502.0
7505,6,rrrrrrrrrrrrrrrrrrrGGGGG,7507.0
7510,7,rrrrrrrrrrrrrrrrrrrrrrrr,7512.0
7515,0,GggggrrrrrrrrrggGGgrrrrr,7517.0
7520,2,rGGGGrrrrrrrrrggrrGrrrrr,7525.0
7525,3,ryyyyrrrrrrrrryyrryrrrrr,7528.0
7530,4,rrrrrgGGggggggrrrrrrrrrr,7533.0
7535,5,rrrrryyyyyyyyyrrrrrrrrrr,7536.0
7540,6,rrrrrrrrrrrrrrrrrrrGGGGG,7541.0
7545,7,rrrrrrrrrrrrrrrrrrrrrrrr,7546.0
7550,0,GggggrrrrrrrrrggGGgrrrrr,7551.0
7555,2,rGGGGrrrrrrrrrggrrGrrrrr,7559.0
7560,3,ryyyyrrrrrrrrryyrryrrrrr,7562.0
7565,4,rrrrrgGGggggggrrrrrrrrrr,7567.0
7570,6,rrrrrrrrrrrrrrrrrrrGGGGG,7575.0
7575,7,rrrrrrrrrrrrrrrrrrrrrrrr,7580.0
7580,0,GggggrrrrrrrrrggGGgrrrrr,7585.0
7585,1,yggggrrrrrrrrrggyygrrrrr,7588.0
7590,2,rGGGGrrrrrrrrrggrrGrrrrr,7593.0
7595,3,ryyyyrrrrrrrrryyrryrrrrr,7596.0
7600,4,rrrrrgGGggggggrrrrrrrrrr,7601.0
7605,6,rrrrrrrrrrrrrrrrrrrGGGGG,7609.0
7610,7,rrrrrrrrrrrrrrrrrrrrrrrr,7614.0
7615,0,GggggrrrrrrrrrggGGgrrrrr,7619.0
7620,1,yggggrrrrrrrrrggyygrrrrr,7622.0
7625,2,rGGGGrrrrrrrrrggrrGrrrrr,7627.0
7630,4,rrrrrgGGggggggrrrrrrrrrr,7635.0
7635,5,rrrrryyyyyyyyyrrrrrrrrrr,7638.0
7640,6,rrrrrrrrrrrrrrrrrrrGGGGG,7643.0
7645,7,rrrrrrrrrrrrrrrrrrrrrrrr,7648.0
7650,0,GggggrrrrrrrrrggGGgrrrrr,7653.0
7655,1,yggggrrrrrrrrrggyygrrrrr,7656.0
7660,2,rGGGGrrrrrrrrrggrrGrrrrr,7661.0
7665,4,rrrrrgGGggggggrrrrrrrrrr,7669.0
7670,5,rrrrryyyyyyyyyrrrrrrrrrr,7672.0
7675,6,rrrrrrrrrrrrrrrrrrrGGGGG,7677.0
7680,7,rrrrrrrrrrrrrrrrrrrrrrrr,7682.0
7685,0,GggggrrrrrrrrrggGGgrrrrr,7687.0
7690,2,rGGGGrrrrrrrrrggrrGrrrrr,7695.0
7695,3,ryyyyrrrrrrrrryyrryrrrrr,7698.0
7700,4,rrrrrgGGggggggrrrrrrrrrr,7703.0
7705,5,rrrrryyyyyyyyyrrrrrrrrrr,7706.0
7710,6,rrrrrrrrrrrrrrrrrrrGGGGG,7711.0
7715,7,rrrrrrrrrrrrrrrrrrrrrrrr,7716.0
7720,0,GggggrrrrrrrrrggGGgrrrrr,7721.0
7725,2,rGGGGrrrrrrrrrggrrGrrrrr,7729.0
7730,3,ryyyyrrrrrrrrryyrryrrrrr,7732.0
7735,4,rrrrrgGGggggggrrrrrrrrrr,7737.0
7740,6,rrrrrrrrrrrrrrrrrrrGGGGG,7745.0
7745,7,rrrrrrrrrrrrrrrrrrrrrrrr,7750.0
7750,0,GggggrrrrrrrrrggGGgrrrrr,7755.0
7755,1,yggggrrrrrrrrrggyygrrrrr,7758.0
7760,2,rGGGGrrrrrrrrrggrrGrrrrr,7763.0
7765,3,ryyyyrrrrrrrrryyrryrrrrr,7766.0
7770,4,rrrrrgGGggggggrrrrrrrrrr,7771.0
7775,6,rrrrrrrrrrrrrrrrrrrGGGGG,7779.0
7780,7,rrrrrrrrrrrrrrrrrrrrrrrr,7784.0
7785,0,GggggrrrrrrrrrggGGgrrrrr,7789.0
7790,1,yggggrrrrrrrrrggyygrrrrr,7792.0
7795,2,rGGGGrrrrrrrrrggrrGrrrrr,7797.0
7800,4,rrrrrgGGggggggrrrrrrrrrr,7805.0
7805,5,rrrrryyyyyyyyyrrrrrrrrrr,7808.0
7810,6,rrrrrrrrrrrrrrrrrrrGGGGG,7813.0
7815,7,rrrrrrrrrrrrrrrrrrrrrrrr,7818.0
7820,0,GggggrrrrrrrrrggGGgrrrrr,7823.0
7825,1,yggggrrrrrrrrrggyygrrrrr,7826.0
7830,2,rGGGGrrrrrrrrrggrrGrrrrr,7831.0
7835,4,rrrrrgGGggggggrrrrrrrrrr,7839.0
7840,5,rrrrryyyyyyyyyrrrrrrrrrr,7842.0
7845,6,rrrrrrrrrrrrrrrrrrrGGGGG,7847.0
7850,7,rrrrrrrrrrrrrrrrrrrrrrrr,7852.0
7855,0,GggggrrrrrrrrrggGGgrrrrr,7857.0
7860,2,rGGGGrrrrrrrrrggrrGrrrrr,7865.0
7865,3,ryyyyrrrrrrrrryyrryrrrrr,7868.0
7870,4,rrrrrgGGggggggrrrrrrrrrr,7873.0
7875,5,rrrrryyyyyyyyyrrrrrrrrrr,7876.0
7880,6,rrrrrrrrrrrrrrrrrrrGGGGG,7881.0
7885,7,rrrrrrrrrrrrrrrrrrrrrrrr,7886.0
7890,0,GggggrrrrrrrrrggGGgrrrrr,7891.0
7895,2,rGGGGrrrrrrrrrggrrGrrrrr,7899.0
7900,3,ryyyyrrrrrrrrryyrryrrrrr,7902.0
7905,4,rrrrrgGGggggggrrrrrrrrrr,7907.0
7910,6,rrrrrrrrrrrrrrrrrrrGGGGG,7915.0
7915,7,rrrrrrrrrrrrrrrrrrrrrrrr,7920.0
7920,0,GggggrrrrrrrrrggGGgrrrrr,7925.0
7925,1,yggggrrrrrrrrrggyygrrrrr,7928.0
7930,2,rGGGGrrrrrrrrrggrrGrrrrr,7933.0
7935,3,ryyyyrrrrrrrrryyrryrrrrr,7936.0
7940,4,rrrrrgGGggggggrrrrrrrrrr,7941.0
7945,6,rrrrrrrrrrrrrrrrrrrGGGGG,7949.0
7950,7,rrrrrrrrrrrrrrrrrrrrrrrr,7954.0
7955,0,GggggrrrrrrrrrggGGgrrrrr,7959.0
7960,1,yggggrrrrrrrrrggyygrrrrr,7962.0
7965,2,rGGGGrrrrrrrrrggrrGrrrrr,7967.0
7970,4,rrrrrgGGggggggrrrrrrrrrr,7975.0
7975,5,rrrrryyyyyyyyyrrrrrrrrrr,7978.0
7980,6,rrrrrrrrrrrrrrrrrrrGGGGG,7983.0
7985,7,rrrrrrrrrrrrrrrrrrrrrrrr,7988.0
7990,0,GggggrrrrrrrrrggGGgrrrrr,7993.0
7995,1,yggggrrrrrrrrrggyygrrrrr,7996.0
8000,2,rGGGGrrrrrrrrrggrrGrrrrr,8001.0
8005,4,rrrrrgGGggggggrrrrrrrrrr,8009.0
8010,5,rrrrryyyyyyyyyrrrrrrrrrr,8012.0
8015,6,rrrrrrrrrrrrrrrrrrrGGGGG,8017.0
8020,7,rrrrrrrrrrrrrrrrrrrrrrrr,8022.0
8025,0,GggggrrrrrrrrrggGGgrrrrr,8027.0
8030,2,rGGGGrrrrrrrrrggrrGrrrrr,8035.0
8035,3,ryyyyrrrrrrrrryyrryrrrrr,8038.0
8040,4,rrrrrgGGggggggrrrrrrrrrr,8043.0
8045,5,rrrrryyyyyyyyyrrrrrrrrrr,8046.0
8050,6,rrrrrrrrrrrrrrrrrrrGGGGG,8051.0
8055,7,rrrrrrrrrrrrrrrrrrrrrrrr,8056.0
8060,0,GggggrrrrrrrrrggGGgrrrrr,8061.0
8065,2,rGGGGrrrrrrrrrggrrGrrrrr,8069.0
8070,3,ryyyyrrrrrrrrryyrryrrrrr,8072.0
8075,4,rrrrrgGGggggggrrrrrrrrrr,8077.0
8080,6,rrrrrrrrrrrrrrrrrrrGGGGG,8085.0
8085,7,rrrrrrrrrrrrrrrrrrrrrrrr,8090.0
8090,0,GggggrrrrrrrrrggGGgrrrrr,8095.0
8095,1,yggggrrrrrrrrrggyygrrrrr,8098.0
8100,2,rGGGGrrrrrrrrrggrrGrrrrr,8103.0
8105,3,ryyyyrrrrrrrrryyrryrrrrr,8106.0
8110,4,rrrrrgGGggggggrrrrrrrrrr,8111.0
8115,6,rrrrrrrrrrrrrrrrrrrGGGGG,8119.0
8120,7,rrrrrrrrrrrrrrrrrrrrrrrr,8124.0
8125,0,GggggrrrrrrrrrggGGgrrrrr,8129.0
8130,1,yggggrrrrrrrrrggyygrrrrr,8132.0
8135,2,rGGGGrrrrrrrrrggrrGrrrrr,8137.0
8140,4,rrrrrgGGggggggrrrrrrrrrr,8145.0
8145,5,rrrrryyyyyyyyyrrrrrrrrrr,8148.0
8150,6,rrrrrrrrrrrrrrrrrrrGGGGG,8153.0
8155,7,rrrrrrrrrrrrrrrrrrrrrrrr,8158.0
8160,0,GggggrrrrrrrrrggGGgrrrrr,8163.0
8165,1,yggggrrrrrrrrrggyygrrrrr,8166.0
8170,2,rGGGGrrrrrrrrrggrrGrrrrr,8171.0
8175,4,rrrrrgGGggggggrrrrrrrrrr,8179.0
8180,5,rrrrryyyyyyyyyrrrrrrrrrr,8182.0
8185,6,rrrrrrrrrrrrrrrrrrrGGGGG,8187.0
8190,7,rrrrrrrrrrrrrrrrrrrrrrrr,8192.0
8195,0,GggggrrrrrrrrrggGGgrrrrr,8197.0
8200,2,rGGGGrrrrrrrrrggrrGrrrrr,8205.0
8205,3,ryyyyrrrrrrrrryyrryrrrrr,8208.0
8210,4,rrrrrgGGggggggrrrrrrrrrr,8213.0
8215,5,rrrrryyyyyyyyyrrrrrrrrrr,8216.0
8220,6,rrrrrrrrrrrrrrrrrrrGGGGG,8221.0
8225,7,rrrrrrrrrrrrrrrrrrrrrrrr,8226.0
8230,0,GggggrrrrrrrrrggGGgrrrrr,8231.0
8235,2,rGGGGrrrrrrrrrggrrGrrrrr,8239.0
8240,3,ryyyyrrrrrrrrryyrryrrrrr,8242.0
8245,4,rrrrrgGGggggggrrrrrrrrrr,8247.0
8250,6,rrrrrrrrrrrrrrrrrrrGGGGG,8255.0
8255,7,rrrrrrrrrrrrrrrrrrrrrrrr,8260.0
8260,0,GggggrrrrrrrrrggGGgrrrrr,8265.0
8265,1,yggggrrrrrrrrrggyygrrrrr,8268.0
8270,2,rGGGGrrrrrrrrrggrrGrrrrr,8273.0
8275,3,ryyyyrrrrrrrrryyrryrrrrr,8276.0
8280,4,rrrrrgGGggggggrrrrrrrrrr,8281.0
8285,6,rrrrrrrrrrrrrrrrrrrGGGGG,8289.0
8290,7,rrrrrrrrrrrrrrrrrrrrrrrr,8294.0
8295,0,GggggrrrrrrrrrggGGgrrrrr,8299.0
8300,1,yggggrrrrrrrrrggyygrrrrr,8302.0
8305,2,rGGGGrrrrrrrrrggrrGrrrrr,8307.0
8310,4,rrrrrgGGggggggrrrrrrrrrr,8315.0
8315,5,rrrrryyyyyyyyyrrrrrrrrrr,8318.0
8320,6,rrrrrrrrrrrrrrrrrrrGGGGG,8323.0
8325,7,rrrrrrrrrrrrrrrrrrrrrrrr,8328.0
8330,0,GggggrrrrrrrrrggGGgrrrrr,8333.0
8335,1,yggggrrrrrrrrrggyygrrrrr,8336.0
8340,2,rGGGGrrrrrrrrrggrrGrrrrr,8341.0
8345,4,rrrrrgGGggggggrrrrrrrrrr,8349.0
8350,5,rrrrryyyyyyyyyrrrrrrrrrr,8352.0
8355,6,rrrrrrrrrrrrrrrrrrrGGGGG,8357.0
8360,7,rrrrrrrrrrrrrrrrrrrrrrrr,8362.0
8365,0,GggggrrrrrrrrrggGGgrrrrr,8367.0
8370,2,rGGGGrrrrrrrrrggrrGrrrrr,8375.0
8375,3,ryyyyrrrrrrrrryyrryrrrrr,8378.0
8380,4,rrrrrgGGggggggrrrrrrrrrr,8383.0
8385,5,rrrrryyyyyyyyyrrrrrrrrrr,8386.0
8390,6,rrrrrrrrrrrrrrrrrrrGGGGG,8391.0
8395,7,rrrrrrrrrrrrrrrrrrrrrrrr,8396.0
8400,0,GggggrrrrrrrrrggGGgrrrrr,8401.0
8405,2,rGGGGrrrrrrrrrggrrGrrrrr,8409.0
8410,3,ryyyyrrrrrrrrryyrryrrrrr,8412.0
8415,4,rrrrrgGGggggggrrrrrrrrrr,8417.0
8420,6,rrrrrrrrrrrrrrrrrrrGGGGG,8425.0
8425,7,rrrrrrrrrrrrrrrrrrrrrrrr,8430.0
8430,0,GggggrrrrrrrrrggGGgrrrrr,8435.0
8435,1,yggggrrrrrrrrrggyygrrrrr,8438.0
8440,2,rGGGGrrrrrrrrrggrrGrrrrr,8443.0
8445,3,ryyyyrrrrrrrrryyrryrrrrr,8446.0
8450,4,rrrrrgGGggggggrrrrrrrrrr,8451.0
8455,6,rrrrrrrrrrrrrrrrrrrGGGGG,8459.0
8460,7,rrrrrrrrrrrrrrrrrrrrrrrr,8464.0
8465,0,GggggrrrrrrrrrggGGgrrrrr,8469.0
8470,1,yggggrrrrrrrrrggyygrrrrr,8472.0
8475,2,rGGGGrrrrrrrrrggrrGrrrrr,8477.0
8480,4,rrrrrgGGggggggrrrrrrrrrr,8485.0
8485,5,rrrrryyyyyyyyyrrrrrrrrrr,8488.0
8490,6,rrrrrrrrrrrrrrrrrrrGGGGG,8493.0
8495,7,rrrrrrrrrrrrrrrrrrrrrrrr,8498.0
8500,0,GggggrrrrrrrrrggGGgrrrrr,8503.0
8505,1,yggggrrrrrrrrrggyygrrrrr,8506.0
8510,2,rGGGGrrrrrrrrrggrrGrrrrr,8511.0
8515,4,rrrrrgGGggggggrrrrrrrrrr,8519.0
8520,5,rrrrryyyyyyyyyrrrrrrrrrr,8522.0
8525,6,rrrrrrrrrrrrrrrrrrrGGGGG,8527.0
8530,7,rrrrrrrrrrrrrrrrrrrrrrrr,8532.0
8535,0,GggggrrrrrrrrrggGGgrrrrr,8537.0
8540,2,rGGGGrrrrrrrrrggrrGrrrrr,8545.0
8545,3,ryyyyrrrrrrrrryyrryrrrrr,8548.0
8550,4,rrrrrgGGggggggrrrrrrrrrr,8553.0
8555,5,rrrrryyyyyyyyyrrrrrrrrrr,8556.0
8560,6,rrrrrrrrrrrrrrrrrrrGGGGG,8561.0
8565,7,rrrrrrrrrrrrrrrrrrrrrrrr,8566.0
8570,0,GggggrrrrrrrrrggGGgrrrrr,8571.0
8575,2,rGGGGrrrrrrrrrggrrGrrrrr,8579.0
8580,3,ryyyyrrrrrrrrryyrryrrrrr,8582.0
8585,4,rrrrrgGGggggggrrrrrrrrrr,8587.0
8590,6,rrrrrrrrrrrrrrrrrrrGGGGG,8595.0
8595,7,rrrrrrrrrrrrrrrrrrrrrrrr,8600.0
8600,0,GggggrrrrrrrrrggGGgrrrrr,8605.0
8605,1,yggggrrrrrrrrrggyygrrrrr,8608.0
8610,2,rGGGGrrrrrrrrrggrrGrrrrr,8613.0
8615,3,ryyyyrrrrrrrrryyrryrrrrr,8616.0
8620,4,rrrrrgGGggggggrrrrrrrrrr,8621.0
8625,6,rrrrrrrrrrrrrrrrrrrGGGGG,8629.0
8630,7,rrrrrrrrrrrrrrrrrrrrrrrr,8634.0
8635,0,GggggrrrrrrrrrggGGgrrrrr,8639.0
8640,1,yggggrrrrrrrrrggyygrrrrr,8642.0
8645,2,rGGGGrrrrrrrrrggrrGrrrrr,8647.0
8650,4,rrrrrgGGggggggrrrrrrrrrr,8655.0
8655,5,rrrrryyyyyyyyyrrrrrrrrrr,8658.0
8660,6,rrrrrrrrrrrrrrrrrrrGGGGG,8663.0
8665,7,rrrrrrrrrrrrrrrrrrrrrrrr,8668.0
8670,0,GggggrrrrrrrrrggGGgrrrrr,8673.0
8675,1,yggggrrrrrrrrrggyygrrrrr,8676.0
8680,2,rGGGGrrrrrrrrrggrrGrrrrr,8681.0
8685,4,rrrrrgGGggggggrrrrrrrrrr,8689.0
8690,5,rrrrryyyyyyyyyrrrrrrrrrr,8692.0
8695,6,rrrrrrrrrrrrrrrrrrrGGGGG,8697.0
8700,7,rrrrrrrrrrrrrrrrrrrrrrrr,8702.0
8705,0,GggggrrrrrrrrrggGGgrrrrr,8707.0
8710,2,rGGGGrrrrrrrrrggrrGrrrrr,8715.0
8715,3,ryyyyrrrrrrrrryyrryrrrrr,8718.0
8720,4,rrrrrgGGggggggrrrrrrrrrr,8723.0
8725,5,rrrrryyyyyyyyyrrrrrrrrrr,8726.0
8730,6,rrrrrrrrrrrrrrrrrrrGGGGG,8731.0
8735,7,rrrrrrrrrrrrrrrrrrrrrrrr,8736.0
8740,0,GggggrrrrrrrrrggGGgrrrrr,8741.0
8745,2,rGGGGrrrrrrrrrggrrGrrrrr,8749.0
8750,3,ryyyyrrrrrrrrryyrryrrrrr,8752.0
8755,4,rrrrrgGGggggggrrrrrrrrrr,8757.0
8760,6,rrrrrrrrrrrrrrrrrrrGGGGG,8765.0
8765,7,rrrrrrrrrrrrrrrrrrrrrrrr,8770.0
8770,0,GggggrrrrrrrrrggGGgrrrrr,8775.0
8775,1,yggggrrrrrrrrrggyygrrrrr,8778.0
8780,2,rGGGGrrrrrrrrrggrrGrrrrr,8783.0
8785,3,ryyyyrrrrrrrrryyrryrrrrr,8786.0
8790,4,rrrrrgGGggggggrrrrrrrrrr,8791.0
8795,6,rrrrrrrrrrrrrrrrrrrGGGGG,8799.0
8800,7,rrrrrrrrrrrrrrrrrrrrrrrr,8804.0
8805,0,GggggrrrrrrrrrggGGgrrrrr,8809.0
8810,1,yggggrrrrrrrrrggyygrrrrr,8812.0
8815,2,rGGGGrrrrrrrrrggrrGrrrrr,8817.0
8820,4,rrrrrgGGggggggrrrrrrrrrr,8825.0
8825,5,rrrrryyyyyyyyyrrrrrrrrrr,8828.0
8830,6,rrrrrrrrrrrrrrrrrrrGGGGG,8833.0
8835,7,rrrrrrrrrrrrrrrrrrrrrrrr,8838.0
8840,0,GggggrrrrrrrrrggGGgrrrrr,8843.0
8845,1,yggggrrrrrrrrrggyygrrrrr,8846.0
8850,2,rGGGGrrrrrrrrrggrrGrrrrr,8851.0
8855,4,rrrrrgGGggggggrrrrrrrrrr,8859.0
8860,5,rrrrryyyyyyyyyrrrrrrrrrr,8862.0
8865,6,rrrrrrrrrrrrrrrrrrrGGGGG,8867.0
8870,7,rrrrrrrrrrrrrrrrrrrrrrrr,8872.0
8875,0,GggggrrrrrrrrrggGGgrrrrr,8877.0
8880,2,rGGGGrrrrrrrrrggrrGrrrrr,8885.0
8885,3,ryyyyrrrrrrrrryyrryrrrrr,8888.0
8890,4,rrrrrgGGggggggrrrrrrrrrr,8893.0
8895,5,rrrrryyyyyyyyyrrrrrrrrrr,8896.0
8900,6,rrrrrrrrrrrrrrrrrrrGGGGG,8901.0
8905,7,rrrrrrrrrrrrrrrrrrrrrrrr,8906.0
8910,0,GggggrrrrrrrrrggGGgrrrrr,8911.0
8915,2,rGGGGrrrrrrrrrggrrGrrrrr,8919.0
8920,3,ryyyyrrrrrrrrryyrryrrrrr,8922.0
8925,4,rrrrrgGGggggggrrrrrrrrrr,8927.0
8930,6,rrrrrrrrrrrrrrrrrrrGGGGG,8935.0
8935,7,rrrrrrrrrrrrrrrrrrrrrrrr,8940.0
8940,0,GggggrrrrrrrrrggGGgrrrrr,8945.0
8945,1,yggggrrrrrrrrrggyygrrrrr,8948.0
8950,2,rGGGGrrrrrrrrrggrrGrrrrr,8953.0
8955,3,ryyyyrrrrrrrrryyrryrrrrr,8956.0
8960,4,rrrrrgGGggggggrrrrrrrrrr,8961.0
8965,6,rrrrrrrrrrrrrrrrrrrGGGGG,8969.0
8970,7,rrrrrrrrrrrrrrrrrrrrrrrr,8974.0
8975,0,GggggrrrrrrrrrggGGgrrrrr,8979.0
8980,1,yggggrrrrrrrrrggyygrrrrr,8982.0
8985,2,rGGGGrrrrrrrrrggrrGrrrrr,8987.0
8990,4,rrrrrgGGggggggrrrrrrrrrr,8995.0
8995,5,rrrrryyyyyyyyyrrrrrrrrrr,8998.0
9000,6,rrrrrrrrrrrrrrrrrrrGGGGG,9003.0
9005,7,rrrrrrrrrrrrrrrrrrrrrrrr,9008.0
9010,0,GggggrrrrrrrrrggGGgrrrrr,9013.0
9015,1,yggggrrrrrrrrrggyygrrrrr,9016.0
9020,2,rGGGGrrrrrrrrrggrrGrrrrr,9021.0
9025,4,rrrrrgGGggggggrrrrrrrrrr,9029.0
9030,5,rrrrryyyyyyyyyrrrrrrrrrr,9032.0
9035,6,rrrrrrrrrrrrrrrrrrrGGGGG,9037.0
9040,7,rrrrrrrrrrrrrrrrrrrrrrrr,9042.0
9045,0,GggggrrrrrrrrrggGGgrrrrr,9047.0
9050,2,rGGGGrrrrrrrrrggrrGrrrrr,9055.0
9055,3,ryyyyrrrrrrrrryyrryrrrrr,9058.0
9060,4,rrrrrgGGggggggrrrrrrrrrr,9063.0
9065,5,rrrrryyyyyyyyyrrrrrrrrrr,9066.0
9070,6,rrrrrrrrrrrrrrrrrrrGGGGG,9071.0
9075,7,rrrrrrrrrrrrrrrrrrrrrrrr,9076.0
9080,0,GggggrrrrrrrrrggGGgrrrrr,9081.0
9085,2,rGGGGrrrrrrrrrggrrGrrrrr,9089.0
9090,3,ryyyyrrrrrrrrryyrryrrrrr,9092.0
9095,4,rrrrrgGGggggggrrrrrrrrrr,9097.0
9100,6,rrrrrrrrrrrrrrrrrrrGGGGG,9105.0
9105,7,rrrrrrrrrrrrrrrrrrrrrrrr,9110.0
9110,0,GggggrrrrrrrrrggGGgrrrrr,9115.0
9115,1,yggggrrrrrrrrrggyygrrrrr,9118.0
9120,2,rGGGGrrrrrrrrrggrrGrrrrr,9123.0
9125,3,ryyyyrrrrrrrrryyrryrrrrr,9126.0
9130,4,rrrrrgGGggggggrrrrrrrrrr,9131.0
9135,6,rrrrrrrrrrrrrrrrrrrGGGGG,9139.0
9140,7,rrrrrrrrrrrrrrrrrrrrrrrr,9144.0
9145,0,GggggrrrrrrrrrggGGgrrrrr,9149.0
9150,1,yggggrrrrrrrrrggyygrrrrr,9152.0
9155,2,rGGGGrrrrrrrrrggrrGrrrrr,9157.0
9160,4,rrrrrgGGggggggrrrrrrrrrr,9165.0
9165,5,rrrrryyyyyyyyyrrrrrrrrrr,9168.0
9170,6,rrrrrrrrrrrrrrrrrrrGGGGG,9173.0
9175,7,rrrrrrrrrrrrrrrrrrrrrrrr,9178.0
9180,0,GggggrrrrrrrrrggGGgrrrrr,9183.0
9185,1,yggggrrrrrrrrrggyygrrrrr,9186.0
9190,2,rGGGGrrrrrrrrrggrrGrrrrr,9191.0
9195,4,rrrrrgGGggggggrrrrrrrrrr,9199.0
9200,5,rrrrryyyyyyyyyrrrrrrrrrr,9202.0
9205,6,rrrrrrrrrrrrrrrrrrrGGGGG,9207.0
9210,7,rrrrrrrrrrrrrrrrrrrrrrrr,9212.0
9215,0,GggggrrrrrrrrrggGGgrrrrr,9217.0
9220,2,rGGGGrrrrrrrrrggrrGrrrrr,9225.0
9225,3,ryyyyrrrrrrrrryyrryrrrrr,9228.0
9230,4,rrrrrgGGggggggrrrrrrrrrr,9233.0
9235,5,rrrrryyyyyyyyyrrrrrrrrrr,9236.0
9240,6,rrrrrrrrrrrrrrrrrrrGGGGG,9241.0
9245,7,rrrrrrrrrrrrrrrrrrrrrrrr,9246.0
9250,0,GggggrrrrrrrrrggGGgrrrrr,9251.0
9255,2,rGGGGrrrrrrrrrggrrGrrrrr,9259.0
9260,3,ryyyyrrrrrrrrryyrryrrrrr,9262.0
9265,4,rrrrrgGGggggggrrrrrrrrrr,9267.0
9270,6,rrrrrrrrrrrrrrrrrrrGGGGG,9275.0
9275,7,rrrrrrrrrrrrrrrrrrrrrrrr,9280.0
9280,0,GggggrrrrrrrrrggGGgrrrrr,9285.0
9285,1,yggggrrrrrrrrrggyygrrrrr,9288.0
9290,2,rGGGGrrrrrrrrrggrrGrrrrr,9293.0
9295,3,ryyyyrrrrrrrrryyrryrrrrr,9296.0
9300,4,rrrrrgGGggggggrrrrrrrrrr,9301.0
9305,6,rrrrrrrrrrrrrrrrrrrGGGGG,9309.0
9310,7,rrrrrrrrrrrrrrrrrrrrrrrr,9314.0
9315,0,GggggrrrrrrrrrggGGgrrrrr,9319.0
9320,1,yggggrrrrrrrrrggyygrrrrr,9322.0
9325,2,rGGGGrrrrrrrrrggrrGrrrrr,9327.0
9330,4,rrrrrgGGggggggrrrrrrrrrr,9335.0
9335,5,rrrrryyyyyyyyyrrrrrrrrrr,9338.0
9340,6,rrrrrrrrrrrrrrrrrrrGGGGG,9343.0
9345,7,rrrrrrrrrrrrrrrrrrrrrrrr,9348.0
9350,0,GggggrrrrrrrrrggGGgrrrrr,9353.0
9355,1,yggggrrrrrrrrrggyygrrrrr,9356.0
9360,2,rGGGGrrrrrrrrrggrrGrrrrr,9361.0
9365,4,rrrrrgGGggggggrrrrrrrrrr,9369.0
9370,5,rrrrryyyyyyyyyrrrrrrrrrr,9372.0
9375,6,rrrrrrrrrrrrrrrrrrrGGGGG,9377.0
9380,7,rrrrrrrrrrrrrrrrrrrrrrrr,9382.0
9385,0,GggggrrrrrrrrrggGGgrrrrr,9387.0
9390,2,rGGGGrrrrrrrrrggrrGrrrrr,9395.0
9395,3,ryyyyrrrrrrrrryyrryrrrrr,9398.0
9400,4,rrrrrgGGggggggrrrrrrrrrr,9403.0
9405,5,rrrrryyyyyyyyyrrrrrrrrrr,9406.0
9410,6,rrrrrrrrrrrrrrrrrrrGGGGG,9411.0
9415,7,rrrrrrrrrrrrrrrrrrrrrrrr,9416.0
9420,0,GggggrrrrrrrrrggGGgrrrrr,9421.0
9425,2,rGGGGrrrrrrrrrggrrGrrrrr,9429.0
9430,3,ryyyyrrrrrrrrryyrryrrrrr,9432.0
9435,4,rrrrrgGGggggggrrrrrrrrrr,9437.0
9440,6,rrrrrrrrrrrrrrrrrrrGGGGG,9445.0
9445,7,rrrrrrrrrrrrrrrrrrrrrrrr,9450.0
9450,0,GggggrrrrrrrrrggGGgrrrrr,9455.0
9455,1,yggggrrrrrrrrrggyygrrrrr,9458.0
9460,2,rGGGGrrrrrrrrrggrrGrrrrr,9463.0
9465,3,ryyyyrrrrrrrrryyrryrrrrr,9466.0
9470,4,rrrrrgGGggggggrrrrrrrrrr,9471.0
9475,6,rrrrrrrrrrrrrrrrrrrGGGGG,9479.0
9480,7,rrrrrrrrrrrrrrrrrrrrrrrr,9484.0
9485,0,GggggrrrrrrrrrggGGgrrrrr,9489.0
9490,1,yggggrrrrrrrrrggyygrrrrr,9492.0
9495,2,rGGGGrrrrrrrrrggrrGrrrrr,9497.0
9500,4,rrrrrgGGggggggrrrrrrrrrr,9505.0
9505,5,rrrrryyyyyyyyyrrrrrrrrrr,9508.0
9510,6,rrrrrrrrrrrrrrrrrrrGGGGG,9513.0
9515,7,rrrrrrrrrrrrrrrrrrrrrrrr,9518.0
9520,0,GggggrrrrrrrrrggGGgrrrrr,9523.0
9525,1,yggggrrrrrrrrrggyygrrrrr,9526.0
9530,2,rGGGGrrrrrrrrrggrrGrrrrr,9531.0
9535,4,rrrrrgGGggggggrrrrrrrrrr,9539.0
9540,5,rrrrryyyyyyyyyrrrrrrrrrr,9542.0
9545,6,rrrrrrrrrrrrrrrrrrrGGGGG,9547.0
9550,7,rrrrrrrrrrrrrrrrrrrrrrrr,9552.0
9555,0,GggggrrrrrrrrrggGGgrrrrr,9557.0
9560,2,rGGGGrrrrrrrrrggrrGrrrrr,9565.0
9565,3,ryyyyrrrrrrrrryyrryrrrrr,9568.0
9570,4,rrrrrgGGggggggrrrrrrrrrr,9573.0
9575,5,rrrrryyyyyyyyyrrrrrrrrrr,9576.0
9580,6,rrrrrrrrrrrrrrrrrrrGGGGG,9581.0
9585,7,rrrrrrrrrrrrrrrrrrrrrrrr,9586.0
9590,0,GggggrrrrrrrrrggGGgrrrrr,9591.0
9595,2,rGGGGrrrrrrrrrggrrGrrrrr,9599.0
9600,3,ryyyyrrrrrrrrryyrryrrrrr,9602.0
9605,4,rrrrrgGGggggggrrrrrrrrrr,9607.0
9610,6,rrrrrrrrrrrrrrrrrrrGGGGG,9615.0
9615,7,rrrrrrrrrrrrrrrrrrrrrrrr,9620.0
9620,0,GggggrrrrrrrrrggGGgrrrrr,9625.0
9625,1,yggggrrrrrrrrrggyygrrrrr,9628.0
9630,2,rGGGGrrrrrrrrrggrrGrrrrr,9633.0
9635,3,ryyyyrrrrrrrrryyrryrrrrr,9636.0
9640,4,rrrrrgGGggggggrrrrrrrrrr,9641.0
9645,6,rrrrrrrrrrrrrrrrrrrGGGGG,9649.0
9650,7,rrrrrrrrrrrrrrrrrrrrrrrr,9654.0
9655,0,GggggrrrrrrrrrggGGgrrrrr,9659.0
9660,1,yggggrrrrrrrrrggyygrrrrr,9662.0
9665,2,rGGGGrrrrrrrrrggrrGrrrrr,9667.0
9670,4,rrrrrgGGggggggrrrrrrrrrr,9675.0
9675,5,rrrrryyyyyyyyyrrrrrrrrrr,9678.0
9680,6,rrrrrrrrrrrrrrrrrrrGGGGG,9683.0
9685,7,rrrrrrrrrrrrrrrrrrrrrrrr,9688.0
9690,0,GggggrrrrrrrrrggGGgrrrrr,9693.0
9695,1,yggggrrrrrrrrrggyygrrrrr,9696.0
9700,2,rGGGGrrrrrrrrrggrrGrrrrr,9701.0
9705,4,rrrrrgGGggggggrrrrrrrrrr,9709.0
9710,5,rrrrryyyyyyyyyrrrrrrrrrr,9712.0
9715,6,rrrrrrrrrrrrrrrrrrrGGGGG,9717.0
9720,7,rrrrrrrrrrrrrrrrrrrrrrrr,9722.0
9725,0,GggggrrrrrrrrrggGGgrrrrr,9727.0
9730,2,rGGGGrrrrrrrrrggrrGrrrrr,9735.0
9735,3,ryyyyrrrrrrrrryyrryrrrrr,9738.0
9740,4,rrrrrgGGggggggrrrrrrrrrr,9743.0
9745,5,rrrrryyyyyyyyyrrrrrrrrrr,9746.0
9750,6,rrrrrrrrrrrrrrrrrrrGGGGG,9751.0
9755,7,rrrrrrrrrrrrrrrrrrrrrrrr,9756.0
9760,0,GggggrrrrrrrrrggGGgrrrrr,9761.0
9765,2,rGGGGrrrrrrrrrggrrGrrrrr,9769.0
9770,3,ryyyyrrrrrrrrryyrryrrrrr,9772.0
9775,4,rrrrrgGGggggggrrrrrrrrrr,9777.0
9780,6,rrrrrrrrrrrrrrrrrrrGGGGG,9785.0
9785,7,rrrrrrrrrrrrrrrrrrrrrrrr,9790.0
9790,0,GggggrrrrrrrrrggGGgrrrrr,9795.0
9795,1,yggggrrrrrrrrrggyygrrrrr,9798.0
9800,2,rGGGGrrrrrrrrrggrrGrrrrr,9803.0
9805,3,ryyyyrrrrrrrrryyrryrrrrr,9806.0
9810,4,rrrrrgGGggggggrrrrrrrrrr,9811.0
9815,6,rrrrrrrrrrrrrrrrrrrGGGGG,9819.0
9820,7,rrrrrrrrrrrrrrrrrrrrrrrr,9824.0
9825,0,GggggrrrrrrrrrggGGgrrrrr,9829.0
9830,1,yggggrrrrrrrrrggyygrrrrr,9832.0
9835,2,rGGGGrrrrrrrrrggrrGrrrrr,9837.0
9840,4,rrrrrgGGggggggrrrrrrrrrr,9845.0
9845,5,rrrrryyyyyyyyyrrrrrrrrrr,9848.0
9850,6,rrrrrrrrrrrrrrrrrrrGGGGG,9853.0
9855,7,rrrrrrrrrrrrrrrrrrrrrrrr,9858.0
9860,0,GggggrrrrrrrrrggGGgrrrrr,9863.0
9865,1,yggggrrrrrrrrrggyygrrrrr,9866.0
9870,2,rGGGGrrrrrrrrrggrrGrrrrr,9871.0
9875,4,rrrrrgGGggggggrrrrrrrrrr,9879.0
9880,5,rrrrryyyyyyyyyrrrrrrrrrr,9882.0
9885,6,rrrrrrrrrrrrrrrrrrrGGGGG,9887.0
9890,7,rrrrrrrrrrrrrrrrrrrrrrrr,9892.0
9895,0,GggggrrrrrrrrrggGGgrrrrr,9897.0
9900,2,rGGGGrrrrrrrrrggrrGrrrrr,9905.0
9905,3,ryyyyrrrrrrrrryyrryrrrrr,9908.0
9910,4,rrrrrgGGggggggrrrrrrrrrr,9913.0
9915,5,rrrrryyyyyyyyyrrrrrrrrrr,9916.0
9920,6,rrrrrrrrrrrrrrrrrrrGGGGG,9921.0
9925,7,rrrrrrrrrrrrrrrrrrrrrrrr,9926.0
9930,0,GggggrrrrrrrrrggGGgrrrrr,9931.0
9935,2,rGGGGrrrrrrrrrggrrGrrrrr,9939.0
9940,3,ryyyyrrrrrrrrryyrryrrrrr,9942.0
9945,4,rrrrrgGGggggggrrrrrrrrrr,9947.0
9950,6,rrrrrrrrrrrrrrrrrrrGGGGG,9955.0
9955,7,rrrrrrrrrrrrrrrrrrrrrrrr,9960.0
9960,0,GggggrrrrrrrrrggGGgrrrrr,9965.0
9965,1,yggggrrrrrrrrrggyygrrrrr,9968.0
9970,2,rGGGGrrrrrrrrrggrrGrrrrr,9973.0
9975,3,ryyyyrrrrrrrrryyrryrrrrr,9976.0
9980,4,rrrrrgGGggggggrrrrrrrrrr,9981.0
9985,6,rrrrrrrrrrrrrrrrrrrGGGGG,9989.0
9990,7,rrrrrrrrrrrrrrrrrrrrrrrr,9994.0
9995,0,GggggrrrrrrrrrggGGgrrrrr,9999.0
