0,0,GGGGGGGGrr,5.0
5,1,yyyyyyyyrr,8.0
10,2,rrrrrrrrGG,13.0
15,3,rrrrrrrrrr,18.0
20,0,GGGGGGGGrr,23.0
25,1,yyyyyyyyrr,26.0
30,2,rrrrrrrrGG,31.0
35,3,rrrrrrrrrr,36.0
40,0,GGGGGGGGrr,41.0
45,2,rrrrrrrrGG,49.0
50,3,rrrrrrrrrr,54.0
55,0,GGGGGGGGrr,59.0
60,1,yyyyyyyyrr,62.0
65,2,rrrrrrrrGG,67.0
70,3,rrrrrrrrrr,72.0
75,0,GGGGGGGGrr,77.0
80,2,rrrrrrrrGG,85.0
85,3,rrrrrrrrrr,90.0
90,0,GGGGGGGGrr,95.0
95,1,yyyyyyyyrr,98.0
100,2,rrrrrrrrGG,103.0
105,3,rrrrrrrrrr,108.0
110,0,GGGGGGGGrr,113.0
115,1,yyyyyyyyrr,116.0
120,2,rrrrrrrrGG,121.0
125,3,rrrrrrrrrr,126.0
130,0,GGGGGGGGrr,131.0
135,1,yyyyyyyyrr,138.0
140,2,rrrrrrrrGG,143.0
145,3,rrrrrrrrrr,148.0
150,0,GGGGGGGGrr,153.0
155,1,yyyyyyyyrr,156.0
160,2,rrrrrrrrGG,161.0
165,3,rrrrrrrrrr,166.0
170,0,GGGGGGGGrr,171.0
175,2,rrrrrrrrGG,179.0
180,3,rrrrrrrrrr,184.0
185,0,GGGGGGGGrr,189.0
190,1,yyyyyyyyrr,192.0
195,2,rrrrrrrrGG,197.0
200,3,rrrrrrrrrr,202.0
205,0,GGGGGGGGrr,207.0
210,2,rrrrrrrrGG,215.0
215,3,rrrrrrrrrr,220.0
220,0,GGGGGGGGrr,225.0
225,1,yyyyyyyyrr,228.0
230,2,rrrrrrrrGG,233.0
235,3,rrrrrrrrrr,238.0
240,0,GGGGGGGGrr,243.0
245,1,yyyyyyyyrr,246.0
250,2,rrrrrrrrGG,251.0
255,3,rrrrrrrrrr,256.0
260,0,GGGGGGGGrr,261.0
265,1,yyyyyyyyrr,266.0
270,2,rrrrrrrrGG,271.0
275,3,rrrrrrrrrr,276.0
280,0,GGGGGGGGrr,281.0
285,1,yyyyyyyyrr,286.0
290,2,rrrrrrrrGG,291.0
295,3,rrrrrrrrrr,296.0
300,0,GGGGGGGGrr,301.0
305,2,rrrrrrrrGG,309.0
310,3,rrrrrrrrrr,314.0
315,0,GGGGGGGGrr,319.0
320,0,GGGGGGGGrr,321.0
325,2,rrrrrrrrGG,329.0
330,3,rrrrrrrrrr,334.0
335,0,GGGGGGGGrr,339.0
340,1,yyyyyyyyrr,342.0
345,2,rrrrrrrrGG,347.0
350,3,rrrrrrrrrr,352.0
355,0,GGGGGGGGrr,357.0
360,2,rrrrrrrrGG,365.0
365,3,rrrrrrrrrr,370.0
370,0,GGGGGGGGrr,375.0
375,1,yyyyyyyyrr,378.0
380,2,rrrrrrrrGG,383.0
385,3,rrrrrrrrrr,388.0
390,0,GGGGGGGGrr,393.0
395,0,GGGGGGGGrr,397.0
400,1,yyyyyyyyrr,401.0
405,2,rrrrrrrrGG,406.0
410,3,rrrrrrrrrr,411.0
415,0,GGGGGGGGrr,416.0
420,2,rrrrrrrrGG,424.0
425,3,rrrrrrrrrr,429.0
430,0,GGGGGGGGrr,434.0
435,0,GGGGGGGGrr,437.0
440,1,yyyyyyyyrr,441.0
445,2,rrrrrrrrGG,446.0
450,3,rrrrrrrrrr,451.0
455,0,GGGGGGGGrr,456.0
460,2,rrrrrrrrGG,464.0
465,3,rrrrrrrrrr,469.0
470,0,GGGGGGGGrr,474.0
475,1,yyyyyyyyrr,477.0
480,2,rrrrrrrrGG,482.0
485,3,rrrrrrrrrr,487.0
490,0,GGGGGGGGrr,492.0
495,2,rrrrrrrrGG,500.0
500,3,rrrrrrrrrr,505.0
505,0,GGGGGGGGrr,510.0
510,1,yyyyyyyyrr,513.0
515,2,rrrrrrrrGG,518.0
520,3,rrrrrrrrrr,523.0
525,0,GGGGGGGGrr,528.0
530,1,yyyyyyyyrr,533.0
535,2,rrrrrrrrGG,538.0
540,3,rrrrrrrrrr,543.0
545,0,GGGGGGGGrr,548.0
550,1,yyyyyyyyrr,551.0
555,2,rrrrrrrrGG,556.0
560,3,rrrrrrrrrr,561.0
565,0,GGGGGGGGrr,566.0
570,2,rrrrrrrrGG,574.0
575,3,rrrrrrrrrr,579.0
580,0,GGGGGGGGrr,584.0
585,1,yyyyyyyyrr,587.0
590,2,rrrrrrrrGG,592.0
595,3,rrrrrrrrrr,597.0
600,0,GGGGGGGGrr,602.0
605,2,rrrrrrrrGG,610.0
610,3,rrrrrrrrrr,615.0
615,0,GGGGGGGGrr,620.0
620,1,yyyyyyyyrr,623.0
625,2,rrrrrrrrGG,628.0
630,3,rrrrrrrrrr,633.0
635,0,GGGGGGGGrr,638.0
640,1,yyyyyyyyrr,642.0
645,2,rrrrrrrrGG,647.0
650,3,rrrrrrrrrr,652.0
655,0,GGGGGGGGrr,657.0
660,2,rrrrrrrrGG,665.0
665,3,rrrrrrrrrr,670.0
670,0,GGGGGGGGrr,675.0
675,1,yyyyyyyyrr,678.0
680,2,rrrrrrrrGG,683.0
685,3,rrrrrrrrrr,688.0
690,0,GGGGGGGGrr,693.0
695,1,yyyyyyyyrr,698.0
700,2,rrrrrrrrGG,703.0
705,3,rrrrrrrrrr,708.0
710,0,GGGGGGGGrr,713.0
715,1,yyyyyyyyrr,718.0
720,2,rrrrrrrrGG,723.0
725,3,rrrrrrrrrr,728.0
730,0,GGGGGGGGrr,733.0
735,1,yyyyyyyyrr,738.0
740,2,rrrrrrrrGG,743.0
745,3,rrrrrrrrrr,748.0
750,0,GGGGGGGGrr,753.0
755,1,yyyyyyyyrr,758.0
760,2,rrrrrrrrGG,763.0
765,3,rrrrrrrrrr,768.0
770,0,GGGGGGGGrr,773.0
775,1,yyyyyyyyrr,776.0
780,2,rrrrrrrrGG,781.0
785,3,rrrrrrrrrr,786.0
790,0,GGGGGGGGrr,791.0
795,0,GGGGGGGGrr,796.0
800,0,GGGGGGGGrr,801.0
805,1,yyyyyyyyrr,806.0
810,2,rrrrrrrrGG,811.0
815,3,rrrrrrrrrr,816.0
820,0,GGGGGGGGrr,821.0
825,0,GGGGGGGGrr,826.0
830,2,rrrrrrrrGG,834.0
835,3,rrrrrrrrrr,839.0
840,0,GGGGGGGGrr,844.0
845,0,GGGGGGGGrr,846.0
850,1,yyyyyyyyrr,851.0
855,2,rrrrrrrrGG,856.0
860,3,rrrrrrrrrr,861.0
865,0,GGGGGGGGrr,866.0
870,2,rrrrrrrrGG,874.0
875,3,rrrrrrrrrr,879.0
880,0,GGGGGGGGrr,884.0
885,0,GGGGGGGGrr,886.0
890,0,GGGGGGGGrr,892.0
895,1,yyyyyyyyrr,898.0
900,2,rrrrrrrrGG,903.0
905,3,rrrrrrrrrr,908.0
910,0,GGGGGGGGrr,913.0
915,1,yyyyyyyyrr,916.0
920,2,rrrrrrrrGG,921.0
925,3,rrrrrrrrrr,926.0
930,0,GGGGGGGGrr,931.0
935,0,GGGGGGGGrr,937.0
940,0,GGGGGGGGrr,941.0
945,2,rrrrrrrrGG,949.0
950,3,rrrrrrrrrr,954.0
955,0,GGGGGGGGrr,959.0
960,1,yyyyyyyyrr,962.0
965,2,rrrrrrrrGG,967.0
970,3,rrrrrrrrrr,972.0
975,0,GGGGGGGGrr,977.0
980,0,GGGGGGGGrr,981.0
985,2,rrrrrrrrGG,990.0
990,3,rrrrrrrrrr,995.0
995,0,GGGGGGGGrr,1000.0
1000,0,GGGGGGGGrr,1002.0
1005,0,GGGGGGGGrr,1006.0
1010,2,rrrrrrrrGG,1014.0
1015,3,rrrrrrrrrr,1019.0
1020,0,GGGGGGGGrr,1024.0
1025,0,GGGGGGGGrr,1026.0
1030,2,rrrrrrrrGG,1035.0
1035,3,rrrrrrrrrr,1040.0
1040,0,GGGGGGGGrr,1045.0
1045,0,GGGGGGGGrr,1047.0
1050,0,GGGGGGGGrr,1052.0
1055,1,yyyyyyyyrr,1057.0
1060,2,rrrrrrrrGG,1062.0
1065,3,rrrrrrrrrr,1067.0
1070,0,GGGGGGGGrr,1072.0
1075,0,GGGGGGGGrr,1076.0
1080,2,rrrrrrrrGG,1085.0
1085,3,rrrrrrrrrr,1090.0
1090,0,GGGGGGGGrr,1095.0
1095,0,GGGGGGGGrr,1097.0
1100,0,GGGGGGGGrr,1101.0
1105,2,rrrrrrrrGG,1110.0
1110,3,rrrrrrrrrr,1115.0
1115,0,GGGGGGGGrr,1120.0
1120,1,yyyyyyyyrr,1123.0
1125,2,rrrrrrrrGG,1128.0
1130,3,rrrrrrrrrr,1133.0
1135,0,GGGGGGGGrr,1138.0
1140,1,yyyyyyyyrr,1141.0
1145,2,rrrrrrrrGG,1146.0
1150,3,rrrrrrrrrr,1151.0
1155,0,GGGGGGGGrr,1156.0
1160,2,rrrrrrrrGG,1165.0
1165,3,rrrrrrrrrr,1170.0
1170,0,GGGGGGGGrr,1175.0
1175,0,GGGGGGGGrr,1176.0
1180,2,rrrrrrrrGG,1185.0
1185,3,rrrrrrrrrr,1190.0
1190,0,GGGGGGGGrr,1195.0
1195,0,GGGGGGGGrr,1197.0
1200,1,yyyyyyyyrr,1203.0
1205,2,rrrrrrrrGG,1208.0
1210,3,rrrrrrrrrr,1213.0
1215,0,GGGGGGGGrr,1218.0
1220,0,GGGGGGGGrr,1221.0
1225,2,rrrrrrrrGG,1229.0
1230,3,rrrrrrrrrr,1234.0
1235,0,GGGGGGGGrr,1239.0
1240,0,GGGGGGGGrr,1241.0
1245,0,GGGGGGGGrr,1246.0
1250,1,yyyyyyyyrr,1251.0
1255,2,rrrrrrrrGG,1256.0
1260,3,rrrrrrrrrr,1261.0
1265,0,GGGGGGGGrr,1266.0
1270,2,rrrrrrrrGG,1275.0
1275,3,rrrrrrrrrr,1280.0
1280,0,GGGGGGGGrr,1285.0
1285,0,GGGGGGGGrr,1286.0
1290,0,GGGGGGGGrr,1292.0
1295,1,yyyyyyyyrr,1297.0
1300,2,rrrrrrrrGG,1302.0
1305,3,rrrrrrrrrr,1307.0
1310,0,GGGGGGGGrr,1312.0
1315,1,yyyyyyyyrr,1317.0
1320,2,rrrrrrrrGG,1322.0
1325,3,rrrrrrrrrr,1327.0
1330,0,GGGGGGGGrr,1332.0
1335,2,rrrrrrrrGG,1340.0
1340,3,rrrrrrrrrr,1345.0
1345,0,GGGGGGGGrr,1350.0
1350,1,yyyyyyyyrr,1353.0
1355,2,rrrrrrrrGG,1358.0
1360,3,rrrrrrrrrr,1363.0
1365,0,GGGGGGGGrr,1368.0
1370,0,GGGGGGGGrr,1372.0
1375,1,yyyyyyyyrr,1376.0
1380,2,rrrrrrrrGG,1381.0
1385,3,rrrrrrrrrr,1386.0
1390,0,GGGGGGGGrr,1391.0
1395,2,rrrrrrrrGG,1399.0
1400,3,rrrrrrrrrr,1404.0
1405,0,GGGGGGGGrr,1409.0
1410,1,yyyyyyyyrr,1412.0
1415,2,rrrrrrrrGG,1417.0
1420,3,rrrrrrrrrr,1422.0
1425,0,GGGGGGGGrr,1427.0
1430,0,GGGGGGGGrr,1432.0
1435,0,GGGGGGGGrr,1436.0
1440,2,rrrrrrrrGG,1445.0
1445,3,rrrrrrrrrr,1450.0
1450,0,GGGGGGGGrr,1455.0
1455,1,yyyyyyyyrr,1458.0
1460,2,rrrrrrrrGG,1463.0
1465,3,rrrrrrrrrr,1468.0
1470,0,GGGGGGGGrr,1473.0
1475,1,yyyyyyyyrr,1476.0
1480,2,rrrrrrrrGG,1481.0
1485,3,rrrrrrrrrr,1486.0
1490,0,GGGGGGGGrr,1491.0
1495,2,rrrrrrrrGG,1499.0
1500,3,rrrrrrrrrr,1504.0
1505,0,GGGGGGGGrr,1509.0
1510,0,GGGGGGGGrr,1511.0
1515,2,rrrrrrrrGG,1519.0
1520,3,rrrrrrrrrr,1524.0
1525,0,GGGGGGGGrr,1529.0
1530,0,GGGGGGGGrr,1531.0
1535,2,rrrrrrrrGG,1539.0
1540,3,rrrrrrrrrr,1544.0
1545,0,GGGGGGGGrr,1549.0
1550,1,yyyyyyyyrr,1552.0
1555,2,rrrrrrrrGG,1557.0
1560,3,rrrrrrrrrr,1562.0
1565,0,GGGGGGGGrr,1567.0
1570,2,rrrrrrrrGG,1575.0
1575,3,rrrrrrrrrr,1580.0
1580,0,GGGGGGGGrr,1585.0
1585,0,GGGGGGGGrr,1586.0
1590,2,rrrrrrrrGG,1595.0
1595,3,rrrrrrrrrr,1600.0
1600,0,GGGGGGGGrr,1605.0
1605,1,yyyyyyyyrr,1608.0
1610,2,rrrrrrrrGG,1613.0
1615,3,rrrrrrrrrr,1618.0
1620,0,GGGGGGGGrr,1623.0
1625,1,yyyyyyyyrr,1626.0
1630,2,rrrrrrrrGG,1631.0
1635,3,rrrrrrrrrr,1636.0
1640,0,GGGGGGGGrr,1641.0
1645,2,rrrrrrrrGG,1649.0
1650,3,rrrrrrrrrr,1654.0
1655,0,GGGGGGGGrr,1659.0
1660,0,GGGGGGGGrr,1661.0
1665,2,rrrrrrrrGG,1669.0
1670,3,rrrrrrrrrr,1674.0
1675,0,GGGGGGGGrr,1679.0
1680,0,GGGGGGGGrr,1681.0
1685,2,rrrrrrrrGG,1689.0
1690,3,rrrrrrrrrr,1694.0
1695,0,GGGGGGGGrr,1699.0
1700,1,yyyyyyyyrr,1702.0
1705,2,rrrrrrrrGG,1707.0
1710,3,rrrrrrrrrr,1712.0
1715,0,GGGGGGGGrr,1717.0
1720,0,GGGGGGGGrr,1721.0
1725,2,rrrrrrrrGG,1729.0
1730,3,rrrrrrrrrr,1734.0
1735,0,GGGGGGGGrr,1739.0
1740,0,GGGGGGGGrr,1741.0
1745,1,yyyyyyyyrr,1747.0
1750,2,rrrrrrrrGG,1752.0
1755,3,rrrrrrrrrr,1757.0
1760,0,GGGGGGGGrr,1762.0
1765,1,yyyyyyyyrr,1768.0
1770,2,rrrrrrrrGG,1773.0
1775,3,rrrrrrrrrr,1778.0
1780,0,GGGGGGGGrr,1783.0
1785,1,yyyyyyyyrr,1786.0
1790,2,rrrrrrrrGG,1791.0
1795,3,rrrrrrrrrr,1796.0
1800,0,GGGGGGGGrr,1801.0
1805,2,rrrrrrrrGG,1809.0
1810,3,rrrrrrrrrr,1814.0
1815,0,GGGGGGGGrr,1819.0
1820,1,yyyyyyyyrr,1822.0
1825,2,rrrrrrrrGG,1827.0
1830,3,rrrrrrrrrr,1832.0
1835,0,GGGGGGGGrr,1837.0
1840,0,GGGGGGGGrr,1841.0
1845,2,rrrrrrrrGG,1850.0
1850,3,rrrrrrrrrr,1855.0
1855,0,GGGGGGGGrr,1860.0
1860,1,yyyyyyyyrr,1863.0
1865,2,rrrrrrrrGG,1868.0
1870,3,rrrrrrrrrr,1873.0
1875,0,GGGGGGGGrr,1878.0
1880,0,GGGGGGGGrr,1881.0
1885,2,rrrrrrrrGG,1890.0
1890,3,rrrrrrrrrr,1895.0
1895,0,GGGGGGGGrr,1900.0
1900,0,GGGGGGGGrr,1901.0
1905,2,rrrrrrrrGG,1909.0
1910,3,rrrrrrrrrr,1914.0
1915,0,GGGGGGGGrr,1919.0
1920,1,yyyyyyyyrr,1922.0
1925,2,rrrrrrrrGG,1927.0
1930,3,rrrrrrrrrr,1932.0
1935,0,GGGGGGGGrr,1937.0
1940,1,yyyyyyyyrr,1941.0
1945,2,rrrrrrrrGG,1946.0
1950,3,rrrrrrrrrr,1951.0
1955,0,GGGGGGGGrr,1956.0
1960,2,rrrrrrrrGG,1964.0
1965,3,rrrrrrrrrr,1969.0
1970,0,GGGGGGGGrr,1974.0
1975,0,GGGGGGGGrr,1976.0
1980,1,yyyyyyyyrr,1981.0
1985,2,rrrrrrrrGG,1986.0
1990,3,rrrrrrrrrr,1991.0
1995,0,GGGGGGGGrr,1996.0
2000,2,rrrrrrrrGG,2005.0
2005,3,rrrrrrrrrr,2010.0
2010,0,GGGGGGGGrr,2015.0
2015,0,GGGGGGGGrr,2017.0
2020,0,GGGGGGGGrr,2021.0
2025,1,yyyyyyyyrr,2028.0
2030,2,rrrrrrrrGG,2033.0
2035,3,rrrrrrrrrr,2038.0
2040,0,GGGGGGGGrr,2043.0
2045,1,yyyyyyyyrr,2048.0
2050,2,rrrrrrrrGG,2053.0
2055,3,rrrrrrrrrr,2058.0
2060,0,GGGGGGGGrr,2063.0
2065,1,yyyyyyyyrr,2068.0
2070,2,rrrrrrrrGG,2073.0
2075,3,rrrrrrrrrr,2078.0
2080,0,GGGGGGGGrr,2083.0
2085,1,yyyyyyyyrr,2088.0
2090,2,rrrrrrrrGG,2093.0
2095,3,rrrrrrrrrr,2098.0
2100,0,GGGGGGGGrr,2103.0
2105,1,yyyyyyyyrr,2106.0
2110,2,rrrrrrrrGG,2111.0
2115,3,rrrrrrrrrr,2116.0
2120,0,GGGGGGGGrr,2121.0
2125,1,yyyyyyyyrr,2127.0
2130,2,rrrrrrrrGG,2132.0
2135,3,rrrrrrrrrr,2137.0
2140,0,GGGGGGGGrr,2142.0
2145,0,GGGGGGGGrr,2146.0
2150,0,GGGGGGGGrr,2151.0
2155,2,rrrrrrrrGG,2160.0
2160,3,rrrrrrrrrr,2165.0
2165,0,GGGGGGGGrr,2170.0
2170,1,yyyyyyyyrr,2173.0
2175,2,rrrrrrrrGG,2178.0
2180,3,rrrrrrrrrr,2183.0
2185,0,GGGGGGGGrr,2188.0
2190,1,yyyyyyyyrr,2193.0
2195,2,rrrrrrrrGG,2198.0
2200,3,rrrrrrrrrr,2203.0
2205,0,GGGGGGGGrr,2208.0
2210,0,GGGGGGGGrr,2211.0
2215,2,rrrrrrrrGG,2220.0
2220,3,rrrrrrrrrr,2225.0
2225,0,GGGGGGGGrr,2230.0
2230,1,yyyyyyyyrr,2233.0
2235,2,rrrrrrrrGG,2238.0
2240,3,rrrrrrrrrr,2243.0
2245,0,GGGGGGGGrr,2248.0
2250,0,GGGGGGGGrr,2252.0
2255,1,yyyyyyyyrr,2258.0
2260,2,rrrrrrrrGG,2263.0
2265,3,rrrrrrrrrr,2268.0
2270,0,GGGGGGGGrr,2273.0
2275,1,yyyyyyyyrr,2276.0
2280,2,rrrrrrrrGG,2281.0
2285,3,rrrrrrrrrr,2286.0
2290,0,GGGGGGGGrr,2291.0
2295,2,rrrrrrrrGG,2299.0
2300,3,rrrrrrrrrr,2304.0
2305,0,GGGGGGGGrr,2309.0
2310,0,GGGGGGGGrr,2311.0
2315,1,yyyyyyyyrr,2318.0
2320,2,rrrrrrrrGG,2323.0
2325,3,rrrrrrrrrr,2328.0
2330,0,GGGGGGGGrr,2333.0
2335,0,GGGGGGGGrr,2337.0
2340,1,yyyyyyyyrr,2342.0
2345,2,rrrrrrrrGG,2347.0
2350,3,rrrrrrrrrr,2352.0
2355,0,GGGGGGGGrr,2357.0
2360,1,yyyyyyyyrr,2361.0
2365,2,rrrrrrrrGG,2366.0
2370,3,rrrrrrrrrr,2371.0
2375,0,GGGGGGGGrr,2376.0
2380,2,rrrrrrrrGG,2384.0
2385,3,rrrrrrrrrr,2389.0
2390,0,GGGGGGGGrr,2394.0
2395,0,GGGGGGGGrr,2396.0
2400,2,rrrrrrrrGG,2404.0
2405,3,rrrrrrrrrr,2409.0
2410,0,GGGGGGGGrr,2414.0
2415,0,GGGGGGGGrr,2416.0
2420,2,rrrrrrrrGG,2424.0
2425,3,rrrrrrrrrr,2429.0
2430,0,GGGGGGGGrr,2434.0
2435,1,yyyyyyyyrr,2437.0
2440,2,rrrrrrrrGG,2442.0
2445,3,rrrrrrrrrr,2447.0
2450,0,GGGGGGGGrr,2452.0
2455,2,rrrrrrrrGG,2460.0
2460,3,rrrrrrrrrr,2465.0
2465,0,GGGGGGGGrr,2470.0
2470,1,yyyyyyyyrr,2473.0
2475,2,rrrrrrrrGG,2478.0
2480,3,rrrrrrrrrr,2483.0
2485,0,GGGGGGGGrr,2488.0
2490,1,yyyyyyyyrr,2493.0
2495,2,rrrrrrrrGG,2498.0
2500,3,rrrrrrrrrr,2503.0
2505,0,GGGGGGGGrr,2508.0
2510,0,GGGGGGGGrr,2511.0
2515,2,rrrrrrrrGG,2520.0
2520,3,rrrrrrrrrr,2525.0
2525,0,GGGGGGGGrr,2530.0
2530,0,GGGGGGGGrr,2531.0
2535,1,yyyyyyyyrr,2537.0
2540,2,rrrrrrrrGG,2542.0
2545,3,rrrrrrrrrr,2547.0
2550,0,GGGGGGGGrr,2552.0
2555,0,GGGGGGGGrr,2556.0
2560,2,rrrrrrrrGG,2564.0
2565,3,rrrrrrrrrr,2569.0
2570,0,GGGGGGGGrr,2574.0
2575,0,GGGGGGGGrr,2576.0
2580,1,yyyyyyyyrr,2583.0
2585,2,rrrrrrrrGG,2588.0
2590,3,rrrrrrrrrr,2593.0
2595,0,GGGGGGGGrr,2598.0
2600,1,yyyyyyyyrr,2601.0
2605,2,rrrrrrrrGG,2606.0
2610,3,rrrrrrrrrr,2611.0
2615,0,GGGGGGGGrr,2616.0
2620,2,rrrrrrrrGG,2624.0
2625,3,rrrrrrrrrr,2629.0
2630,0,GGGGGGGGrr,2634.0
2635,0,GGGGGGGGrr,2636.0
2640,0,GGGGGGGGrr,2641.0
2645,2,rrrrrrrrGG,2649.0
2650,3,rrrrrrrrrr,2654.0
2655,0,GGGGGGGGrr,2659.0
2660,1,yyyyyyyyrr,2662.0
2665,2,rrrrrrrrGG,2667.0
2670,3,rrrrrrrrrr,2672.0
2675,0,GGGGGGGGrr,2677.0
2680,1,yyyyyyyyrr,2682.0
2685,2,rrrrrrrrGG,2687.0
2690,3,rrrrrrrrrr,2692.0
2695,0,GGGGGGGGrr,2697.0
2700,2,rrrrrrrrGG,2705.0
2705,3,rrrrrrrrrr,2710.0
2710,0,GGGGGGGGrr,2715.0
2715,0,GGGGGGGGrr,2717.0
2720,1,yyyyyyyyrr,2722.0
2725,2,rrrrrrrrGG,2727.0
2730,3,rrrrrrrrrr,2732.0
2735,0,GGGGGGGGrr,2737.0
2740,2,rrrrrrrrGG,2745.0
2745,3,rrrrrrrrrr,2750.0
2750,0,GGGGGGGGrr,2755.0
2755,0,GGGGGGGGrr,2756.0
2760,2,rrrrrrrrGG,2765.0
2765,3,rrrrrrrrrr,2770.0
2770,0,GGGGGGGGrr,2775.0
2775,0,GGGGGGGGrr,2776.0
2780,2,rrrrrrrrGG,2784.0
2785,3,rrrrrrrrrr,2789.0
2790,0,GGGGGGGGrr,2794.0
2795,0,GGGGGGGGrr,2796.0
2800,2,rrrrrrrrGG,2804.0
2805,3,rrrrrrrrrr,2809.0
2810,0,GGGGGGGGrr,2814.0
2815,0,GGGGGGGGrr,2816.0
2820,0,GGGGGGGGrr,2821.0
2825,2,rrrrrrrrGG,2830.0
2830,3,rrrrrrrrrr,2835.0
2835,0,GGGGGGGGrr,2840.0
2840,1,yyyyyyyyrr,2843.0
2845,2,rrrrrrrrGG,2848.0
2850,3,rrrrrrrrrr,2853.0
2855,0,GGGGGGGGrr,2858.0
2860,0,GGGGGGGGrr,2862.0
2865,1,yyyyyyyyrr,2867.0
2870,2,rrrrrrrrGG,2872.0
2875,3,rrrrrrrrrr,2877.0
2880,0,GGGGGGGGrr,2882.0
2885,1,yyyyyyyyrr,2887.0
2890,2,rrrrrrrrGG,2892.0
2895,3,rrrrrrrrrr,2897.0
2900,0,GGGGGGGGrr,2902.0
2905,2,rrrrrrrrGG,2910.0
2910,3,rrrrrrrrrr,2915.0
2915,0,GGGGGGGGrr,2920.0
2920,0,GGGGGGGGrr,2922.0
2925,1,yyyyyyyyrr,2928.0
2930,2,rrrrrrrrGG,2933.0
2935,3,rrrrrrrrrr,2938.0
2940,0,GGGGGGGGrr,2943.0
2945,1,yyyyyyyyrr,2946.0
2950,2,rrrrrrrrGG,2951.0
2955,3,rrrrrrrrrr,2956.0
2960,0,GGGGGGGGrr,2961.0
2965,0,GGGGGGGGrr,2966.0
2970,1,yyyyyyyyrr,2971.0
2975,2,rrrrrrrrGG,2976.0
2980,3,rrrrrrrrrr,2981.0
2985,0,GGGGGGGGrr,2986.0
2990,1,yyyyyyyyrr,2991.0
2995,2,rrrrrrrrGG,2996.0
3000,3,rrrrrrrrrr,3001.0
3005,0,GGGGGGGGrr,3006.0
3010,1,yyyyyyyyrr,3011.0
3015,2,rrrrrrrrGG,3016.0
3020,3,rrrrrrrrrr,3021.0
3025,0,GGGGGGGGrr,3026.0
3030,1,yyyyyyyyrr,3031.0
3035,2,rrrrrrrrGG,3036.0
3040,3,rrrrrrrrrr,3041.0
3045,0,GGGGGGGGrr,3046.0
3050,2,rrrrrrrrGG,3054.0
3055,3,rrrrrrrrrr,3059.0
3060,0,GGGGGGGGrr,3064.0
3065,0,GGGGGGGGrr,3066.0
3070,0,GGGGGGGGrr,3072.0
3075,1,yyyyyyyyrr,3078.0
3080,2,rrrrrrrrGG,3083.0
3085,3,rrrrrrrrrr,3088.0
3090,0,GGGGGGGGrr,3093.0
3095,1,yyyyyyyyrr,3097.0
3100,2,rrrrrrrrGG,3102.0
3105,3,rrrrrrrrrr,3107.0
3110,0,GGGGGGGGrr,3112.0
3115,0,GGGGGGGGrr,3116.0
3120,1,yyyyyyyyrr,3122.0
3125,2,rrrrrrrrGG,3127.0
3130,3,rrrrrrrrrr,3132.0
3135,0,GGGGGGGGrr,3137.0
3140,2,rrrrrrrrGG,3145.0
3145,3,rrrrrrrrrr,3150.0
3150,0,GGGGGGGGrr,3155.0
3155,0,GGGGGGGGrr,3157.0
3160,0,GGGGGGGGrr,3162.0
3165,0,GGGGGGGGrr,3167.0
3170,1,yyyyyyyyrr,3171.0
3175,2,rrrrrrrrGG,3176.0
3180,3,rrrrrrrrrr,3181.0
3185,0,GGGGGGGGrr,3186.0
3190,2,rrrrrrrrGG,3195.0
3195,3,rrrrrrrrrr,3200.0
3200,0,GGGGGGGGrr,3205.0
3205,1,yyyyyyyyrr,3208.0
3210,2,rrrrrrrrGG,3213.0
3215,3,rrrrrrrrrr,3218.0
3220,0,GGGGGGGGrr,3223.0
3225,1,yyyyyyyyrr,3226.0
3230,2,rrrrrrrrGG,3231.0
3235,3,rrrrrrrrrr,3236.0
3240,0,GGGGGGGGrr,3241.0
3245,0,GGGGGGGGrr,3246.0
3250,2,rrrrrrrrGG,3255.0
3255,3,rrrrrrrrrr,3260.0
3260,0,GGGGGGGGrr,3265.0
3265,1,yyyyyyyyrr,3268.0
3270,2,rrrrrrrrGG,3273.0
3275,3,rrrrrrrrrr,3278.0
3280,0,GGGGGGGGrr,3283.0
3285,1,yyyyyyyyrr,3288.0
3290,2,rrrrrrrrGG,3293.0
3295,3,rrrrrrrrrr,3298.0
3300,0,GGGGGGGGrr,3303.0
3305,0,GGGGGGGGrr,3307.0
3310,1,yyyyyyyyrr,3312.0
3315,2,rrrrrrrrGG,3317.0
3320,3,rrrrrrrrrr,3322.0
3325,0,GGGGGGGGrr,3327.0
3330,2,rrrrrrrrGG,3335.0
3335,3,rrrrrrrrrr,3340.0
3340,0,GGGGGGGGrr,3345.0
3345,0,GGGGGGGGrr,3346.0
3350,2,rrrrrrrrGG,3354.0
3355,3,rrrrrrrrrr,3359.0
3360,0,GGGGGGGGrr,3364.0
3365,1,yyyyyyyyrr,3367.0
3370,2,rrrrrrrrGG,3372.0
3375,3,rrrrrrrrrr,3377.0
3380,0,GGGGGGGGrr,3382.0
3385,0,GGGGGGGGrr,3386.0
3390,2,rrrrrrrrGG,3394.0
3395,3,rrrrrrrrrr,3399.0
3400,0,GGGGGGGGrr,3404.0
3405,0,GGGGGGGGrr,3406.0
3410,2,rrrrrrrrGG,3414.0
3415,3,rrrrrrrrrr,3419.0
3420,0,GGGGGGGGrr,3424.0
3425,1,yyyyyyyyrr,3427.0
3430,2,rrrrrrrrGG,3432.0
3435,3,rrrrrrrrrr,3437.0
3440,0,GGGGGGGGrr,3442.0
3445,1,yyyyyyyyrr,3447.0
3450,2,rrrrrrrrGG,3452.0
3455,3,rrrrrrrrrr,3457.0
3460,0,GGGGGGGGrr,3462.0
3465,2,rrrrrrrrGG,3470.0
3470,3,rrrrrrrrrr,3475.0
3475,0,GGGGGGGGrr,3480.0
3480,0,GGGGGGGGrr,3481.0
3485,1,yyyyyyyyrr,3488.0
3490,2,rrrrrrrrGG,3493.0
3495,3,rrrrrrrrrr,3498.0
3500,0,GGGGGGGGrr,3503.0
3505,1,yyyyyyyyrr,3506.0
3510,2,rrrrrrrrGG,3511.0
3515,3,rrrrrrrrrr,3516.0
3520,0,GGGGGGGGrr,3521.0
3525,2,rrrrrrrrGG,3529.0
3530,3,rrrrrrrrrr,3534.0
3535,0,GGGGGGGGrr,3539.0
3540,1,yyyyyyyyrr,3543.0
3545,2,rrrrrrrrGG,3548.0
3550,3,rrrrrrrrrr,3553.0
3555,0,GGGGGGGGrr,3558.0
3560,1,yyyyyyyyrr,3563.0
3565,2,rrrrrrrrGG,3568.0
3570,3,rrrrrrrrrr,3573.0
3575,0,GGGGGGGGrr,3578.0
3580,1,yyyyyyyyrr,3583.0
3585,2,rrrrrrrrGG,3588.0
3590,3,rrrrrrrrrr,3593.0
3595,0,GGGGGGGGrr,3598.0
3600,1,yyyyyyyyrr,3601.0
3605,2,rrrrrrrrGG,3606.0
3610,3,rrrrrrrrrr,3611.0
3615,0,GGGGGGGGrr,3616.0
3620,2,rrrrrrrrGG,3625.0
3625,3,rrrrrrrrrr,3630.0
3630,0,GGGGGGGGrr,3635.0
3635,1,yyyyyyyyrr,3638.0
3640,2,rrrrrrrrGG,3643.0
3645,3,rrrrrrrrrr,3648.0
3650,0,GGGGGGGGrr,3653.0
3655,0,GGGGGGGGrr,3657.0
3660,1,yyyyyyyyrr,3662.0
3665,2,rrrrrrrrGG,3667.0
3670,3,rrrrrrrrrr,3672.0
3675,0,GGGGGGGGrr,3677.0
3680,0,GGGGGGGGrr,3681.0
3685,2,rrrrrrrrGG,3689.0
3690,3,rrrrrrrrrr,3694.0
3695,0,GGGGGGGGrr,3699.0
3700,0,GGGGGGGGrr,3701.0
3705,0,GGGGGGGGrr,3706.0
3710,2,rrrrrrrrGG,3714.0
3715,3,rrrrrrrrrr,3719.0
3720,0,GGGGGGGGrr,3724.0
3725,1,yyyyyyyyrr,3727.0
3730,2,rrrrrrrrGG,3732.0
3735,3,rrrrrrrrrr,3737.0
3740,0,GGGGGGGGrr,3742.0
3745,1,yyyyyyyyrr,3747.0
3750,2,rrrrrrrrGG,3752.0
3755,3,rrrrrrrrrr,3757.0
3760,0,GGGGGGGGrr,3762.0
3765,2,rrrrrrrrGG,3770.0
3770,3,rrrrrrrrrr,3775.0
3775,0,GGGGGGGGrr,3780.0
3780,1,yyyyyyyyrr,3783.0
3785,2,rrrrrrrrGG,3788.0
3790,3,rrrrrrrrrr,3793.0
3795,0,GGGGGGGGrr,3798.0
3800,1,yyyyyyyyrr,3801.0
3805,2,rrrrrrrrGG,3806.0
3810,3,rrrrrrrrrr,3811.0
3815,0,GGGGGGGGrr,3816.0
3820,0,GGGGGGGGrr,3821.0
3825,1,yyyyyyyyrr,3826.0
3830,2,rrrrrrrrGG,3831.0
3835,3,rrrrrrrrrr,3836.0
3840,0,GGGGGGGGrr,3841.0
3845,2,rrrrrrrrGG,3849.0
3850,3,rrrrrrrrrr,3854.0
3855,0,GGGGGGGGrr,3859.0
3860,0,GGGGGGGGrr,3861.0
3865,2,rrrrrrrrGG,3869.0
3870,3,rrrrrrrrrr,3874.0
3875,0,GGGGGGGGrr,3879.0
3880,1,yyyyyyyyrr,3882.0
3885,2,rrrrrrrrGG,3887.0
3890,3,rrrrrrrrrr,3892.0
3895,0,GGGGGGGGrr,3897.0
3900,2,rrrrrrrrGG,3905.0
3905,3,rrrrrrrrrr,3910.0
3910,0,GGGGGGGGrr,3915.0
3915,1,yyyyyyyyrr,3918.0
3920,2,rrrrrrrrGG,3923.0
3925,3,rrrrrrrrrr,3928.0
3930,0,GGGGGGGGrr,3933.0
3935,1,yyyyyyyyrr,3936.0
3940,2,rrrrrrrrGG,3941.0
3945,3,rrrrrrrrrr,3946.0
3950,0,GGGGGGGGrr,3951.0
3955,2,rrrrrrrrGG,3959.0
3960,3,rrrrrrrrrr,3964.0
3965,0,GGGGGGGGrr,3969.0
3970,0,GGGGGGGGrr,3971.0
3975,1,yyyyyyyyrr,3977.0
3980,2,rrrrrrrrGG,3982.0
3985,3,rrrrrrrrrr,3987.0
3990,0,GGGGGGGGrr,3992.0
3995,1,yyyyyyyyrr,3997.0
4000,2,rrrrrrrrGG,4002.0
4005,3,rrrrrrrrrr,4007.0
4010,0,GGGGGGGGrr,4012.0
4015,2,rrrrrrrrGG,4020.0
4020,3,rrrrrrrrrr,4025.0
4025,0,GGGGGGGGrr,4030.0
4030,1,yyyyyyyyrr,4033.0
4035,2,rrrrrrrrGG,4038.0
4040,3,rrrrrrrrrr,4043.0
4045,0,GGGGGGGGrr,4048.0
4050,1,yyyyyyyyrr,4051.0
4055,2,rrrrrrrrGG,4056.0
4060,3,rrrrrrrrrr,4061.0
4065,0,GGGGGGGGrr,4066.0
4070,2,rrrrrrrrGG,4074.0
4075,3,rrrrrrrrrr,4079.0
4080,0,GGGGGGGGrr,4084.0
4085,1,yyyyyyyyrr,4087.0
4090,2,rrrrrrrrGG,4092.0
4095,3,rrrrrrrrrr,4097.0
4100,0,GGGGGGGGrr,4102.0
4105,2,rrrrrrrrGG,4110.0
4110,3,rrrrrrrrrr,4115.0
4115,0,GGGGGGGGrr,4120.0
4120,1,yyyyyyyyrr,4123.0
4125,2,rrrrrrrrGG,4128.0
4130,3,rrrrrrrrrr,4133.0
4135,0,GGGGGGGGrr,4138.0
4140,1,yyyyyyyyrr,4141.0
4145,2,rrrrrrrrGG,4146.0
4150,3,rrrrrrrrrr,4151.0
4155,0,GGGGGGGGrr,4156.0
4160,2,rrrrrrrrGG,4164.0
4165,3,rrrrrrrrrr,4169.0
4170,0,GGGGGGGGrr,4174.0
4175,0,GGGGGGGGrr,4176.0
4180,1,yyyyyyyyrr,4183.0
4185,2,rrrrrrrrGG,4188.0
4190,3,rrrrrrrrrr,4193.0
4195,0,GGGGGGGGrr,4198.0
4200,1,yyyyyyyyrr,4201.0
4205,2,rrrrrrrrGG,4206.0
4210,3,rrrrrrrrrr,4211.0
4215,0,GGGGGGGGrr,4216.0
4220,2,rrrrrrrrGG,4224.0
4225,3,rrrrrrrrrr,4229.0
4230,0,GGGGGGGGrr,4234.0
4235,1,yyyyyyyyrr,4237.0
4240,2,rrrrrrrrGG,4242.0
4245,3,rrrrrrrrrr,4247.0
4250,0,GGGGGGGGrr,4252.0
4255,2,rrrrrrrrGG,4260.0
4260,3,rrrrrrrrrr,4265.0
4265,0,GGGGGGGGrr,4270.0
4270,1,yyyyyyyyrr,4273.0
4275,2,rrrrrrrrGG,4278.0
4280,3,rrrrrrrrrr,4283.0
4285,0,GGGGGGGGrr,4288.0
4290,1,yyyyyyyyrr,4291.0
4295,2,rrrrrrrrGG,4296.0
4300,3,rrrrrrrrrr,4301.0
4305,0,GGGGGGGGrr,4306.0
4310,1,yyyyyyyyrr,4311.0
4315,2,rrrrrrrrGG,4316.0
4320,3,rrrrrrrrrr,4321.0
4325,0,GGGGGGGGrr,4326.0
4330,2,rrrrrrrrGG,4334.0
4335,3,rrrrrrrrrr,4339.0
4340,0,GGGGGGGGrr,4344.0
4345,1,yyyyyyyyrr,4347.0
4350,2,rrrrrrrrGG,4352.0
4355,3,rrrrrrrrrr,4357.0
4360,0,GGGGGGGGrr,4362.0
4365,2,rrrrrrrrGG,4370.0
4370,3,rrrrrrrrrr,4375.0
4375,0,GGGGGGGGrr,4380.0
4380,1,yyyyyyyyrr,4383.0
4385,2,rrrrrrrrGG,4388.0
4390,3,rrrrrrrrrr,4393.0
4395,0,GGGGGGGGrr,4398.0
4400,1,yyyyyyyyrr,4401.0
4405,2,rrrrrrrrGG,4406.0
4410,3,rrrrrrrrrr,4411.0
4415,0,GGGGGGGGrr,4416.0
4420,2,rrrrrrrrGG,4424.0
4425,3,rrrrrrrrrr,4429.0
4430,0,GGGGGGGGrr,4434.0
4435,1,yyyyyyyyrr,4437.0
4440,2,rrrrrrrrGG,4442.0
4445,3,rrrrrrrrrr,4447.0
4450,0,GGGGGGGGrr,4452.0
4455,2,rrrrrrrrGG,4460.0
4460,3,rrrrrrrrrr,4465.0
4465,0,GGGGGGGGrr,4470.0
4470,1,yyyyyyyyrr,4473.0
4475,2,rrrrrrrrGG,4478.0
4480,3,rrrrrrrrrr,4483.0
4485,0,GGGGGGGGrr,4488.0
4490,1,yyyyyyyyrr,4491.0
4495,2,rrrrrrrrGG,4496.0
4500,3,rrrrrrrrrr,4501.0
4505,0,GGGGGGGGrr,4506.0
4510,2,rrrrrrrrGG,4514.0
4515,3,rrrrrrrrrr,4519.0
4520,0,GGGGGGGGrr,4524.0
4525,1,yyyyyyyyrr,4527.0
4530,2,rrrrrrrrGG,4532.0
4535,3,rrrrrrrrrr,4537.0
4540,0,GGGGGGGGrr,4542.0
4545,2,rrrrrrrrGG,4550.0
4550,3,rrrrrrrrrr,4555.0
4555,0,GGGGGGGGrr,4560.0
4560,1,yyyyyyyyrr,4563.0
4565,2,rrrrrrrrGG,4568.0
4570,3,rrrrrrrrrr,4573.0
4575,0,GGGGGGGGrr,4578.0
4580,0,GGGGGGGGrr,4582.0
4585,1,yyyyyyyyrr,4587.0
4590,2,rrrrrrrrGG,4592.0
4595,3,rrrrrrrrrr,4597.0
4600,0,GGGGGGGGrr,4602.0
4605,2,rrrrrrrrGG,4610.0
4610,3,rrrrrrrrrr,4615.0
4615,0,GGGGGGGGrr,4620.0
4620,1,yyyyyyyyrr,4623.0
4625,2,rrrrrrrrGG,4628.0
4630,3,rrrrrrrrrr,4633.0
4635,0,GGGGGGGGrr,4638.0
4640,1,yyyyyyyyrr,4641.0
4645,2,rrrrrrrrGG,4646.0
4650,3,rrrrrrrrrr,4651.0
4655,0,GGGGGGGGrr,4656.0
4660,2,rrrrrrrrGG,4664.0
4665,3,rrrrrrrrrr,4669.0
4670,0,GGGGGGGGrr,4674.0
4675,1,yyyyyyyyrr,4677.0
4680,2,rrrrrrrrGG,4682.0
4685,3,rrrrrrrrrr,4687.0
4690,0,GGGGGGGGrr,4692.0
4695,2,rrrrrrrrGG,4700.0
4700,3,rrrrrrrrrr,4705.0
4705,0,GGGGGGGGrr,4710.0
4710,1,yyyyyyyyrr,4713.0
4715,2,rrrrrrrrGG,4718.0
4720,3,rrrrrrrrrr,4723.0
4725,0,GGGGGGGGrr,4728.0
4730,1,yyyyyyyyrr,4731.0
4735,2,rrrrrrrrGG,4736.0
4740,3,rrrrrrrrrr,4741.0
4745,0,GGGGGGGGrr,4746.0
4750,2,rrrrrrrrGG,4754.0
4755,3,rrrrrrrrrr,4759.0
4760,0,GGGGGGGGrr,4764.0
4765,0,GGGGGGGGrr,4766.0
4770,2,rrrrrrrrGG,4774.0
4775,3,rrrrrrrrrr,4779.0
4780,0,GGGGGGGGrr,4784.0
4785,1,yyyyyyyyrr,4787.0
4790,2,rrrrrrrrGG,4792.0
4795,3,rrrrrrrrrr,4797.0
4800,0,GGGGGGGGrr,4802.0
4805,2,rrrrrrrrGG,4810.0
4810,3,rrrrrrrrrr,4815.0
4815,0,GGGGGGGGrr,4820.0
4820,1,yyyyyyyyrr,4823.0
4825,2,rrrrrrrrGG,4828.0
4830,3,rrrrrrrrrr,4833.0
4835,0,GGGGGGGGrr,4838.0
4840,1,yyyyyyyyrr,4841.0
4845,2,rrrrrrrrGG,4846.0
4850,3,rrrrrrrrrr,4851.0
4855,0,GGGGGGGGrr,4856.0
4860,2,rrrrrrrrGG,4864.0
4865,3,rrrrrrrrrr,4869.0
4870,0,GGGGGGGGrr,4874.0
4875,1,yyyyyyyyrr,4877.0
4880,2,rrrrrrrrGG,4882.0
4885,3,rrrrrrrrrr,4887.0
4890,0,GGGGGGGGrr,4892.0
4895,2,rrrrrrrrGG,4900.0
4900,3,rrrrrrrrrr,4905.0
4905,0,GGGGGGGGrr,4910.0
4910,1,yyyyyyyyrr,4913.0
4915,2,rrrrrrrrGG,4918.0
4920,3,rrrrrrrrrr,4923.0
4925,0,GGGGGGGGrr,4928.0
4930,1,yyyyyyyyrr,4931.0
4935,2,rrrrrrrrGG,4936.0
4940,3,rrrrrrrrrr,4941.0
4945,0,GGGGGGGGrr,4946.0
4950,2,rrrrrrrrGG,4954.0
4955,3,rrrrrrrrrr,4959.0
4960,0,GGGGGGGGrr,4964.0
4965,1,yyyyyyyyrr,4967.0
4970,2,rrrrrrrrGG,4972.0
4975,3,rrrrrrrrrr,4977.0
4980,0,GGGGGGGGrr,4982.0
4985,2,rrrrrrrrGG,4990.0
4990,3,rrrrrrrrrr,4995.0
4995,0,GGGGGGGGrr,5000.0
5000,1,yyyyyyyyrr,5003.0
5005,2,rrrrrrrrGG,5008.0
5010,3,rrrrrrrrrr,5013.0
5015,0,GGGGGGGGrr,5018.0
5020,1,yyyyyyyyrr,5021.0
5025,2,rrrrrrrrGG,5026.0
5030,3,rrrrrrrrrr,5031.0
5035,0,GGGGGGGGrr,5036.0
5040,2,rrrrrrrrGG,5044.0
5045,3,rrrrrrrrrr,5049.0
5050,0,GGGGGGGGrr,5054.0
5055,1,yyyyyyyyrr,5057.0
5060,2,rrrrrrrrGG,5062.0
5065,3,rrrrrrrrrr,5067.0
5070,0,GGGGGGGGrr,5072.0
5075,2,rrrrrrrrGG,5080.0
5080,3,rrrrrrrrrr,5085.0
5085,0,GGGGGGGGrr,5090.0
5090,1,yyyyyyyyrr,5093.0
5095,2,rrrrrrrrGG,5098.0
5100,3,rrrrrrrrrr,5103.0
5105,0,GGGGGGGGrr,5108.0
5110,1,yyyyyyyyrr,5111.0
5115,2,rrrrrrrrGG,5116.0
5120,3,rrrrrrrrrr,5121.0
5125,0,GGGGGGGGrr,5126.0
5130,2,rrrrrrrrGG,5134.0
5135,3,rrrrrrrrrr,5139.0
5140,0,GGGGGGGGrr,5144.0
5145,1,yyyyyyyyrr,5147.0
5150,2,rrrrrrrrGG,5152.0
5155,3,rrrrrrrrrr,5157.0
5160,0,GGGGGGGGrr,5162.0
5165,2,rrrrrrrrGG,5170.0
5170,3,rrrrrrrrrr,5175.0
5175,0,GGGGGGGGrr,5180.0
5180,1,yyyyyyyyrr,5183.0
5185,2,rrrrrrrrGG,5188.0
5190,3,rrrrrrrrrr,5193.0
5195,0,GGGGGGGGrr,5198.0
5200,1,yyyyyyyyrr,5201.0
5205,2,rrrrrrrrGG,5206.0
5210,3,rrrrrrrrrr,5211.0
5215,0,GGGGGGGGrr,5216.0
5220,2,rrrrrrrrGG,5224.0
5225,3,rrrrrrrrrr,5229.0
5230,0,GGGGGGGGrr,5234.0
5235,1,yyyyyyyyrr,5237.0
5240,2,rrrrrrrrGG,5242.0
5245,3,rrrrrrrrrr,5247.0
5250,0,GGGGGGGGrr,5252.0
5255,2,rrrrrrrrGG,5260.0
5260,3,rrrrrrrrrr,5265.0
5265,0,GGGGGGGGrr,5270.0
5270,1,yyyyyyyyrr,5273.0
5275,2,rrrrrrrrGG,5278.0
5280,3,rrrrrrrrrr,5283.0
5285,0,GGGGGGGGrr,5288.0
5290,1,yyyyyyyyrr,5291.0
5295,2,rrrrrrrrGG,5296.0
5300,3,rrrrrrrrrr,5301.0
5305,0,GGGGGGGGrr,5306.0
5310,2,rrrrrrrrGG,5314.0
5315,3,rrrrrrrrrr,5319.0
5320,0,GGGGGGGGrr,5324.0
5325,1,yyyyyyyyrr,5327.0
5330,2,rrrrrrrrGG,5332.0
5335,3,rrrrrrrrrr,5337.0
5340,0,GGGGGGGGrr,5342.0
5345,2,rrrrrrrrGG,5350.0
5350,3,rrrrrrrrrr,5355.0
5355,0,GGGGGGGGrr,5360.0
5360,1,yyyyyyyyrr,5363.0
5365,2,rrrrrrrrGG,5368.0
5370,3,rrrrrrrrrr,5373.0
5375,0,GGGGGGGGrr,5378.0
5380,1,yyyyyyyyrr,5381.0
5385,2,rrrrrrrrGG,5386.0
5390,3,rrrrrrrrrr,5391.0
5395,0,GGGGGGGGrr,5396.0
5400,2,rrrrrrrrGG,5404.0
5405,3,rrrrrrrrrr,5409.0
5410,0,GGGGGGGGrr,5414.0
5415,1,yyyyyyyyrr,5418.0
5420,2,rrrrrrrrGG,5423.0
5425,3,rrrrrrrrrr,5428.0
5430,0,GGGGGGGGrr,5433.0
5435,1,yyyyyyyyrr,5436.0
5440,2,rrrrrrrrGG,5441.0
5445,3,rrrrrrrrrr,5446.0
5450,0,GGGGGGGGrr,5451.0
5455,2,rrrrrrrrGG,5459.0
5460,3,rrrrrrrrrr,5464.0
5465,0,GGGGGGGGrr,5469.0
5470,1,yyyyyyyyrr,5472.0
5475,2,rrrrrrrrGG,5477.0
5480,3,rrrrrrrrrr,5482.0
5485,0,GGGGGGGGrr,5487.0
5490,2,rrrrrrrrGG,5495.0
5495,3,rrrrrrrrrr,5500.0
5500,0,GGGGGGGGrr,5505.0
5505,1,yyyyyyyyrr,5508.0
5510,2,rrrrrrrrGG,5513.0
5515,3,rrrrrrrrrr,5518.0
5520,0,GGGGGGGGrr,5523.0
5525,1,yyyyyyyyrr,5526.0
5530,2,rrrrrrrrGG,5531.0
5535,3,rrrrrrrrrr,5536.0
5540,0,GGGGGGGGrr,5541.0
5545,2,rrrrrrrrGG,5549.0
5550,3,rrrrrrrrrr,5554.0
5555,0,GGGGGGGGrr,5559.0
5560,1,yyyyyyyyrr,5562.0
5565,2,rrrrrrrrGG,5567.0
5570,3,rrrrrrrrrr,5572.0
5575,0,GGGGGGGGrr,5577.0
5580,2,rrrrrrrrGG,5585.0
5585,3,rrrrrrrrrr,5590.0
5590,0,GGGGGGGGrr,5595.0
5595,1,yyyyyyyyrr,5598.0
5600,2,rrrrrrrrGG,5603.0
5605,3,rrrrrrrrrr,5608.0
5610,0,GGGGGGGGrr,5613.0
5615,1,yyyyyyyyrr,5616.0
5620,2,rrrrrrrrGG,5621.0
5625,3,rrrrrrrrrr,5626.0
5630,0,GGGGGGGGrr,5631.0
5635,2,rrrrrrrrGG,5639.0
5640,3,rrrrrrrrrr,5644.0
5645,0,GGGGGGGGrr,5649.0
5650,1,yyyyyyyyrr,5652.0
5655,2,rrrrrrrrGG,5657.0
5660,3,rrrrrrrrrr,5662.0
5665,0,GGGGGGGGrr,5667.0
5670,2,rrrrrrrrGG,5675.0
5675,3,rrrrrrrrrr,5680.0
5680,0,GGGGGGGGrr,5685.0
5685,1,yyyyyyyyrr,5688.0
5690,2,rrrrrrrrGG,5693.0
5695,3,rrrrrrrrrr,5698.0
5700,0,GGGGGGGGrr,5703.0
5705,1,yyyyyyyyrr,5706.0
5710,2,rrrrrrrrGG,5711.0
5715,3,rrrrrrrrrr,5716.0
5720,0,GGGGGGGGrr,5721.0
5725,2,rrrrrrrrGG,5729.0
5730,3,rrrrrrrrrr,5734.0
5735,0,GGGGGGGGrr,5739.0
5740,1,yyyyyyyyrr,5742.0
5745,2,rrrrrrrrGG,5747.0
5750,3,rrrrrrrrrr,5752.0
5755,0,GGGGGGGGrr,5757.0
5760,2,rrrrrrrrGG,5765.0
5765,3,rrrrrrrrrr,5770.0
5770,0,GGGGGGGGrr,5775.0
5775,1,yyyyyyyyrr,5778.0
5780,2,rrrrrrrrGG,5783.0
5785,3,rrrrrrrrrr,5788.0
5790,0,GGGGGGGGrr,5793.0
5795,1,yyyyyyyyrr,5796.0
5800,2,rrrrrrrrGG,5801.0
5805,3,rrrrrrrrrr,5806.0
5810,0,GGGGGGGGrr,5811.0
5815,2,rrrrrrrrGG,5819.0
5820,3,rrrrrrrrrr,5824.0
5825,0,GGGGGGGGrr,5829.0
5830,1,yyyyyyyyrr,5832.0
5835,2,rrrrrrrrGG,5837.0
5840,3,rrrrrrrrrr,5842.0
5845,0,GGGGGGGGrr,5847.0
5850,2,rrrrrrrrGG,5855.0
5855,3,rrrrrrrrrr,5860.0
5860,0,GGGGGGGGrr,5865.0
5865,1,yyyyyyyyrr,5868.0
5870,2,rrrrrrrrGG,5873.0
5875,3,rrrrrrrrrr,5878.0
5880,0,GGGGGGGGrr,5883.0
5885,1,yyyyyyyyrr,5886.0
5890,2,rrrrrrrrGG,5891.0
5895,3,rrrrrrrrrr,5896.0
5900,0,GGGGGGGGrr,5901.0
5905,2,rrrrrrrrGG,5909.0
5910,3,rrrrrrrrrr,5914.0
5915,0,GGGGGGGGrr,5919.0
5920,1,yyyyyyyyrr,5922.0
5925,2,rrrrrrrrGG,5927.0
5930,3,rrrrrrrrrr,5932.0
5935,0,GGGGGGGGrr,5937.0
5940,2,rrrrrrrrGG,5945.0
5945,3,rrrrrrrrrr,5950.0
5950,0,GGGGGGGGrr,5955.0
5955,1,yyyyyyyyrr,5958.0
5960,2,rrrrrrrrGG,5963.0
5965,3,rrrrrrrrrr,5968.0
5970,0,GGGGGGGGrr,5973.0
5975,1,yyyyyyyyrr,5976.0
5980,2,rrrrrrrrGG,5981.0
5985,3,rrrrrrrrrr,5986.0
5990,0,GGGGGGGGrr,5991.0
5995,2,rrrrrrrrGG,5999.0
6000,3,rrrrrrrrrr,6004.0
6005,0,GGGGGGGGrr,6009.0
6010,1,yyyyyyyyrr,6012.0
6015,2,rrrrrrrrGG,6017.0
6020,3,rrrrrrrrrr,6022.0
6025,0,GGGGGGGGrr,6027.0
6030,2,rrrrrrrrGG,6035.0
6035,3,rrrrrrrrrr,6040.0
6040,0,GGGGGGGGrr,6045.0
6045,1,yyyyyyyyrr,6048.0
6050,2,rrrrrrrrGG,6053.0
6055,3,rrrrrrrrrr,6058.0
6060,0,GGGGGGGGrr,6063.0
6065,1,yyyyyyyyrr,6066.0
6070,2,rrrrrrrrGG,6071.0
6075,3,rrrrrrrrrr,6076.0
6080,0,GGGGGGGGrr,6081.0
6085,2,rrrrrrrrGG,6089.0
6090,3,rrrrrrrrrr,6094.0
6095,0,GGGGGGGGrr,6099.0
6100,1,yyyyyyyyrr,6102.0
6105,2,rrrrrrrrGG,6107.0
6110,3,rrrrrrrrrr,6112.0
6115,0,GGGGGGGGrr,6117.0
6120,2,rrrrrrrrGG,6125.0
6125,3,rrrrrrrrrr,6130.0
6130,0,GGGGGGGGrr,6135.0
6135,1,yyyyyyyyrr,6138.0
6140,2,rrrrrrrrGG,6143.0
6145,3,rrrrrrrrrr,6148.0
6150,0,GGGGGGGGrr,6153.0
6155,1,yyyyyyyyrr,6156.0
6160,2,rrrrrrrrGG,6161.0
6165,3,rrrrrrrrrr,6166.0
6170,0,GGGGGGGGrr,6171.0
6175,2,rrrrrrrrGG,6179.0
6180,3,rrrrrrrrrr,6184.0
6185,0,GGGGGGGGrr,6189.0
6190,1,yyyyyyyyrr,6192.0
6195,2,rrrrrrrrGG,6197.0
6200,3,rrrrrrrrrr,6202.0
6205,0,GGGGGGGGrr,6207.0
6210,2,rrrrrrrrGG,6215.0
6215,3,rrrrrrrrrr,6220.0
6220,0,GGGGGGGGrr,6225.0
6225,1,yyyyyyyyrr,6228.0
6230,2,rrrrrrrrGG,6233.0
6235,3,rrrrrrrrrr,6238.0
6240,0,GGGGGGGGrr,6243.0
6245,1,yyyyyyyyrr,6246.0
6250,2,rrrrrrrrGG,6251.0
6255,3,rrrrrrrrrr,6256.0
6260,0,GGGGGGGGrr,6261.0
6265,2,rrrrrrrrGG,6269.0
6270,3,rrrrrrrrrr,6274.0
6275,0,GGGGGGGGrr,6279.0
6280,1,yyyyyyyyrr,6282.0
6285,2,rrrrrrrrGG,6287.0
6290,3,rrrrrrrrrr,6292.0
6295,0,GGGGGGGGrr,6297.0
6300,2,rrrrrrrrGG,6305.0
6305,3,rrrrrrrrrr,6310.0
6310,0,GGGGGGGGrr,6315.0
6315,1,yyyyyyyyrr,6318.0
6320,2,rrrrrrrrGG,6323.0
6325,3,rrrrrrrrrr,6328.0
6330,0,GGGGGGGGrr,6333.0
6335,1,yyyyyyyyrr,6336.0
6340,2,rrrrrrrrGG,6341.0
6345,3,rrrrrrrrrr,6346.0
6350,0,GGGGGGGGrr,6351.0
6355,2,rrrrrrrrGG,6359.0
6360,3,rrrrrrrrrr,6364.0
6365,0,GGGGGGGGrr,6369.0
6370,1,yyyyyyyyrr,6372.0
6375,2,rrrrrrrrGG,6377.0
6380,3,rrrrrrrrrr,6382.0
6385,0,GGGGGGGGrr,6387.0
6390,2,rrrrrrrrGG,6395.0
6395,3,rrrrrrrrrr,6400.0
6400,0,GGGGGGGGrr,6405.0
6405,1,yyyyyyyyrr,6408.0
6410,2,rrrrrrrrGG,6413.0
6415,3,rrrrrrrrrr,6418.0
6420,0,GGGGGGGGrr,6423.0
6425,1,yyyyyyyyrr,6426.0
6430,2,rrrrrrrrGG,6431.0
6435,3,rrrrrrrrrr,6436.0
6440,0,GGGGGGGGrr,6441.0
6445,2,rrrrrrrrGG,6449.0
6450,3,rrrrrrrrrr,6454.0
6455,0,GGGGGGGGrr,6459.0
6460,1,yyyyyyyyrr,6462.0
6465,2,rrrrrrrrGG,6467.0
6470,3,rrrrrrrrrr,6472.0
6475,0,GGGGGGGGrr,6477.0
6480,2,rrrrrrrrGG,6485.0
6485,3,rrrrrrrrrr,6490.0
6490,0,GGGGGGGGrr,6495.0
6495,1,yyyyyyyyrr,6498.0
6500,2,rrrrrrrrGG,6503.0
6505,3,rrrrrrrrrr,6508.0
6510,0,GGGGGGGGrr,6513.0
6515,1,yyyyyyyyrr,6516.0
6520,2,rrrrrrrrGG,6521.0
6525,3,rrrrrrrrrr,6526.0
6530,0,GGGGGGGGrr,6531.0
6535,2,rrrrrrrrGG,6539.0
6540,3,rrrrrrrrrr,6544.0
6545,0,GGGGGGGGrr,6549.0
6550,1,yyyyyyyyrr,6552.0
6555,2,rrrrrrrrGG,6557.0
6560,3,rrrrrrrrrr,6562.0
6565,0,GGGGGGGGrr,6567.0
6570,2,rrrrrrrrGG,6575.0
6575,3,rrrrrrrrrr,6580.0
6580,0,GGGGGGGGrr,6585.0
6585,1,yyyyyyyyrr,6588.0
6590,2,rrrrrrrrGG,6593.0
6595,3,rrrrrrrrrr,6598.0
6600,0,GGGGGGGGrr,6603.0
6605,1,yyyyyyyyrr,6606.0
6610,2,rrrrrrrrGG,6611.0
6615,3,rrrrrrrrrr,6616.0
6620,0,GGGGGGGGrr,6621.0
6625,2,rrrrrrrrGG,6629.0
6630,3,rrrrrrrrrr,6634.0
6635,0,GGGGGGGGrr,6639.0
6640,1,yyyyyyyyrr,6642.0
6645,2,rrrrrrrrGG,6647.0
6650,3,rrrrrrrrrr,6652.0
6655,0,GGGGGGGGrr,6657.0
6660,2,rrrrrrrrGG,6665.0
6665,3,rrrrrrrrrr,6670.0
6670,0,GGGGGGGGrr,6675.0
6675,1,yyyyyyyyrr,6678.0
6680,2,rrrrrrrrGG,6683.0
6685,3,rrrrrrrrrr,6688.0
6690,0,GGGGGGGGrr,6693.0
6695,1,yyyyyyyyrr,6696.0
6700,2,rrrrrrrrGG,6701.0
6705,3,rrrrrrrrrr,6706.0
6710,0,GGGGGGGGrr,6711.0
6715,2,rrrrrrrrGG,6719.0
6720,3,rrrrrrrrrr,6724.0
6725,0,GGGGGGGGrr,6729.0
6730,1,yyyyyyyyrr,6732.0
6735,2,rrrrrrrrGG,6737.0
6740,3,rrrrrrrrrr,6742.0
6745,0,GGGGGGGGrr,6747.0
6750,2,rrrrrrrrGG,6755.0
6755,3,rrrrrrrrrr,6760.0
6760,0,GGGGGGGGrr,6765.0
6765,1,yyyyyyyyrr,6768.0
6770,2,rrrrrrrrGG,6773.0
6775,3,rrrrrrrrrr,6778.0
6780,0,GGGGGGGGrr,6783.0
6785,1,yyyyyyyyrr,6786.0
6790,2,rrrrrrrrGG,6791.0
6795,3,rrrrrrrrrr,6796.0
6800,0,GGGGGGGGrr,6801.0
6805,2,rrrrrrrrGG,6809.0
6810,3,rrrrrrrrrr,6814.0
6815,0,GGGGGGGGrr,6819.0
6820,1,yyyyyyyyrr,6822.0
6825,2,rrrrrrrrGG,6827.0
6830,3,rrrrrrrrrr,6832.0
6835,0,GGGGGGGGrr,6837.0
6840,2,rrrrrrrrGG,6845.0
6845,3,rrrrrrrrrr,6850.0
6850,0,GGGGGGGGrr,6855.0
6855,1,yyyyyyyyrr,6858.0
6860,2,rrrrrrrrGG,6863.0
6865,3,rrrrrrrrrr,6868.0
6870,0,GGGGGGGGrr,6873.0
6875,1,yyyyyyyyrr,6876.0
6880,2,rrrrrrrrGG,6881.0
6885,3,rrrrrrrrrr,6886.0
6890,0,GGGGGGGGrr,6891.0
6895,2,rrrrrrrrGG,6899.0
6900,3,rrrrrrrrrr,6904.0
6905,0,GGGGGGGGrr,6909.0
6910,1,yyyyyyyyrr,6912.0
6915,2,rrrrrrrrGG,6917.0
6920,3,rrrrrrrrrr,6922.0
6925,0,GGGGGGGGrr,6927.0
6930,2,rrrrrrrrGG,6935.0
6935,3,rrrrrrrrrr,6940.0
6940,0,GGGGGGGGrr,6945.0
6945,1,yyyyyyyyrr,6948.0
6950,2,rrrrrrrrGG,6953.0
6955,3,rrrrrrrrrr,6958.0
6960,0,GGGGGGGGrr,6963.0
6965,1,yyyyyyyyrr,6966.0
6970,2,rrrrrrrrGG,6971.0
6975,3,rrrrrrrrrr,6976.0
6980,0,GGGGGGGGrr,6981.0
6985,2,rrrrrrrrGG,6989.0
6990,3,rrrrrrrrrr,6994.0
6995,0,GGGGGGGGrr,6999.0
7000,1,yyyyyyyyrr,7002.0
7005,2,rrrrrrrrGG,7007.0
7010,3,rrrrrrrrrr,7012.0
7015,0,GGGGGGGGrr,7017.0
7020,2,rrrrrrrrGG,7025.0
7025,3,rrrrrrrrrr,7030.0
7030,0,GGGGGGGGrr,7035.0
7035,1,yyyyyyyyrr,7038.0
7040,2,rrrrrrrrGG,7043.0
7045,3,rrrrrrrrrr,7048.0
7050,0,GGGGGGGGrr,7053.0
7055,1,yyyyyyyyrr,7056.0
7060,2,rrrrrrrrGG,7061.0
7065,3,rrrrrrrrrr,7066.0
7070,0,GGGGGGGGrr,7071.0
7075,2,rrrrrrrrGG,7079.0
7080,3,rrrrrrrrrr,7084.0
7085,0,GGGGGGGGrr,7089.0
7090,1,yyyyyyyyrr,7092.0
7095,2,rrrrrrrrGG,7097.0
7100,3,rrrrrrrrrr,7102.0
7105,0,GGGGGGGGrr,7107.0
7110,2,rrrrrrrrGG,7115.0
7115,3,rrrrrrrrrr,7120.0
7120,0,GGGGGGGGrr,7125.0
7125,1,yyyyyyyyrr,7128.0
7130,2,rrrrrrrrGG,7133.0
7135,3,rrrrrrrrrr,7138.0
7140,0,GGGGGGGGrr,7143.0
7145,1,yyyyyyyyrr,7146.0
7150,2,rrrrrrrrGG,7151.0
7155,3,rrrrrrrrrr,7156.0
7160,0,GGGGGGGGrr,7161.0
7165,2,rrrrrrrrGG,7169.0
7170,3,rrrrrrrrrr,7174.0
7175,0,GGGGGGGGrr,7179.0
7180,1,yyyyyyyyrr,7182.0
7185,2,rrrrrrrrGG,7187.0
7190,3,rrrrrrrrrr,7192.0
7195,0,GGGGGGGGrr,7197.0
7200,2,rrrrrrrrGG,7205.0
7205,3,rrrrrrrrrr,7210.0
7210,0,GGGGGGGGrr,7215.0
7215,1,yyyyyyyyrr,7218.0
7220,2,rrrrrrrrGG,7223.0
7225,3,rrrrrrrrrr,7228.0
7230,0,GGGGGGGGrr,7233.0
7235,1,yyyyyyyyrr,7236.0
7240,2,rrrrrrrrGG,7241.0
7245,3,rrrrrrrrrr,7246.0
7250,0,GGGGGGGGrr,7251.0
7255,2,rrrrrrrrGG,7259.0
7260,3,rrrrrrrrrr,7264.0
7265,0,GGGGGGGGrr,7269.0
7270,1,yyyyyyyyrr,7272.0
7275,2,rrrrrrrrGG,7277.0
7280,3,rrrrrrrrrr,7282.0
7285,0,GGGGGGGGrr,7287.0
7290,2,rrrrrrrrGG,7295.0
7295,3,rrrrrrrrrr,7300.0
7300,0,GGGGGGGGrr,7305.0
7305,1,yyyyyyyyrr,7308.0
7310,2,rrrrrrrrGG,7313.0
7315,3,rrrrrrrrrr,7318.0
7320,0,GGGGGGGGrr,7323.0
7325,1,yyyyyyyyrr,7326.0
7330,2,rrrrrrrrGG,7331.0
7335,3,rrrrrrrrrr,7336.0
7340,0,GGGGGGGGrr,7341.0
7345,2,rrrrrrrrGG,7349.0
7350,3,rrrrrrrrrr,7354.0
7355,0,GGGGGGGGrr,7359.0
7360,1,yyyyyyyyrr,7362.0
7365,2,rrrrrrrrGG,7367.0
7370,3,rrrrrrrrrr,7372.0
7375,0,GGGGGGGGrr,7377.0
7380,2,rrrrrrrrGG,7385.0
7385,3,rrrrrrrrrr,7390.0
7390,0,GGGGGGGGrr,7395.0
7395,1,yyyyyyyyrr,7398.0
7400,2,rrrrrrrrGG,7403.0
7405,3,rrrrrrrrrr,7408.0
7410,0,GGGGGGGGrr,7413.0
7415,1,yyyyyyyyrr,7416.0
7420,2,rrrrrrrrGG,7421.0
7425,3,rrrrrrrrrr,7426.0
7430,0,GGGGGGGGrr,7431.0
7435,2,rrrrrrrrGG,7439.0
7440,3,rrrrrrrrrr,7444.0
7445,0,GGGGGGGGrr,7449.0
7450,1,yyyyyyyyrr,7452.0
7455,2,rrrrrrrrGG,7457.0
7460,3,rrrrrrrrrr,7462.0
7465,0,GGGGGGGGrr,7467.0
7470,2,rrrrrrrrGG,7475.0
7475,3,rrrrrrrrrr,7480.0
7480,0,GGGGGGGGrr,7485.0
7485,1,yyyyyyyyrr,7488.0
7490,2,rrrrrrrrGG,7493.0
7495,3,rrrrrrrrrr,7498.0
7500,0,GGGGGGGGrr,7503.0
7505,1,yyyyyyyyrr,7506.0
7510,2,rrrrrrrrGG,7511.0
7515,3,rrrrrrrrrr,7516.0
7520,0,GGGGGGGGrr,7521.0
7525,2,rrrrrrrrGG,7529.0
7530,3,rrrrrrrrrr,7534.0
7535,0,GGGGGGGGrr,7539.0
7540,1,yyyyyyyyrr,7542.0
7545,2,rrrrrrrrGG,7547.0
7550,3,rrrrrrrrrr,7552.0
7555,0,GGGGGGGGrr,7557.0
7560,2,rrrrrrrrGG,7565.0
7565,3,rrrrrrrrrr,7570.0
7570,0,GGGGGGGGrr,7575.0
7575,1,yyyyyyyyrr,7578.0
7580,2,rrrrrrrrGG,7583.0
7585,3,rrrrrrrrrr,7588.0
7590,0,GGGGGGGGrr,7593.0
7595,1,yyyyyyyyrr,7596.0
7600,2,rrrrrrrrGG,7601.0
7605,3,rrrrrrrrrr,7606.0
7610,0,GGGGGGGGrr,7611.0
7615,2,rrrrrrrrGG,7619.0
7620,3,rrrrrrrrrr,7624.0
7625,0,GGGGGGGGrr,7629.0
7630,1,yyyyyyyyrr,7632.0
7635,2,rrrrrrrrGG,7637.0
7640,3,rrrrrrrrrr,7642.0
7645,0,GGGGGGGGrr,7647.0
7650,2,rrrrrrrrGG,7655.0
7655,3,rrrrrrrrrr,7660.0
7660,0,GGGGGGGGrr,7665.0
7665,1,yyyyyyyyrr,7668.0
7670,2,rrrrrrrrGG,7673.0
7675,3,rrrrrrrrrr,7678.0
7680,0,GGGGGGGGrr,7683.0
7685,1,yyyyyyyyrr,7686.0
7690,2,rrrrrrrrGG,7691.0
7695,3,rrrrrrrrrr,7696.0
7700,0,GGGGGGGGrr,7701.0
7705,2,rrrrrrrrGG,7709.0
7710,3,rrrrrrrrrr,7714.0
7715,0,GGGGGGGGrr,7719.0
7720,1,yyyyyyyyrr,7722.0
7725,2,rrrrrrrrGG,7727.0
7730,3,rrrrrrrrrr,7732.0
7735,0,GGGGGGGGrr,7737.0
7740,2,rrrrrrrrGG,7745.0
7745,3,rrrrrrrrrr,7750.0
7750,0,GGGGGGGGrr,7755.0
7755,1,yyyyyyyyrr,7758.0
7760,2,rrrrrrrrGG,7763.0
7765,3,rrrrrrrrrr,7768.0
7770,0,GGGGGGGGrr,7773.0
7775,1,yyyyyyyyrr,7776.0
7780,2,rrrrrrrrGG,7781.0
7785,3,rrrrrrrrrr,7786.0
7790,0,GGGGGGGGrr,7791.0
7795,2,rrrrrrrrGG,7799.0
7800,3,rrrrrrrrrr,7804.0
7805,0,GGGGGGGGrr,7809.0
7810,1,yyyyyyyyrr,7812.0
7815,2,rrrrrrrrGG,7817.0
7820,3,rrrrrrrrrr,7822.0
7825,0,GGGGGGGGrr,7827.0
7830,2,rrrrrrrrGG,7835.0
7835,3,rrrrrrrrrr,7840.0
7840,0,GGGGGGGGrr,7845.0
7845,1,yyyyyyyyrr,7848.0
7850,2,rrrrrrrrGG,7853.0
7855,3,rrrrrrrrrr,7858.0
7860,0,GGGGGGGGrr,7863.0
7865,1,yyyyyyyyrr,7866.0
7870,2,rrrrrrrrGG,7871.0
7875,3,rrrrrrrrrr,7876.0
7880,0,GGGGGGGGrr,7881.0
7885,2,rrrrrrrrGG,7889.0
7890,3,rrrrrrrrrr,7894.0
7895,0,GGGGGGGGrr,7899.0
7900,1,yyyyyyyyrr,7902.0
7905,2,rrrrrrrrGG,7907.0
7910,3,rrrrrrrrrr,7912.0
7915,0,GGGGGGGGrr,7917.0
7920,2,rrrrrrrrGG,7925.0
7925,3,rrrrrrrrrr,7930.0
7930,0,GGGGGGGGrr,7935.0
7935,1,yyyyyyyyrr,7938.0
7940,2,rrrrrrrrGG,7943.0
7945,3,rrrrrrrrrr,7948.0
7950,0,GGGGGGGGrr,7953.0
7955,1,yyyyyyyyrr,7956.0
7960,2,rrrrrrrrGG,7961.0
7965,3,rrrrrrrrrr,7966.0
7970,0,GGGGGGGGrr,7971.0
7975,2,rrrrrrrrGG,7979.0
7980,3,rrrrrrrrrr,7984.0
7985,0,GGGGGGGGrr,7989.0
7990,1,yyyyyyyyrr,7992.0
7995,2,rrrrrrrrGG,7997.0
8000,3,rrrrrrrrrr,8002.0
8005,0,GGGGGGGGrr,8007.0
8010,2,rrrrrrrrGG,8015.0
8015,3,rrrrrrrrrr,8020.0
8020,0,GGGGGGGGrr,8025.0
8025,1,yyyyyyyyrr,8028.0
8030,2,rrrrrrrrGG,8033.0
8035,3,rrrrrrrrrr,8038.0
8040,0,GGGGGGGGrr,8043.0
8045,1,yyyyyyyyrr,8046.0
8050,2,rrrrrrrrGG,8051.0
8055,3,rrrrrrrrrr,8056.0
8060,0,GGGGGGGGrr,8061.0
8065,2,rrrrrrrrGG,8069.0
8070,3,rrrrrrrrrr,8074.0
8075,0,GGGGGGGGrr,8079.0
8080,1,yyyyyyyyrr,8082.0
8085,2,rrrrrrrrGG,8087.0
8090,3,rrrrrrrrrr,8092.0
8095,0,GGGGGGGGrr,8097.0
8100,2,rrrrrrrrGG,8105.0
8105,3,rrrrrrrrrr,8110.0
8110,0,GGGGGGGGrr,8115.0
8115,1,yyyyyyyyrr,8118.0
8120,2,rrrrrrrrGG,8123.0
8125,3,rrrrrrrrrr,8128.0
8130,0,GGGGGGGGrr,8133.0
8135,1,yyyyyyyyrr,8136.0
8140,2,rrrrrrrrGG,8141.0
8145,3,rrrrrrrrrr,8146.0
8150,0,GGGGGGGGrr,8151.0
8155,2,rrrrrrrrGG,8159.0
8160,3,rrrrrrrrrr,8164.0
8165,0,GGGGGGGGrr,8169.0
8170,1,yyyyyyyyrr,8172.0
8175,2,rrrrrrrrGG,8177.0
8180,3,rrrrrrrrrr,8182.0
8185,0,GGGGGGGGrr,8187.0
8190,2,rrrrrrrrGG,8195.0
8195,3,rrrrrrrrrr,8200.0
8200,0,GGGGGGGGrr,8205.0
8205,1,yyyyyyyyrr,8208.0
8210,2,rrrrrrrrGG,8213.0
8215,3,rrrrrrrrrr,8218.0
8220,0,GGGGGGGGrr,8223.0
8225,1,yyyyyyyyrr,8226.0
8230,2,rrrrrrrrGG,8231.0
8235,3,rrrrrrrrrr,8236.0
8240,0,GGGGGGGGrr,8241.0
8245,2,rrrrrrrrGG,8249.0
8250,3,rrrrrrrrrr,8254.0
8255,0,GGGGGGGGrr,8259.0
8260,1,yyyyyyyyrr,8262.0
8265,2,rrrrrrrrGG,8267.0
8270,3,rrrrrrrrrr,8272.0
8275,0,GGGGGGGGrr,8277.0
8280,2,rrrrrrrrGG,8285.0
8285,3,rrrrrrrrrr,8290.0
8290,0,GGGGGGGGrr,8295.0
8295,1,yyyyyyyyrr,8298.0
8300,2,rrrrrrrrGG,8303.0
8305,3,rrrrrrrrrr,8308.0
8310,0,GGGGGGGGrr,8313.0
8315,1,yyyyyyyyrr,8316.0
8320,2,rrrrrrrrGG,8321.0
8325,3,rrrrrrrrrr,8326.0
8330,0,GGGGGGGGrr,8331.0
8335,2,rrrrrrrrGG,8339.0
8340,3,rrrrrrrrrr,8344.0
8345,0,GGGGGGGGrr,8349.0
8350,1,yyyyyyyyrr,8352.0
8355,2,rrrrrrrrGG,8357.0
8360,3,rrrrrrrrrr,8362.0
8365,0,GGGGGGGGrr,8367.0
8370,2,rrrrrrrrGG,8375.0
8375,3,rrrrrrrrrr,8380.0
8380,0,GGGGGGGGrr,8385.0
8385,1,yyyyyyyyrr,8388.0
8390,2,rrrrrrrrGG,8393.0
8395,3,rrrrrrrrrr,8398.0
8400,0,GGGGGGGGrr,8403.0
8405,1,yyyyyyyyrr,8406.0
8410,2,rrrrrrrrGG,8411.0
8415,3,rrrrrrrrrr,8416.0
8420,0,GGGGGGGGrr,8421.0
8425,2,rrrrrrrrGG,8429.0
8430,3,rrrrrrrrrr,8434.0
8435,0,GGGGGGGGrr,8439.0
8440,1,yyyyyyyyrr,8442.0
8445,2,rrrrrrrrGG,8447.0
8450,3,rrrrrrrrrr,8452.0
8455,0,GGGGGGGGrr,8457.0
8460,2,rrrrrrrrGG,8465.0
8465,3,rrrrrrrrrr,8470.0
8470,0,GGGGGGGGrr,8475.0
8475,1,yyyyyyyyrr,8478.0
8480,2,rrrrrrrrGG,8483.0
8485,3,rrrrrrrrrr,8488.0
8490,0,GGGGGGGGrr,8493.0
8495,1,yyyyyyyyrr,8496.0
8500,2,rrrrrrrrGG,8501.0
8505,3,rrrrrrrrrr,8506.0
8510,0,GGGGGGGGrr,8511.0
8515,2,rrrrrrrrGG,8519.0
8520,3,rrrrrrrrrr,8524.0
8525,0,GGGGGGGGrr,8529.0
8530,1,yyyyyyyyrr,8532.0
8535,2,rrrrrrrrGG,8537.0
8540,3,rrrrrrrrrr,8542.0
8545,0,GGGGGGGGrr,8547.0
8550,2,rrrrrrrrGG,8555.0
8555,3,rrrrrrrrrr,8560.0
8560,0,GGGGGGGGrr,8565.0
8565,1,yyyyyyyyrr,8568.0
8570,2,rrrrrrrrGG,8573.0
8575,3,rrrrrrrrrr,8578.0
8580,0,GGGGGGGGrr,8583.0
8585,1,yyyyyyyyrr,8586.0
8590,2,rrrrrrrrGG,8591.0
8595,3,rrrrrrrrrr,8596.0
8600,0,GGGGGGGGrr,8601.0
8605,2,rrrrrrrrGG,8609.0
8610,3,rrrrrrrrrr,8614.0
8615,0,GGGGGGGGrr,8619.0
8620,1,yyyyyyyyrr,8622.0
8625,2,rrrrrrrrGG,8627.0
8630,3,rrrrrrrrrr,8632.0
8635,0,GGGGGGGGrr,8637.0
8640,2,rrrrrrrrGG,8645.0
8645,3,rrrrrrrrrr,8650.0
8650,0,GGGGGGGGrr,8655.0
8655,1,yyyyyyyyrr,8658.0
8660,2,rrrrrrrrGG,8663.0
8665,3,rrrrrrrrrr,8668.0
8670,0,GGGGGGGGrr,8673.0
8675,1,yyyyyyyyrr,8676.0
8680,2,rrrrrrrrGG,8681.0
8685,3,rrrrrrrrrr,8686.0
8690,0,GGGGGGGGrr,8691.0
8695,2,rrrrrrrrGG,8699.0
8700,3,rrrrrrrrrr,8704.0
8705,0,GGGGGGGGrr,8709.0
8710,1,yyyyyyyyrr,8712.0
8715,2,rrrrrrrrGG,8717.0
8720,3,rrrrrrrrrr,8722.0
8725,0,GGGGGGGGrr,8727.0
8730,2,rrrrrrrrGG,8735.0
8735,3,rrrrrrrrrr,8740.0
8740,0,GGGGGGGGrr,8745.0
8745,1,yyyyyyyyrr,8748.0
8750,2,rrrrrrrrGG,8753.0
8755,3,rrrrrrrrrr,8758.0
8760,0,GGGGGGGGrr,8763.0
8765,1,yyyyyyyyrr,8766.0
8770,2,rrrrrrrrGG,8771.0
8775,3,rrrrrrrrrr,8776.0
8780,0,GGGGGGGGrr,8781.0
8785,2,rrrrrrrrGG,8789.0
8790,3,rrrrrrrrrr,8794.0
8795,0,GGGGGGGGrr,8799.0
8800,1,yyyyyyyyrr,8802.0
8805,2,rrrrrrrrGG,8807.0
8810,3,rrrrrrrrrr,8812.0
8815,0,GGGGGGGGrr,8817.0
8820,2,rrrrrrrrGG,8825.0
8825,3,rrrrrrrrrr,8830.0
8830,0,GGGGGGGGrr,8835.0
8835,1,yyyyyyyyrr,8838.0
8840,2,rrrrrrrrGG,8843.0
8845,3,rrrrrrrrrr,8848.0
8850,0,GGGGGGGGrr,8853.0
8855,1,yyyyyyyyrr,8856.0
8860,2,rrrrrrrrGG,8861.0
8865,3,rrrrrrrrrr,8866.0
8870,0,GGGGGGGGrr,8871.0
8875,2,rrrrrrrrGG,8879.0
8880,3,rrrrrrrrrr,8884.0
8885,0,GGGGGGGGrr,8889.0
8890,1,yyyyyyyyrr,8892.0
8895,2,rrrrrrrrGG,8897.0
8900,3,rrrrrrrrrr,8902.0
8905,0,GGGGGGGGrr,8907.0
8910,2,rrrrrrrrGG,8915.0
8915,3,rrrrrrrrrr,8920.0
8920,0,GGGGGGGGrr,8925.0
8925,1,yyyyyyyyrr,8928.0
8930,2,rrrrrrrrGG,8933.0
8935,3,rrrrrrrrrr,8938.0
8940,0,GGGGGGGGrr,8943.0
8945,1,yyyyyyyyrr,8946.0
8950,2,rrrrrrrrGG,8951.0
8955,3,rrrrrrrrrr,8956.0
8960,0,GGGGGGGGrr,8961.0
8965,2,rrrrrrrrGG,8969.0
8970,3,rrrrrrrrrr,8974.0
8975,0,GGGGGGGGrr,8979.0
8980,1,yyyyyyyyrr,8982.0
8985,2,rrrrrrrrGG,8987.0
8990,3,rrrrrrrrrr,8992.0
8995,0,GGGGGGGGrr,8997.0
9000,2,rrrrrrrrGG,9005.0
9005,3,rrrrrrrrrr,9010.0
9010,0,GGGGGGGGrr,9015.0
9015,1,yyyyyyyyrr,9018.0
9020,2,rrrrrrrrGG,9023.0
9025,3,rrrrrrrrrr,9028.0
9030,0,GGGGGGGGrr,9033.0
9035,1,yyyyyyyyrr,9036.0
9040,2,rrrrrrrrGG,9041.0
9045,3,rrrrrrrrrr,9046.0
9050,0,GGGGGGGGrr,9051.0
9055,2,rrrrrrrrGG,9059.0
9060,3,rrrrrrrrrr,9064.0
9065,0,GGGGGGGGrr,9069.0
9070,1,yyyyyyyyrr,9072.0
9075,2,rrrrrrrrGG,9077.0
9080,3,rrrrrrrrrr,9082.0
9085,0,GGGGGGGGrr,9087.0
9090,2,rrrrrrrrGG,9095.0
9095,3,rrrrrrrrrr,9100.0
9100,0,GGGGGGGGrr,9105.0
9105,1,yyyyyyyyrr,9108.0
9110,2,rrrrrrrrGG,9113.0
9115,3,rrrrrrrrrr,9118.0
9120,0,GGGGGGGGrr,9123.0
9125,1,yyyyyyyyrr,9126.0
9130,2,rrrrrrrrGG,9131.0
9135,3,rrrrrrrrrr,9136.0
9140,0,GGGGGGGGrr,9141.0
9145,2,rrrrrrrrGG,9149.0
9150,3,rrrrrrrrrr,9154.0
9155,0,GGGGGGGGrr,9159.0
9160,1,yyyyyyyyrr,9162.0
9165,2,rrrrrrrrGG,9167.0
9170,3,rrrrrrrrrr,9172.0
9175,0,GGGGGGGGrr,9177.0
9180,2,rrrrrrrrGG,9185.0
9185,3,rrrrrrrrrr,9190.0
9190,0,GGGGGGGGrr,9195.0
9195,1,yyyyyyyyrr,9198.0
9200,2,rrrrrrrrGG,9203.0
9205,3,rrrrrrrrrr,9208.0
9210,0,GGGGGGGGrr,9213.0
9215,1,yyyyyyyyrr,9216.0
9220,2,rrrrrrrrGG,9221.0
9225,3,rrrrrrrrrr,9226.0
9230,0,GGGGGGGGrr,9231.0
9235,2,rrrrrrrrGG,9239.0
9240,3,rrrrrrrrrr,9244.0
9245,0,GGGGGGGGrr,9249.0
9250,1,yyyyyyyyrr,9252.0
9255,2,rrrrrrrrGG,9257.0
9260,3,rrrrrrrrrr,9262.0
9265,0,GGGGGGGGrr,9267.0
9270,2,rrrrrrrrGG,9275.0
9275,3,rrrrrrrrrr,9280.0
9280,0,GGGGGGGGrr,9285.0
9285,1,yyyyyyyyrr,9288.0
9290,2,rrrrrrrrGG,9293.0
9295,3,rrrrrrrrrr,9298.0
9300,0,GGGGGGGGrr,9303.0
9305,1,yyyyyyyyrr,9306.0
9310,2,rrrrrrrrGG,9311.0
9315,3,rrrrrrrrrr,9316.0
9320,0,GGGGGGGGrr,9321.0
9325,2,rrrrrrrrGG,9329.0
9330,3,rrrrrrrrrr,9334.0
9335,0,GGGGGGGGrr,9339.0
9340,1,yyyyyyyyrr,9342.0
9345,2,rrrrrrrrGG,9347.0
9350,3,rrrrrrrrrr,9352.0
9355,0,GGGGGGGGrr,9357.0
9360,2,rrrrrrrrGG,9365.0
9365,3,rrrrrrrrrr,9370.0
9370,0,GGGGGGGGrr,9375.0
9375,1,yyyyyyyyrr,9378.0
9380,2,rrrrrrrrGG,9383.0
9385,3,rrrrrrrrrr,9388.0
9390,0,GGGGGGGGrr,9393.0
9395,1,yyyyyyyyrr,9396.0
9400,2,rrrrrrrrGG,9401.0
9405,3,rrrrrrrrrr,9406.0
9410,0,GGGGGGGGrr,9411.0
9415,2,rrrrrrrrGG,9419.0
9420,3,rrrrrrrrrr,9424.0
9425,0,GGGGGGGGrr,9429.0
9430,1,yyyyyyyyrr,9432.0
9435,2,rrrrrrrrGG,9437.0
9440,3,rrrrrrrrrr,9442.0
9445,0,GGGGGGGGrr,9447.0
9450,2,rrrrrrrrGG,9455.0
9455,3,rrrrrrrrrr,9460.0
9460,0,GGGGGGGGrr,9465.0
9465,1,yyyyyyyyrr,9468.0
9470,2,rrrrrrrrGG,9473.0
9475,3,rrrrrrrrrr,9478.0
9480,0,GGGGGGGGrr,9483.0
9485,1,yyyyyyyyrr,9486.0
9490,2,rrrrrrrrGG,9491.0
9495,3,rrrrrrrrrr,9496.0
9500,0,GGGGGGGGrr,9501.0
9505,2,rrrrrrrrGG,9509.0
9510,3,rrrrrrrrrr,9514.0
9515,0,GGGGGGGGrr,9519.0
9520,1,yyyyyyyyrr,9522.0
9525,2,rrrrrrrrGG,9527.0
9530,3,rrrrrrrrrr,9532.0
9535,0,GGGGGGGGrr,9537.0
9540,2,rrrrrrrrGG,9545.0
9545,3,rrrrrrrrrr,9550.0
9550,0,GGGGGGGGrr,9555.0
9555,1,yyyyyyyyrr,9558.0
9560,2,rrrrrrrrGG,9563.0
9565,3,rrrrrrrrrr,9568.0
9570,0,GGGGGGGGrr,9573.0
9575,1,yyyyyyyyrr,9576.0
9580,2,rrrrrrrrGG,9581.0
9585,3,rrrrrrrrrr,9586.0
9590,0,GGGGGGGGrr,9591.0
9595,2,rrrrrrrrGG,9599.0
9600,3,rrrrrrrrrr,9604.0
9605,0,GGGGGGGGrr,9609.0
9610,1,yyyyyyyyrr,9612.0
9615,2,rrrrrrrrGG,9617.0
9620,3,rrrrrrrrrr,9622.0
9625,0,GGGGGGGGrr,9627.0
9630,2,rrrrrrrrGG,9635.0
9635,3,rrrrrrrrrr,9640.0
9640,0,GGGGGGGGrr,9645.0
9645,1,yyyyyyyyrr,9648.0
9650,2,rrrrrrrrGG,9653.0
9655,3,rrrrrrrrrr,9658.0
9660,0,GGGGGGGGrr,9663.0
9665,1,yyyyyyyyrr,9666.0
9670,2,rrrrrrrrGG,9671.0
9675,3,rrrrrrrrrr,9676.0
9680,0,GGGGGGGGrr,9681.0
9685,2,rrrrrrrrGG,9689.0
9690,3,rrrrrrrrrr,9694.0
9695,0,GGGGGGGGrr,9699.0
9700,1,yyyyyyyyrr,9702.0
9705,2,rrrrrrrrGG,9707.0
9710,3,rrrrrrrrrr,9712.0
9715,0,GGGGGGGGrr,9717.0
9720,2,rrrrrrrrGG,9725.0
9725,3,rrrrrrrrrr,9730.0
9730,0,GGGGGGGGrr,9735.0
9735,1,yyyyyyyyrr,9738.0
9740,2,rrrrrrrrGG,9743.0
9745,3,rrrrrrrrrr,9748.0
9750,0,GGGGGGGGrr,9753.0
9755,1,yyyyyyyyrr,9756.0
9760,2,rrrrrrrrGG,9761.0
9765,3,rrrrrrrrrr,9766.0
9770,0,GGGGGGGGrr,9771.0
9775,2,rrrrrrrrGG,9779.0
9780,3,rrrrrrrrrr,9784.0
9785,0,GGGGGGGGrr,9789.0
9790,1,yyyyyyyyrr,9792.0
9795,2,rrrrrrrrGG,9797.0
9800,3,rrrrrrrrrr,9802.0
9805,0,GGGGGGGGrr,9807.0
9810,2,rrrrrrrrGG,9815.0
9815,3,rrrrrrrrrr,9820.0
9820,0,GGGGGGGGrr,9825.0
9825,1,yyyyyyyyrr,9828.0
9830,2,rrrrrrrrGG,9833.0
9835,3,rrrrrrrrrr,9838.0
9840,0,GGGGGGGGrr,9843.0
9845,1,yyyyyyyyrr,9846.0
9850,2,rrrrrrrrGG,9851.0
9855,3,rrrrrrrrrr,9856.0
9860,0,GGGGGGGGrr,9861.0
9865,2,rrrrrrrrGG,9869.0
9870,3,rrrrrrrrrr,9874.0
9875,0,GGGGGGGGrr,9879.0
9880,1,yyyyyyyyrr,9882.0
9885,2,rrrrrrrrGG,9887.0
9890,3,rrrrrrrrrr,9892.0
9895,0,GGGGGGGGrr,9897.0
9900,2,rrrrrrrrGG,9905.0
9905,3,rrrrrrrrrr,9910.0
9910,0,GGGGGGGGrr,9915.0
9915,1,yyyyyyyyrr,9918.0
9920,2,rrrrrrrrGG,9923.0
9925,3,rrrrrrrrrr,9928.0
9930,0,GGGGGGGGrr,9933.0
9935,1,yyyyyyyyrr,9936.0
9940,2,rrrrrrrrGG,9941.0
9945,3,rrrrrrrrrr,9946.0
9950,0,GGGGGGGGrr,9951.0
9955,2,rrrrrrrrGG,9959.0
9960,3,rrrrrrrrrr,9964.0
9965,0,GGGGGGGGrr,9969.0
9970,1,yyyyyyyyrr,9972.0
9975,2,rrrrrrrrGG,9977.0
9980,3,rrrrrrrrrr,9982.0
9985,0,GGGGGGGGrr,9987.0
9990,2,rrrrrrrrGG,9995.0
9995,3,rrrrrrrrrr,10000.0
